specimen,lost_V0only,lost_V1only,uncovered_V0,uncovered_V1,dev_p99_V0,dev_p99_V1,floor_p99,nonmanif_V0,nonmanif_V1,open_V0,open_V1,debris_V0,debris_V1,gap,thr_V0,thr_V1,verdict_V2,worse_lost,worse_fidelity,worse_nonmanif,worse_open,worse_debris,worse_abort
Acromyrmex_cf.coronatus_CASENT0744044,0.02098929545931575,0.003498215909885958,5.681102637654796,5.663611558105367,0.14152505529990844,0.13060499825871344,0.1382236727791237,11773,4075,9870,13421,0.08406893652795291,0.8403779709452261,1.030576066682452,2.87311376953125,0.9833727121353149,preserved,False,False,False,True,False,False
Allomerus_decemarticulatus_CASENT0745025,0.1377624478211781,0.0010358078783547229,0.21441223081942762,0.06214847270128337,0.10129191834085025,0.10170465590864454,0.1016214825077512,48,67,2975,902,0.147618998461872,0.2885071269330482,1.8088800562082166,3.3085693359375,0.8568946123123169,preserved,False,False,True,False,False,False
Atta_sp._CASENT0744324,0.7371874740426946,0.0,0.9957222360661185,0.08306337735692333,0.10737279534262004,0.10776682023011847,0.10768815153365469,552,410,14928,6318,1.1655512210252557,2.079746944396626,1.7996021556274728,4.53726123046875,0.8590496063232421,preserved,False,False,False,False,False,False
Bothriomyrmex_meridionalis_CASENT0745153,0.5069987876115949,0.0011021712774165107,0.5532899812630883,0.01983908299349719,0.09201412502305294,0.09450229020895463,0.09322062034611554,1316,567,8076,6869,0.46115178668997925,2.1918517479801958,1.8115448613712206,6.304765625,0.8549267649650574,preserved,False,False,False,False,True,False
Bothroponera_soror_CASENT0744928,0.5801207809397749,0.0,0.6876654533421576,0.024818001323626736,0.09750953182634173,0.09904676869512301,0.09833620927797543,10043,667,18843,29316,0.3794534576618337,4.560007761715339,2.37036188447588,14.411447265625,1.6346530437469482,preserved,False,False,False,True,True,False
Calyptomyrmex_brunneus_CASENT0745550,0.31209417284571234,0.0010472958820325919,0.4807088098529597,0.08378367056260735,0.13206306396423972,0.13249192617098504,0.13246310162112226,77,89,5854,3377,0.5503136253379353,0.4050260521872443,2.0235934798036728,3.2195512695312503,0.8581090450286865,preserved,False,False,True,False,False,False
Camponotus_lateralis_CASENT0878124,1.3115498071250282,0.036305877013841616,2.0104379396414798,0.7034263671431813,0.218401428122001,0.24238883180105578,0.21501113834402621,15012,3632,20406,32545,0.7183287245074318,20.007436049970256,1.1857407362678807,8.395357421875,1.2233367919921874,fused,False,False,False,True,True,False
Carebara_trechideros_CASENT0877591,0.3170012791279684,0.0,0.4059840943217841,0.06117568544574829,0.11471148112708944,0.117312752017983,0.11402756409496527,4258,1005,5830,7188,0.11925754533315665,3.144041206643607,1.9049545854220125,6.34117919921875,1.190127110481262,preserved,False,False,False,True,True,False
Cephalotes_depressus_CASENT0744250,0.26085012297220084,0.007452860656348595,7.765880803915236,7.507514967828485,0.14703161662007316,0.14650176108597177,0.14603225721412666,2531,1411,5886,7300,0.3020472088600515,3.2405275277370733,1.1924435059599214,1.4965640869140626,1.1214104890823364,preserved,False,False,False,True,True,False
Cephalotes_minutus_CASENT0709253,1.9258838793383068,1.2467564060979566,90.5003243593902,89.8171423937723,5.545097620910237,5.609862504756179,0.1391154047943989,6664,2638,8384,7528,0.7903658152002523,1.8473029377109418,0.8656702988611963,1.5374860839843751,0.9985613822937012,fused,True,False,False,False,True,False
Cylindromyrmex_striatus_CASENT0741379,0.058525981355294514,0.0,0.44312528740437274,0.3845993060490782,0.12760959775781952,0.1257688195338977,0.12169014994574684,2125,894,4146,3593,0.17557313529221827,0.6558404155340198,0.3419637272798915,1.765248291015625,1.2096298456192016,fused,False,False,False,False,False,False
Discothyrea_patrizii_CASENT0744990,0.5747126436781609,16.302830496896252,67.93489560129497,83.68380409278565,0.5577030967928936,2.265295141916056,0.056673338201781616,1640,762,2248,2233,0.28753623188405797,1.6495016267070062,0.57044568286719,0.6023170776367187,0.6023170776367187,fused,True,True,False,False,True,False
Eburopone_afrc-za02_CASENT0744705,0.19189552908338733,0.0024921497283556795,2.3675422419378958,2.178138862582864,0.0660962814308337,0.08418690603443105,0.0639092816811663,1429,775,2060,2649,0.1801382997268871,2.371274827625928,0.49764640569494445,0.7937559204101563,0.7937559204101563,fused,False,False,False,True,True,False
Holcoponera_relicta_CASENT0744313,0.05200795947901592,0.0,0.6896707670043415,0.6376628075253257,0.06561248098644734,0.07043157278311443,0.06231623063841404,1995,758,2450,2495,0.22360506838154998,1.7555606362478362,0.8988115242200496,0.7685220947265625,0.7685220947265625,preserved,False,False,False,True,True,False
Labidus_praedator_CASENT0744237,0.47689800613496935,0.0071894171779141106,11.507860429447852,11.040548312883436,0.10134031957328316,0.1030233539229331,0.10112052567341241,4742,2368,8930,11162,0.7753450542228065,6.363772327151526,0.7520857706365076,2.33437060546875,1.1202225923538207,fused,False,False,False,True,True,False
Lasius_orientalis_OKENT0105323,0.2978262551249323,0.007735746886361879,13.997833990871818,13.688404115417343,0.11512220777168904,0.1171775132805381,0.1103526963835499,10316,5331,12290,19081,0.7481246941078937,5.417407695338708,0.5690726232387636,2.66058984375,1.167133069038391,fused,False,False,False,True,True,False
Leptogenys_peuqueti_CASENT0741327,1.4891132059731376,0.004171185450905147,11.787770084257946,10.277800951030283,0.10247233954407683,0.09590465287479076,0.09900911411459287,7561,7982,8112,24674,0.6023705498118268,10.455792140359693,0.8317354912356685,4.44102685546875,1.078025186061859,fused,False,False,True,True,True,False
Megalomyrmex_aff.goeldii_CASENT0744251,0.7465572112667679,0.023794652151928854,5.044466256208917,4.306832039499123,0.12211953844232498,0.12578748816218566,0.11581357973186339,7652,5475,17387,21679,2.5331259052625934,8.61645448937244,1.0597498763559714,1.687179931640625,1.0780799031257629,fused,False,False,False,True,True,False
Megalomyrmex_drifti_CASENT0744171,0.14502912668294216,0.0,11.599912982523989,11.454883855841048,0.07639646240761427,0.07549801564548436,0.0737572551927317,4026,1701,6500,6261,0.3936254819647046,3.0713890426120645,0.7892618659240355,2.026868408203125,1.1328783988952635,fused,False,False,False,False,True,False
Myrmica_kotokui_OKENT0105275,0.7473804439588816,0.049659830163380846,8.206286934498683,7.488702388637831,0.11272108338164498,0.10281402964065599,0.10388980474235132,10417,5090,23079,19397,4.115067647966153,7.591214141827622,0.444773901470898,1.8805108642578126,1.0240261316299437,fused,False,False,False,False,True,False
Myrmoteras_sp._CASENT0745083,0.9182930552619836,0.0,1.2259564574085817,0.27008619272411283,0.12025024047505888,0.12079411843812388,0.12147289972095505,6882,2727,8864,22156,0.6565247273883652,12.14436779294023,3.9205351835842426,14.195308593750001,2.3279335498809814,preserved,False,False,False,True,True,False
Neivamyrmex_cf.diana_CASENT0744104,0.0034360128506880617,0.0034360128506880617,25.268438503960006,25.26328448468397,0.05164788170516342,0.05242202061118808,0.048788541088497894,4412,1464,3731,2568,0.21904605443294453,0.9523984291848644,0.9391623580381627,0.6909935913085937,0.6909935913085937,preserved,False,False,False,False,False,False
Neivamyrmex_nigrescens_CASENT0741443,0.046030477021101336,0.0,18.925794025728614,18.879763548707512,0.08134721931423859,0.08231265706357452,0.08055504282685692,1333,764,3418,3551,0.11961358729257686,1.3160034144953456,1.0533943098287752,2.18653759765625,1.1398998498916626,fused,False,False,False,True,True,False
Ocymyrmex_sp._CASENT0744842,0.8338314405260012,0.002988643156007173,5.514046622833233,4.656306037059175,0.09739000892043835,0.09594853397726255,0.09959800377491163,11049,4739,12662,21199,0.6754390353729924,10.11132043158075,0.807585133258929,3.33717626953125,1.158308959007263,fused,False,False,False,True,True,False
Odontomachus_hastatus_CASENT0745037,0.16736743274686697,0.004082132506021146,9.23378372861983,9.074580560885007,0.12173880235513751,0.11842270033220814,0.1252495602231877,7947,7474,5367,22793,0.024387626693720674,2.096900234436051,0.40337623250092997,5.47134375,1.010142731666565,fused,False,False,False,True,True,False
Oxyepoecus_myops_CASENT0744239,0.1162438087536642,1.955928434246437,49.553556386670714,51.41177263384885,0.7394753139808107,0.8605451417548058,0.04770893921663239,3190,1202,4030,3261,0.4337806696489087,0.8279708279708279,0.5306933875786146,0.6692679443359375,0.6692679443359375,fused,True,True,False,False,False,False
Pheidole_gertrudae_CASENT0744265,0.15281994093715798,0.01652107469590897,6.141709518204159,6.007475786299899,0.07791307183880301,0.07366093121347123,0.07120600703888758,9153,4021,9442,7717,0.4920847224163057,1.122622723730917,0.7209418742607715,1.11114990234375,1.0398812055587767,fused,False,False,False,False,False,False
Pheidole_megacephala_OKENT0105126,0.2366751869733977,0.05364637571397014,3.2250938811574996,3.0578434156962984,0.1479510894982684,0.12200380952357077,0.12486607480451942,21424,8883,20312,16744,0.9504477158901199,2.371302515848048,0.4974328762927072,1.436500732421875,1.0675849199295044,fused,False,False,False,False,True,False
Pheidole_sp._CASENT0744267,0.5437256587931819,0.19472965454453492,4.453492488999039,4.132315006828183,0.13768298154397973,0.11152590193816732,0.11291114443914156,18130,6925,14072,10004,0.7706648945988851,6.0844334832438705,0.4358730933421458,1.298729248046875,1.0443057775497435,fused,False,False,False,False,True,False
Psalidomyrmex_sallyae_CASENT0744986,7.080310232674505,0.015636727545659243,9.131848886664999,2.0734300725544155,0.17885282270668562,0.1791276281411826,0.18174333315287586,2452,3592,11594,21606,0.8733960274213394,13.051495117365198,0.8919011852467708,3.3504287109375,1.1677151441574096,fused,False,False,True,True,True,False
Sericomyrmex_cf.mayri_CASENT0744449,0.010703773080010703,0.0026759432700026757,7.671929355097672,7.653197752207654,0.11892433843990047,0.11821229566067473,0.11880791713041136,2385,1115,4892,3686,0.10057933698101063,1.5682016948641395,1.1502814755204416,1.42778564453125,1.1185345888137816,preserved,False,False,False,False,True,False
Strongylognathus_destefanii_CASENT0745219,0.3424840798416011,0.029432225611387596,5.201476962594317,4.893776422111628,0.11744797205432876,0.11169352126823899,0.10554818366033496,4485,1998,7627,7227,1.1122956645344704,4.517806188247002,0.7360216737504108,0.900725341796875,0.900725341796875,fused,False,False,False,False,True,False
Strumigenys_appretiata_CASENT0744350,0.008218817805246893,0.0,43.643566309422056,43.63205996449471,0.0693631202403354,0.06983979287435803,0.06311437326465566,2140,915,2257,1918,0.23700694091755545,1.617841963347196,0.5659699222786776,0.63914697265625,0.63914697265625,fused,False,False,False,False,True,False
Strumigenys_incerta_OKENT0105329,0.03535720599501071,0.03535720599501071,27.89879981928539,27.892906951619555,0.04804752457571838,0.04785857617031737,0.043854333028640044,2741,1113,3237,2645,0.33963756484518576,2.1575635319139606,0.38941085116332413,0.5853755493164062,0.5700924682617188,fused,False,False,False,False,True,False
Strumigenys_lewisi_OKENT0105441,0.017094666464063213,0.005698222154687737,21.410120042546726,21.39872359823735,0.057104060166384675,0.058024265346049146,0.05424723537089109,2813,1101,3117,2617,0.4950827751517731,0.8186612231011312,0.5437784709547014,0.7429605712890626,0.7429605712890626,fused,False,False,False,False,False,False
Strumigenys_sp._mandibularis_group_CASENT0744058,0.14669352788154985,0.003911827410174663,32.60312555010073,32.458387935924264,0.07867199304929365,0.11813095060024277,0.07764357252004586,2778,1545,4038,4300,0.6517807377748456,1.78821458575029,0.8021960187713408,1.07530224609375,0.9943907260894775,fused,False,False,False,True,True,False
Temnothorax_kubira_OKENT0105406,0.4514446227929374,0.14797351524879615,4.807885232744783,4.516954253611557,0.10055610718411531,0.0952473074944998,0.08914020116019018,7845,3210,10335,8578,1.871998909136952,6.858447304094867,0.5017495438268252,0.8496064453125001,0.8496064453125001,fused,False,False,False,False,True,False
Temnothorax_nylanderi_CASENT0878032,0.4062176165803109,0.0,0.6756476683937824,0.26113989637305696,0.24054707911468406,0.24242855005844088,0.2361865983379969,1024,1254,9766,12920,0.5103552731223865,6.6602548689588845,1.8007378738458566,3.725435791015625,1.2122246503829956,preserved,False,False,True,True,True,False
Trachymyrmex_carinatus_CASENT0709287,2.4938644983762615,0.7932769776147153,58.88098366345225,57.17791715213565,1.387249858141116,1.3357020426353778,0.13059465342926954,17447,6491,17050,17307,0.3813566944289543,2.9902689881108615,0.6321781122205481,1.5354459228515625,0.9727601051330566,fused,False,False,False,True,True,False
