arm,metric,control,arm_val,rel,wins,n,p
A1_offset,chamfer_l2,0.0024823476630262483,0.002465278755407738,-0.6876114843166331,28,50,0.47988766169832786
A1_offset,fscore@0.01,0.2726381371170282,0.2720649614930153,-0.2102331060767186,25,50,1.0
A1_offset,fscore@0.02,0.5616250535845757,0.5615151771903037,-0.019564012248113702,28,50,0.47988766169832786
A1_offset,hausdorff_95,0.07721978776156899,0.07676259450614449,-0.5920674851247292,30,50,0.20263875106454066
A1_offset,normal_consistency,0.6894034993648529,0.6872583627700806,-0.3111583559911628,24,50,0.887724827340783
A1_offset,edge_logratio_absmean,0.0,1.1656332149501124e-13,11.656332149501123,0,50,1.7763568394002505e-15
A1_offset,tri_quality_mean,0.7295354247093201,0.7286373913288117,-0.12309661054019536,20,50,0.20263875106454066
A1_offset,deform_mag_mean,0.0,0.0,0.0,0,50,1.7763568394002505e-15
A1_offset,deform_mag_p95,0.0,0.0,0.0,0,50,1.7763568394002505e-15
A1_offset,midline_dev_mean,0.031235918123274996,0.03129901592619712,0.20200399639633526,20,50,0.20263875106454066
A1_offset,part_leg_distal_dist_mean,0.04610030675306911,0.045148859247565225,-2.0638637191278604,22,50,0.47988766169832786
A1_offset,chamfer_l2,0.00040320283180330394,0.0011140154453459581,176.29157230882174,0,50,1.7763568394002505e-15
A1_offset,fscore@0.01,0.6615910685062408,0.37856068775057794,-42.780260228462446,0,50,1.7763568394002505e-15
A1_offset,fscore@0.02,0.9228403961658478,0.713573357462883,-22.67640640485462,0,50,1.7763568394002505e-15
A1_offset,hausdorff_95,0.03177629409357901,0.05426050927489991,70.75782693349592,0,50,1.7763568394002505e-15
A1_offset,normal_consistency,0.7847785115242004,0.7040368163585663,-10.28846916421225,0,50,1.7763568394002505e-15
A1_offset,edge_logratio_absmean,0.585228705406189,0.20146972090005874,-65.57419022006437,50,50,1.7763568394002505e-15
A1_offset,tri_quality_mean,0.6461913955211639,0.7222220766544342,11.765969287138624,50,50,1.7763568394002505e-15
A1_offset,deform_mag_mean,0.05210933651775118,0.005831112246960349,-88.80985129054164,50,50,1.7763568394002505e-15
A1_offset,deform_mag_p95,0.11934373617172238,0.01690990094095464,-85.83092713179225,50,50,1.7763568394002505e-15
A1_offset,midline_dev_mean,0.0369353748299181,0.03164314547553653,-14.328348848788492,40,50,2.3861331676755526e-05
A1_offset,part_leg_distal_dist_mean,0.009220938170328688,0.04342505342327053,370.93964429015585,0,50,1.7763568394002505e-15
A2_restedge,chamfer_l2,0.0024823476630262483,0.004489109499845606,80.8412885068841,1,50,9.059419880941277e-14
A2_restedge,fscore@0.01,0.2726381371170282,0.20537832155823707,-24.669995280107713,4,50,4.461782054931973e-10
A2_restedge,fscore@0.02,0.5616250535845757,0.43780663698911665,-22.046455336165423,2,50,2.2666313270747196e-12
A2_restedge,hausdorff_95,0.07721978776156899,0.11106104515492912,43.82459259977936,1,50,9.059419880941277e-14
A2_restedge,normal_consistency,0.6894034993648529,0.7062992489337921,2.4507780399259333,32,50,0.06490864707227217
A2_restedge,edge_logratio_absmean,0.0,0.0,0.0,0,50,1.7763568394002505e-15
A2_restedge,tri_quality_mean,0.7295354247093201,0.7946595072746276,8.926788248996498,49,50,9.059419880941277e-14
A2_restedge,deform_mag_mean,0.0,0.0,0.0,0,50,1.7763568394002505e-15
A2_restedge,deform_mag_p95,0.0,0.0,0.0,0,50,1.7763568394002505e-15
A2_restedge,midline_dev_mean,0.031235918123274996,0.0315257044602185,0.9277343338862629,31,50,0.11892045255943628
A2_restedge,part_leg_distal_dist_mean,0.04610030675306911,0.02998541921377178,-34.95613950090457,40,50,2.3861331676755526e-05
A2_restedge,chamfer_l2,0.00040320283180330394,0.0013730923499678683,240.54630554585154,3,50,3.708322537931963e-11
A2_restedge,fscore@0.01,0.6615910685062408,0.39225874170660974,-40.70978881370485,0,50,1.7763568394002505e-15
A2_restedge,fscore@0.02,0.9228403961658478,0.7092946994304657,-23.140046493670546,0,50,1.7763568394002505e-15
A2_restedge,hausdorff_95,0.03177629409357901,0.0599262278154492,88.58784362356633,3,50,3.708322537931963e-11
A2_restedge,normal_consistency,0.7847785115242004,0.7946612989902496,1.2593091325655967,32,50,0.06490864707227217
A2_restedge,edge_logratio_absmean,0.585228705406189,0.18095312789082527,-69.07992956942839,50,50,1.7763568394002505e-15
A2_restedge,tri_quality_mean,0.6461913955211639,0.8017711472511292,24.076419588386337,50,50,1.7763568394002505e-15
A2_restedge,deform_mag_mean,0.05210933651775118,0.06425501815974709,23.308071937598683,4,50,4.461782054931973e-10
A2_restedge,deform_mag_p95,0.11934373617172238,0.13843028113245961,15.99291724294092,8,50,1.163555804595262e-06
A2_restedge,midline_dev_mean,0.0369353748299181,0.035105641018599226,-4.9538790920492515,34,50,0.015346677832630107
A2_restedge,part_leg_distal_dist_mean,0.009220938170328688,0.019072040468454312,106.83405652535822,1,50,9.059419880941277e-14
A3_priors,chamfer_l2,0.0024823476630262483,0.0028650694177485463,15.417733795657849,7,50,2.098677427397888e-07
A3_priors,fscore@0.01,0.2726381371170282,0.24754830606281758,-9.2026124149128,9,50,5.614100093254137e-06
A3_priors,fscore@0.02,0.5616250535845757,0.5202656587958336,-7.3642360725704465,5,50,4.209852022540872e-09
A3_priors,hausdorff_95,0.07721978776156899,0.08333000198006627,7.912757073723924,13,50,0.000936222910851825
A3_priors,normal_consistency,0.6894034993648529,0.681491584777832,-1.1476464210435053,19,50,0.11892045255943628
A3_priors,edge_logratio_absmean,0.0,0.0,0.0,0,50,1.7763568394002505e-15
A3_priors,tri_quality_mean,0.7295354247093201,0.7343132174015046,0.6549089366128614,29,50,0.3222363203575469
A3_priors,deform_mag_mean,0.0,0.0,0.0,0,50,1.7763568394002505e-15
A3_priors,deform_mag_p95,0.0,0.0,0.0,0,50,1.7763568394002505e-15
A3_priors,midline_dev_mean,0.031235918123274996,0.03440451875329013,10.144093147537907,22,50,0.47988766169832786
A3_priors,part_leg_distal_dist_mean,0.04610030675306911,0.0367796142213046,-20.218287443264796,41,50,5.614100093254137e-06
A3_priors,chamfer_l2,0.00040320283180330394,0.00038398107019015635,-4.767268493504017,27,50,0.6718110337653656
A3_priors,fscore@0.01,0.6615910685062408,0.6624291461706161,0.12667608501218713,28,50,0.47988766169832786
A3_priors,fscore@0.02,0.9228403961658478,0.9239814043045044,0.1236408964535936,29,50,0.3222363203575469
A3_priors,hausdorff_95,0.03177629409357901,0.030089434981346096,-5.308545758080357,29,50,0.3222363203575469
A3_priors,normal_consistency,0.7847785115242004,0.7898103451728821,0.6411788262273374,30,50,0.20263875106454066
A3_priors,edge_logratio_absmean,0.585228705406189,0.5364146560430527,-8.341021025134534,45,50,4.209852022540872e-09
A3_priors,tri_quality_mean,0.6461913955211639,0.6320977580547332,-2.1810314349732414,11,50,9.021490107130603e-05
A3_priors,deform_mag_mean,0.05210933651775118,0.05528186898678537,6.088222727404275,12,50,0.00030586400160359517
A3_priors,deform_mag_p95,0.11934373617172238,0.12596052363514898,5.544310640526903,17,50,0.032839137564268484
A3_priors,midline_dev_mean,0.0369353748299181,0.03961788939312096,7.262724625058813,22,50,0.47988766169832786
A3_priors,part_leg_distal_dist_mean,0.009220938170328688,0.009140189029276317,-0.875715025434721,21,50,0.3222363203575469
A4_nofreeze,chamfer_l2,0.0024823476630262483,0.002476482725469344,-0.23626575930108912,28,50,0.47988766169832786
A4_nofreeze,fscore@0.01,0.2726381371170282,0.27227899253368376,-0.1317294004209631,23,50,0.6718110337653656
A4_nofreeze,fscore@0.02,0.5616250535845757,0.563104496896267,0.26342188658537613,30,50,0.20263875106454066
A4_nofreeze,hausdorff_95,0.07721978776156899,0.07730155445635316,0.10588826666499425,23,50,0.6718110337653656
A4_nofreeze,normal_consistency,0.6894034993648529,0.6887136423587799,-0.10006578247827451,25,50,1.0
A4_nofreeze,edge_logratio_absmean,0.0,7.770887232305681e-14,7.770887232305681,0,50,1.7763568394002505e-15
A4_nofreeze,tri_quality_mean,0.7295354247093201,0.7316228806972503,0.28613497264497184,27,50,0.6718110337653656
A4_nofreeze,deform_mag_mean,0.0,0.0,0.0,0,50,1.7763568394002505e-15
A4_nofreeze,deform_mag_p95,0.0,0.0,0.0,0,50,1.7763568394002505e-15
A4_nofreeze,midline_dev_mean,0.031235918123274996,0.03205878423526878,2.6343586531374927,23,50,0.6718110337653656
A4_nofreeze,part_leg_distal_dist_mean,0.04610030675306911,0.04830584401264782,4.784213847739827,17,50,0.032839137564268484
A4_nofreeze,chamfer_l2,0.00040320283180330394,0.00040322178771015594,0.004701332756075056,35,50,0.006600447966810918
A4_nofreeze,fscore@0.01,0.6615910685062408,0.6665402311086654,0.7480697424757407,35,50,0.006600447966810918
A4_nofreeze,fscore@0.02,0.9228403961658478,0.9255594134330749,0.29463570066080275,39,50,9.021490107130603e-05
A4_nofreeze,hausdorff_95,0.03177629409357901,0.0312424661405384,-1.6799566099549637,34,50,0.015346677832630107
A4_nofreeze,normal_consistency,0.7847785115242004,0.7930573678016662,1.0549290221232035,40,50,2.3861331676755526e-05
A4_nofreeze,edge_logratio_absmean,0.585228705406189,0.569295369386673,-2.722582790676665,39,50,9.021490107130603e-05
A4_nofreeze,tri_quality_mean,0.6461913955211639,0.6555037665367126,1.441116529882563,40,50,2.3861331676755526e-05
A4_nofreeze,deform_mag_mean,0.05210933651775118,0.03985806789249177,-23.510697782250354,50,50,1.7763568394002505e-15
A4_nofreeze,deform_mag_p95,0.11934373617172238,0.09309139139950272,-21.99725399431561,50,50,1.7763568394002505e-15
A4_nofreeze,midline_dev_mean,0.0369353748299181,0.03808090858161445,3.101454247967825,18,50,0.06490864707227217
A4_nofreeze,part_leg_distal_dist_mean,0.009220938170328688,0.008449488105252341,-8.366286062681462,27,50,0.6718110337653656
A5_robust,chamfer_l2,0.0024823476630262483,0.0038873894035350116,56.60132788289024,4,50,4.461782054931973e-10
A5_robust,fscore@0.01,0.2726381371170282,0.3084507623314858,13.135589023979374,48,50,2.2666313270747196e-12
A5_robust,fscore@0.02,0.5616250535845757,0.5969687634706498,6.293114892298634,43,50,2.098677427397888e-07
A5_robust,hausdorff_95,0.07721978776156899,0.10689803399145599,38.43347293460581,4,50,4.461782054931973e-10
A5_robust,normal_consistency,0.6894034993648529,0.7207909905910492,4.552847679924469,43,50,2.098677427397888e-07
A5_robust,edge_logratio_absmean,0.0,3.8854436161528405e-14,3.8854436161528403,0,50,1.7763568394002505e-15
A5_robust,tri_quality_mean,0.7295354247093201,0.7522885251045227,3.1188479167049765,42,50,1.163555804595262e-06
A5_robust,deform_mag_mean,0.0,0.0,0.0,0,50,1.7763568394002505e-15
A5_robust,deform_mag_p95,0.0,0.0,0.0,0,50,1.7763568394002505e-15
A5_robust,midline_dev_mean,0.031235918123274996,0.029355342909693664,-6.020553665492685,32,50,0.06490864707227217
A5_robust,part_leg_distal_dist_mean,0.04610030675306911,0.04694859664887186,1.8400959896603681,29,50,0.3222363203575469
A5_robust,chamfer_l2,0.00040320283180330394,0.0007483259608852181,85.59541278081173,4,50,4.461782054931973e-10
A5_robust,fscore@0.01,0.6615910685062408,0.6842800426483154,3.429455931632832,39,50,9.021490107130603e-05
A5_robust,fscore@0.02,0.9228403961658478,0.9277268242835999,0.5294987235115168,25,50,1.0
A5_robust,hausdorff_95,0.03177629409357901,0.027138970531523185,-14.59365761234865,28,50,0.47988766169832786
A5_robust,normal_consistency,0.7847785115242004,0.8153435635566711,3.894736104976702,46,50,4.461782054931973e-10
A5_robust,edge_logratio_absmean,0.585228705406189,0.5573666620254517,-4.760881194532571,38,50,0.00030586400160359517
A5_robust,tri_quality_mean,0.6461913955211639,0.667941484451294,3.3658895925958014,43,50,2.098677427397888e-07
A5_robust,deform_mag_mean,0.05210933651775118,0.0446020774170756,-14.406744745203474,47,50,3.708322537931963e-11
A5_robust,deform_mag_p95,0.11934373617172238,0.10331461451947685,-13.431054001063861,45,50,4.209852022540872e-09
A5_robust,midline_dev_mean,0.0369353748299181,0.033728408776223615,-8.682641149237716,30,50,0.20263875106454066
A5_robust,part_leg_distal_dist_mean,0.009220938170328688,0.030442063445225313,230.14063081868352,5,50,4.209852022540872e-09
E1_posebudget,chamfer_l2,0.0024823476630262483,0.007816101550124533,214.86731952957766,1,50,9.059419880941277e-14
E1_posebudget,fscore@0.01,0.2726381371170282,0.15271902978420254,-43.98471490469116,2,50,2.2666313270747196e-12
E1_posebudget,fscore@0.02,0.5616250535845757,0.31751380369067195,-43.465163873197504,2,50,2.2666313270747196e-12
E1_posebudget,hausdorff_95,0.07721978776156899,0.13681449629366393,77.17543683923785,1,50,9.059419880941277e-14
E1_posebudget,normal_consistency,0.6894034993648529,0.6348348188400269,-7.915347191451877,11,50,9.021490107130603e-05
E1_posebudget,edge_logratio_absmean,0.0,0.0,0.0,0,50,1.7763568394002505e-15
E1_posebudget,tri_quality_mean,0.7295354247093201,0.8451598596572876,15.849050098407352,50,50,1.7763568394002505e-15
E1_posebudget,deform_mag_mean,0.0,0.0,0.0,0,50,1.7763568394002505e-15
E1_posebudget,deform_mag_p95,0.0,0.0,0.0,0,50,1.7763568394002505e-15
E1_posebudget,midline_dev_mean,0.031235918123274996,0.033770403033122384,8.114008046005582,27,50,0.6718110337653656
E1_posebudget,part_leg_distal_dist_mean,0.04610030675306911,0.02879965463653202,-37.52827981998195,41,50,5.614100093254137e-06
E1_posebudget,chamfer_l2,0.00040320283180330394,0.006121799689717544,1418.2928274970643,0,50,1.7763568394002505e-15
E1_posebudget,fscore@0.01,0.6615910685062408,0.19239606440067292,-70.91918655495465,0,50,1.7763568394002505e-15
E1_posebudget,fscore@0.02,0.9228403961658478,0.3764042881131172,-59.21241748003584,0,50,1.7763568394002505e-15
E1_posebudget,hausdorff_95,0.03177629409357901,0.12273363225162026,286.24275029465576,0,50,1.7763568394002505e-15
E1_posebudget,normal_consistency,0.7847785115242004,0.6772796535491943,-13.697986934693763,4,50,4.461782054931973e-10
E1_posebudget,edge_logratio_absmean,0.585228705406189,0.040478979609906623,-93.08322041675275,50,50,1.7763568394002505e-15
E1_posebudget,tri_quality_mean,0.6461913955211639,0.8444602990150452,30.682690123669527,50,50,1.7763568394002505e-15
E1_posebudget,deform_mag_mean,0.05210933651775118,0.018283545542508318,-64.91311007782816,50,50,1.7763568394002505e-15
E1_posebudget,deform_mag_p95,0.11934373617172238,0.04296488214284178,-63.99904718781379,50,50,1.7763568394002505e-15
E1_posebudget,midline_dev_mean,0.0369353748299181,0.03491409235633905,-5.472483988133409,31,50,0.11892045255943628
E1_posebudget,part_leg_distal_dist_mean,0.009220938170328688,0.02780309464782472,201.5213217162093,0,50,1.7763568394002505e-15
E3_robust,chamfer_l2,0.0024823476630262483,0.03768310490529979,1418.0429982631686,0,50,1.7763568394002505e-15
E3_robust,fscore@0.01,0.2726381371170282,0.2231934093683958,-18.135660796136982,9,50,5.614100093254137e-06
E3_robust,fscore@0.02,0.5616250535845757,0.38571559950709344,-31.321511202968203,3,50,3.708322537931963e-11
E3_robust,hausdorff_95,0.07721978776156899,0.3592759773135185,365.2641346531538,0,50,1.7763568394002505e-15
E3_robust,normal_consistency,0.6894034993648529,0.636468003988266,-7.6784488946284135,12,50,0.00030586400160359517
E3_robust,edge_logratio_absmean,0.0,0.028615933135151813,2861593313515.1816,0,50,1.7763568394002505e-15
E3_robust,tri_quality_mean,0.7295354247093201,0.8575259017944336,17.5441072153467,50,50,1.7763568394002505e-15
E3_robust,deform_mag_mean,0.0,0.0015437325392849222,154373253928.49222,0,50,1.7763568394002505e-15
E3_robust,deform_mag_p95,0.0,0.005192459435202127,519245943520.2127,0,50,1.7763568394002505e-15
E3_robust,midline_dev_mean,0.031235918123274996,0.056708479225635496,81.54894311419167,13,50,0.000936222910851825
E3_robust,part_leg_distal_dist_mean,0.04610030675306911,0.023727603144943668,-48.53048750299407,40,50,2.3861331676755526e-05
E3_robust,chamfer_l2,0.00040320283180330394,0.03768310490529979,9245.942498544619,0,50,1.7763568394002505e-15
E3_robust,fscore@0.01,0.6615910685062408,0.2231934093683958,-66.2641441225936,0,50,1.7763568394002505e-15
E3_robust,fscore@0.02,0.9228403961658478,0.38571559950709344,-58.203433539513505,0,50,1.7763568394002505e-15
E3_robust,hausdorff_95,0.03177629409357901,0.3592759773135185,1030.6415286979939,0,50,1.7763568394002505e-15
E3_robust,normal_consistency,0.7847785115242004,0.636468003988266,-18.89839048315634,4,50,4.461782054931973e-10
E3_robust,edge_logratio_absmean,0.585228705406189,0.028615933135151813,-95.11029912378591,50,50,1.7763568394002505e-15
E3_robust,tri_quality_mean,0.6461913955211639,0.8575259017944336,32.70463019745069,50,50,1.7763568394002505e-15
E3_robust,deform_mag_mean,0.05210933651775118,0.0015437325392849222,-97.03751257756004,50,50,1.7763568394002505e-15
E3_robust,deform_mag_p95,0.11934373617172238,0.005192459435202127,-95.64915629196723,50,50,1.7763568394002505e-15
E3_robust,midline_dev_mean,0.0369353748299181,0.056708479225635496,53.53432714906578,19,50,0.11892045255943628
E3_robust,part_leg_distal_dist_mean,0.009220938170328688,0.023727603144943668,157.32309126333342,7,50,2.098677427397888e-07
baseline,chamfer_l2,0.0024823476630262483,0.0032159664621576206,29.553426772681707,8,50,1.163555804595262e-06
baseline,fscore@0.01,0.2726381371170282,0.25107222363352777,-7.910086868794999,8,50,1.163555804595262e-06
baseline,fscore@0.02,0.5616250535845757,0.5230990073084831,-6.859744954419542,10,50,2.3861331676755526e-05
baseline,hausdorff_95,0.07721978776156899,0.09111421629786488,17.993352402130004,12,50,0.00030586400160359517
baseline,normal_consistency,0.6894034993648529,0.6690280306339264,-2.9555215123899,12,50,0.00030586400160359517
baseline,edge_logratio_absmean,0.0,1.1656330848458518e-13,11.656330848458518,0,50,1.7763568394002505e-15
baseline,tri_quality_mean,0.7295354247093201,0.7279528295993805,-0.21693190711993748,27,50,0.6718110337653656
baseline,deform_mag_mean,0.0,0.0,0.0,0,50,1.7763568394002505e-15
baseline,deform_mag_p95,0.0,0.0,0.0,0,50,1.7763568394002505e-15
baseline,midline_dev_mean,0.031235918123274996,0.03171950193122024,1.548165819942472,30,50,0.20263875106454066
baseline,part_leg_distal_dist_mean,0.04610030675306911,0.015441972883418153,-66.50353550401236,50,50,1.7763568394002505e-15
baseline,chamfer_l2,0.00040320283180330394,0.0008165682412799881,102.52046261746825,4,50,4.461782054931973e-10
baseline,fscore@0.01,0.6615910685062408,0.6067249789834023,-8.293051725537023,6,50,3.243740565039843e-08
baseline,fscore@0.02,0.9228403961658478,0.8837139189243317,-4.239788093806211,6,50,3.243740565039843e-08
baseline,hausdorff_95,0.03177629409357901,0.053266127146780445,67.62850629856038,3,50,3.708322537931963e-11
baseline,normal_consistency,0.7847785115242004,0.7601588714122772,-3.137145035237451,10,50,2.3861331676755526e-05
baseline,edge_logratio_absmean,0.585228705406189,0.5560951799154281,-4.97814362514744,40,50,2.3861331676755526e-05
baseline,tri_quality_mean,0.6461913955211639,0.6830367696285248,5.701928927355566,49,50,9.059419880941277e-14
baseline,deform_mag_mean,0.05210933651775118,0.04306044466793532,-17.3652025804621,50,50,1.7763568394002505e-15
baseline,deform_mag_p95,0.11934373617172238,0.09927533373236652,-16.81563111976945,48,50,2.2666313270747196e-12
baseline,midline_dev_mean,0.0369353748299181,0.0353908564522862,-4.1816778216069554,31,50,0.11892045255943628
baseline,part_leg_distal_dist_mean,0.009220938170328688,0.008013117462396573,-13.098674836446442,43,50,2.098677427397888e-07
