name,radial_med,radial_p90,yaw_deg,in_bench50,keep_top50,keep_top25
Leptogenys_peuqueti_CASENT0741327_processed.obj,0.0754050044579043,0.1050179879966477,0.0006446764359031,False,True,True
Neivamyrmex_nigrescens_CASENT0741290_processed.obj,0.0897697185479138,0.1409322773851745,0.3685243015933369,False,True,True
Pseudomyrmex_gracilis_CASENT0709535_processed.obj,0.0987046450444759,0.1353541379983436,0.4666069791525347,False,True,True
Orectognathus_versicolor_CASENT0741227_processed.obj,0.0991530520265917,0.1506353818913685,3.893754962040196,False,True,True
Sphinctomyrmex_stali_CASENT0790135_processed.obj,0.1050417292396814,0.1347900992515585,0.6976838609097706,False,True,True
Pseudomyrmex_triplarinus_CASENT0741218_processed.obj,0.1054621752098521,0.1426359853692783,0.296977663963572,False,True,True
Strumigenys_aff.trudifera_CASENT0744341_processed.obj,0.1073931443491768,0.3127647389601226,0.3570580205326049,False,True,True
Odontomachus_hastatus_CASENT0745036_processed.obj,0.1078141836956053,0.2001342915030384,0.0817265639386221,False,True,True
Stigmatomma_sp._CASENT0745539_processed.obj,0.1097336962252345,0.1664498966791406,1.0977893087394743,False,True,True
Odontomachus_brunneus_CASENT0744576_processed.obj,0.1121182728573466,0.2026496536087982,1.3143254963885165,False,True,True
Aenictus_lifuiae_OKENT0105003_processed.obj,0.1143638951189795,0.1997938572541914,0.6065496475323253,False,True,True
Neivamyrmex_cf.hetschkoi_CASENT0744509_processed.obj,0.1234566118525046,0.2851643875130953,0.34378170073397,False,True,True
Gigantiops_destructor_CASENT0745031_processed.obj,0.1278263796659463,0.2259792714966392,0.5044301648886548,False,True,True
Odontomachus_sp._CASENT0744608_processed.obj,0.1288995745803899,0.2408212760694338,0.0018879459719594,False,True,True
Prionopelta_antillana_CASENT0744466_processed.obj,0.1310168856357345,0.2222629719266806,0.1473200765999771,False,True,True
Leptogenys_gaigei_CASENT0878112_processed.obj,0.1323636560481167,0.3496558931719976,0.1354455616177049,False,True,True
Eciton_hamatum_CASENT0744582_processed.obj,0.1330004029710038,0.2620613471890338,7.488056644742892,False,True,True
Tetramorium_immigrans_CASENT0741336_processed.obj,0.1334512805356546,0.1756262562757057,0.290784917343629,False,True,True
Dorymyrmex_sp.1_insanus_group_CASENT0741329_processed.obj,0.1337920184946646,0.2200088132991882,0.1480189330113419,False,True,True
Dorylus_nigricans_molestus_CASENT0744683_processed.obj,0.1346233058888154,0.3242121579643385,1.4924596657683276,False,True,True
Odontomachus_hastatus_CASENT0745037_processed.obj,0.1367740736159521,0.2234472428175277,0.2688243552737472,False,True,True
Lasius_orientalis_OKENT0105323_processed.obj,0.1367796271913206,0.2822444254290104,4.836820068331876,False,True,True
Ponera_tamon_OKENT0105154_processed.obj,0.1368469801594105,0.2537928171528243,0.2268652037691317,True,True,True
Zasphinctus_sarowiwai_CASENT0254678_processed.obj,0.1368840188837169,0.2171914543113838,0.3396327501715766,False,True,True
Paratrechina_longicornis_CASENT0877617_processed.obj,0.1377813126582935,0.2671419428176678,1.1769538277147915,False,True,True
Probolomyrmex_sp._CASENT0744993_processed.obj,0.1388216295250191,0.2459446258991073,0.0762603585807379,False,True,True
Mycetophylax_morschi_CASENT0745099_processed.obj,0.1393942303998369,0.2493281564713836,0.2739684692367843,False,True,True
Strumigenys_aff.trudifera_CASENT0744220_processed.obj,0.139557466666462,0.3220336702506639,2.1862796565603064,False,True,True
Aphaenogaster_gonacantha_CASENT0745599_processed.obj,0.1400165529749997,0.2479681075946045,0.2000193789123056,False,True,True
Strumigenys_hispida_OKENT0105261_processed.obj,0.1407832645951599,0.2532357458863013,2.0603726500461828,False,True,True
Megaponera_analis_CASENT0744961_processed.obj,0.1422958578374225,0.2531053585289416,0.7234691066497427,False,True,True
Strumigenys_sp._CASENT0744896_processed.obj,0.1424183916354711,0.2621826185419748,0.5188767687428653,False,True,True
Pheidole_sp._CASENT0744854_processed.obj,0.1430422088482573,0.2961997500478877,1.368466956844503,False,True,True
Messor_decipiens_CASENT0744827_processed.obj,0.1437285156333447,0.2175542557481351,0.7097111785853608,False,True,True
Fulakora_elongata_CASENT0744292_processed.obj,0.1437594466374157,0.2765159029123967,1.269277864798692,False,True,True
Neivamyrmex_cf.hetschkoi_CASENT0744507_processed.obj,0.1439808657533595,0.2890389963539245,3.630199304833264,False,True,True
Neoponera_verenae_CASENT0745073_processed.obj,0.1444472767494304,0.2539676841494755,0.2065677378558053,False,True,True
Ponera_tamon_OKENT0105153_processed.obj,0.1453851957377564,0.2985437645509525,4.363345911972764,False,True,True
Strumigenys_denticulata_CASENT0744012_processed.obj,0.1464817843918344,0.2967818889452014,1.546363328848072,False,True,True
Pheidole_afrc-063_CASENT0744859_processed.obj,0.1477018523285135,0.3461960978664753,3.700549008294661,False,True,True
Apomyrma_stygia_CASENT0744662_processed.obj,0.1477695122667103,0.2558199014016198,0.2616655788750515,False,True,True
Gigantiops_destructor_CASENT0745032_processed.obj,0.1481900362393615,0.2712747081855721,0.3001065146955193,False,True,True
Trichomyrmex_destructor_OKENT0105257_processed.obj,0.1489194850981937,0.303316326138634,0.3546502112843702,False,True,True
Myrmoteras_sp._CASENT0745082_processed.obj,0.1490722797581648,0.3163178731450334,0.2343906077878465,False,True,True
Strumigenys_stenorhina_OKENT0105267_processed.obj,0.1497960810178647,0.3863121030363373,0.1963587442617491,False,True,True
Cephalotes_pallens_CASENT0744464_processed.obj,0.150516649212754,0.2572034014181613,1.0002756609375558,False,True,True
Strumigenys_denticulata_CASENT0878101_processed.obj,0.1510757613487671,0.2860684540863704,0.2572708695955402,False,True,True
Apomyrma_stygia_CASENT0744661_processed.obj,0.1513915104851134,0.2911895763696009,0.0822254013487813,False,True,True
Aphaenogaster_gonacantha_CASENT0745600_processed.obj,0.151431131737055,0.2822679827576253,6.426653826652266,False,True,True
Neivamyrmex_cf.hetschkoi_CASENT0744510_processed.obj,0.1515191666637017,0.2866961305640408,0.6365883188295545,False,True,True
Carebara_affinis_CASENT0741335_processed.obj,0.1522869320015958,0.2650238467960963,1.016101751551158,False,True,True
Myrmoteras_sp._CASENT0745623_processed.obj,0.152963231285288,0.3328229337220079,0.5291665667847553,False,True,True
Dorylus_afrc-gh01_CASENT0744686_processed.obj,0.1534531403543403,0.2473822518537555,0.131240486091192,False,True,True
Camponotus_fulvopilosus_CASENT0744733_processed.obj,0.1550781822536936,0.2876389641096019,0.1423258976473346,False,True,True
Acanthostichus_aff.brevicornis_CASENT0744327_processed.obj,0.1554174137592385,0.2844764729465495,0.8616681829203238,False,True,True
Pseudomyrmex_cf.solis_CASENT0744065_processed.obj,0.1555043426587077,0.2803811846358398,0.1366242132640319,True,True,True
Labidus_praedator_CASENT0744236_processed.obj,0.1560153549400113,0.3424682864412855,5.258285009194972,True,True,True
Acropyga_butteli_CASENT0878079_processed.obj,0.1565094213235206,0.3587515252833175,2.1545858117842056,False,True,True
Pseudomyrmex_termitarius_CASENT0744247_processed.obj,0.1567111352569872,0.2812794973693011,0.504840983328711,False,True,True
Dorylus_fulvus_CASENT0745670_processed.obj,0.1570071342377942,0.3121726350528265,1.6341551054160917,False,True,True
Leptogenys_intermedia_CASENT0744955_processed.obj,0.1570519199361866,0.424210781936568,0.3880616034784883,False,True,True
Dorylus_fulvus_CASENT0745677_processed.obj,0.1574971584769353,0.2295120006502286,0.0409459565155711,False,True,True
Neivamyrmex_cf.diana_CASENT0744107_processed.obj,0.1580848875152729,0.4546966924388697,2.9872565407249434,False,True,True
Nomamyrmex_esenbeckii_CASENT0744586_processed.obj,0.1585500932833026,0.2513018327161641,0.2399503383496041,False,True,True
Megaponera_analis_CASENT0744960_processed.obj,0.158757278887803,0.2731641874322064,7.7799132768595936,False,True,True
Cerapachys_sulcinodis_CASENT0745635_processed.obj,0.1589747909488736,0.2780520582707403,0.1247500184423133,False,True,True
Dolichoderus_sibiricus_OKENT0105316_processed.obj,0.1591189516314982,0.2693869082447316,1.1572787066014778,False,True,True
Myrmelachista_nodigera_CASENT0709257_processed.obj,0.1597107040311346,0.2546806400191209,0.4212042396701743,False,True,True
Poneracantha_triangularis_CASENT0744645_processed.obj,0.1600581494930463,0.2603905900255619,5.206034741853946,False,True,True
Pheidole_megacephala_CASENT0744846_processed.obj,0.1601460631042865,0.3021702807718606,2.080137051922564,False,True,True
Typhlomyrmex_rogenhoferi_CASENT0744314_processed.obj,0.1610946487666514,0.2720791567183842,0.1283444399171358,False,True,True
Temnothorax_crassispinus_CASENT0745822_processed.obj,0.1612815306354769,0.2831561936158959,1.4922408893315202,False,True,True
Strumigenys_minutula_OKENT0105207_processed.obj,0.1615760030466493,0.3821577782568556,0.6503597387987903,False,True,True
Temnothorax_OK01_OKENT0105230_processed.obj,0.1623466235569938,0.3635263743772743,0.5760686632900398,False,True,True
Camponotus_vestitus_strophiatus_CASENT0744750_processed.obj,0.1624983995729979,0.2388369753371905,1.9278077657115684,False,True,True
Parasyscia_sp._CASENT0878063_processed.obj,0.1626014310536334,0.2405976624545804,0.6742279168271341,False,True,True
Dorylus_fulvus_CASENT0745674_processed.obj,0.1634978609991252,0.3030485928870967,0.6820985456273299,False,True,True
Colobopsis_shohki_OKENT0105043_processed.obj,0.1635816462390876,0.2530139894911306,0.627996322871839,False,True,True
Eciton_hamatum_CASENT0744580_processed.obj,0.1636794496755853,0.2910535385396711,0.899178774155638,True,True,True
Procryptocerus_hirsutus_CASENT0744064_processed.obj,0.1639544729731344,0.2747100317034875,2.1686276601175907,False,True,True
Euprenolepis_cf.wittei_CASENT0878049_processed.obj,0.1647153412148086,0.3114421295245629,2.8986096362532567,False,True,True
Streblognathus_peetersi_CASENT0744989_processed.obj,0.1648812837118221,0.2818184043950232,0.5774826824032043,False,True,True
Mycetagroicus_inflatus_CASENT0745121_processed.obj,0.1649830352959188,0.3258929615223389,1.451704986367927,False,True,True
Crematogaster_evallans_CASENT0744252_processed.obj,0.1653293134055943,0.2566014409989435,0.933962324638344,False,True,True
Leptogenys_cf.binghamii_CASENT0877639_processed.obj,0.1655626738026321,0.3237101952335364,0.9366051196861938,False,True,True
Strumigenys_kumadori_OKENT0105284_processed.obj,0.1657073185003814,0.3446571432111557,0.3924245557292169,False,True,True
Odontomachus_bauri_CASENT0878072_processed.obj,0.1661259995379351,0.2783676846447584,1.8240621859958888,False,True,True
Anochetus_horridus_CASENT0744281_processed.obj,0.1662354603015899,0.3701298385901472,4.587235585056441,False,True,True
Leptogenys_gaigei_CASENT0878114_processed.obj,0.1663250771402346,0.4145813901791634,0.6935423720251979,False,True,True
Dorylus_fulvus_CASENT0745675_processed.obj,0.1669829769334854,0.2797927214874797,0.2444527623782766,False,True,True
Temnothorax_affinis_CASENT0745855_processed.obj,0.1670360179244553,0.2661762820184065,0.5573172712389407,False,True,True
Hypoponera_sp._CASENT0744201_processed.obj,0.1673453071314588,0.4367121128480968,0.5928056024526733,False,True,True
Tetramorium_tsushimae_OKENT0105377_processed.obj,0.1675527952747948,0.2840193913641464,0.3395621527340969,False,True,True
Neoponera_commutata_CASENT0744610_processed.obj,0.1677975567233452,0.2993706352972303,4.392792372108508,False,True,True
Microdaceton_tibialis_CASENT0745552_processed.obj,0.1681253706977688,0.3601916867195447,1.3842457530712242,False,True,True
Lasius_fuliginosus_CASENT0745541_processed.obj,0.1685521347232622,0.2667238817615515,3.503964627692225,False,True,True
Tetramorium_weitzeckeri_CASENT0744903_processed.obj,0.1691939306752652,0.390044061419375,1.4082095405370292,False,True,True
Acanthostichus_aff.brevicornis_CASENT0744328_processed.obj,0.169298445908847,0.2919518201342334,0.2661365431673974,True,True,True
Leptogenys_birmana_CASENT0741330_processed.obj,0.1692994217206423,0.2825812089023183,1.1231360034675384,False,True,True
Polyergus_rufescens_CASENT0745190_processed.obj,0.1701687482745634,0.3985378510447979,0.4793928104569842,False,True,True
Leptogenys_intermedia_CASENT0744954_processed.obj,0.170217276565065,0.394534529207862,8.492408537732244,False,True,True
Solenopsis_invicta_CASENT0744090_processed.obj,0.1703640180986815,0.3448210916036165,1.3879694130161788,False,True,True
Neivamyrmex_cf.hetschkoi_CASENT0744506_processed.obj,0.1706274707363256,0.333208342229541,0.252136116623426,False,True,True
Cephalotes_pusillus_CASENT0744050_processed.obj,0.1712279637223884,0.2736503639385343,0.9157816067657494,False,True,True
Polyrhachis_illaudata_CASENT0877572_processed.obj,0.1713247557434219,0.2829659183304795,1.0049795571493434,False,True,True
Formica_cf.fusca_CASENT0878143_processed.obj,0.1720483406619802,0.3272859820000411,1.1520047159067148,False,True,True
Probolomyrmex_sp._CASENT0744992_processed.obj,0.1721302866076039,0.3102757586086379,0.1070218346723827,False,True,True
Strongylognathus_testaceus_CASENT0745197_processed.obj,0.1724175463213773,0.3328224342708549,0.623630190269967,False,True,True
Acropyga_sauteri_CASENT0878081_processed.obj,0.1737328162283612,0.3130918971018558,1.3450974193928924,False,True,True
Cataglyphis_iberica_CASENT0745158_processed.obj,0.1743178063582937,0.4945069806394602,4.378230882686692,False,True,True
Dorylus_fulvus_CASENT0745678_processed.obj,0.1748192965583895,0.2816082089003229,1.003123259206814,True,True,True
Pheidole_sp._CASENT0744267_processed.obj,0.175090180914085,0.3151979426259795,0.6313331084085757,False,True,True
Cladomyrma_sp._CASENT0745080_processed.obj,0.1753581322069317,0.2852856238671977,2.209268422764892,False,True,True
Tetramorium_tsushimae_OKENT0105378_processed.obj,0.1756572209760892,0.3064247078240084,0.3114404610909465,False,True,True
Tetraponera_hespera_CASENT0840869-D4_processed.obj,0.1756847071564209,0.290952506334278,2.1722173792927437,False,True,True
Centromyrmex_brachycola_CASENT0744052_processed.obj,0.1757597353315199,0.303584688861901,1.357966327409826,True,True,True
Tetramorium_caespitum_CASENT0745052_processed.obj,0.1757782702322959,0.3067267748519006,2.243498872228041,False,True,True
Strumigenys_precava_CASENT0744056_processed.obj,0.1759174038896139,0.4750870174548086,1.2147957795027329,False,True,True
Myrmoteras_sp._CASENT0745083_processed.obj,0.1769513566362627,0.3448404967889451,0.0521431000594869,False,True,True
Dolichoderus_quadripunctatus_CASENT0745213_processed.obj,0.1770020183780418,0.3286460581981514,0.2029287693471162,False,True,True
Prionopelta_antillana_CASENT0744467_processed.obj,0.1771838778172566,0.314162001445109,0.0670032783349841,False,True,True
Lasius_orientalis_OKENT0105322_processed.obj,0.1779330994119649,0.3417330533455781,1.91542890347935,False,True,True
Aenictus_ceylonicus_CASENT0878084_processed.obj,0.1780119187591354,0.4115400121904932,9.539495859310556,False,True,True
Recurvidris_kemneri_CASENT0745633_processed.obj,0.178052538534555,0.3699144485623724,4.513327741651612,False,True,True
Lophomyrmex_sp._CASENT0745631_processed.obj,0.1781436330202471,0.3590785716298207,4.027179699651249,False,True,True
Solenopsis_afrc-za01_CASENT0744870_processed.obj,0.1782448307764391,0.4057967205944892,0.0976500543671219,False,True,True
Neivamyrmex_nigrescens_CASENT0741443_processed.obj,0.1786895292398517,0.5633587280221125,2.9269540127730056,False,True,True
Pheidole_nodus_CASENT0877547_processed.obj,0.1787959843297815,0.4206570140603384,2.878050525650026,False,True,True
Dorylus_fulvus_CASENT0745672_processed.obj,0.1795538446995532,0.3368505893825524,0.2817810953459018,False,True,True
Temnothorax_congruus_OKENT0105443_processed.obj,0.1795613991312802,0.2796698345280923,0.2655046646940976,True,True,True
Strumigenys_stenorhina_OKENT0105268_processed.obj,0.1806369118409366,0.3837693421477689,0.2687228553983277,True,True,True
Pheidole_selathorax_CASENT0877568_processed.obj,0.1809531410409863,0.3770274174776793,12.924205006865249,False,True,True
Cardiocondyla_afrc-za03_CASENT0744789_processed.obj,0.1820218053116233,0.2784618528017402,0.2297456360090127,False,True,True
Daceton_armigerum_CASENT0709536_processed.obj,0.1828282888206167,0.2989208293741838,0.6786443517591889,False,True,True
Formicoxenus_nitidulus_CASENT0745167_processed.obj,0.1829475465550624,0.2741174220835644,1.733374051414755,False,True,True
Strumigenys_lewisi_OKENT0105442_processed.obj,0.1829807841435254,0.3485139016735074,0.1332084875378635,False,True,True
Neoponera_goeldii_CASENT0745033_processed.obj,0.1831723996213969,0.3557984890736687,0.6885677518605822,False,True,True
Neivamyrmex_cf.diana_CASENT0744105_processed.obj,0.1833913800106585,0.4120619693569192,0.6389946503672096,False,True,True
Tetramorium_pacificum_CASENT0745543_processed.obj,0.1836460659478176,0.2881428871441367,1.2996554511498932,False,True,True
Platythyrea_schultzei_CASENT0744982_processed.obj,0.1837848913554896,0.3861275458371045,1.675502580876992,False,True,True
Dolichoderus_quadripunctatus_CASENT0878130_processed.obj,0.1838783088765359,0.3262536431186449,0.4534704610871579,False,True,True
Monomorium_gabrielense_CASENT0744837_processed.obj,0.1838901807923993,0.3363547511025949,0.1913140043024781,False,True,True
Liometopum_microcephalum_CASENT0878045_processed.obj,0.1839224345907593,0.3475275536416705,1.2739938303102585,False,True,True
Cephalotes_minutus_CASENT0709253_processed.obj,0.1839363758326037,0.2822901715378988,0.7341809738094968,True,True,True
Tetraponera_merita_CASENT0840853-D4_processed.obj,0.1841514653182144,0.3469711987765853,0.4922097824679527,False,True,True
Pheidole_capellinii_CASENT0877637_processed.obj,0.1842580099237407,0.3757470706887361,5.375406496185438,False,True,True
Bothriomyrmex_meridionalis_CASENT0745154_processed.obj,0.1843123568870528,0.3332299558096307,1.2676814738621462,False,True,True
Aenictus_ceylonicus_CASENT0878083_processed.obj,0.184473123962033,0.5175437881339907,2.956744657334048,False,True,True
Ponera_kohmoku_OKENT0105440_processed.obj,0.1846896836727732,0.3604354675333716,0.355985957457084,True,True,True
Pheidole_aurivillii_CASENT0744851_processed.obj,0.1850509511703084,0.4232345857429315,1.1401168494338187,False,True,True
Pheidole_pieli_OKENT0105141_processed.obj,0.1851292795726462,0.5043698682992558,1.354898539553989,False,True,True
Dolichoderus_quadripunctatus_CASENT0878128_processed.obj,0.1855056860814709,0.3181833125970896,3.357571027145908,False,True,True
Dorylus_fulvus_CASENT0745671_processed.obj,0.1856911345796837,0.3394608390795155,1.0546058179869138,False,True,True
Lepisiota_nigra_CASENT0878133_processed.obj,0.1857218906459407,0.401435890769942,7.022556779099246,False,True,True
Cephalotes_pusillus_CASENT0744051_processed.obj,0.1859450120051616,0.2955719578858904,0.8722360787771157,False,True,True
Axinidris_acholli_CASENT0745567_processed.obj,0.1865327379678529,0.3527938581515391,0.1933192102762659,False,True,True
Tapinoma_simrothi_CASENT0745226_processed.obj,0.1865619369371196,0.400215786854165,0.8163327710270517,False,True,True
Formica_japonica_OKENT0105382_processed.obj,0.1865686478056374,0.3868984093248586,0.7280667331023971,False,True,True
Pheidole_obscurithorax_CASENT0744317_processed.obj,0.1877030509478046,0.5212456123852989,2.133875829480722,False,True,True
Syllophopsis_sechellensis_OKENT0105212_processed.obj,0.1880071982953153,0.3058658841760893,7.782065094032953,True,True,True
Pseudoneoponera_rufipes_CASENT0877628_processed.obj,0.1881255171291804,0.2985281927981835,0.4522124820807565,False,True,True
Dolichoderus_quadripunctatus_CASENT0878131_processed.obj,0.1881835749044585,0.2695272198665185,0.2602771172676381,False,True,True
Ooceraea_biroi_CASENT0741391_processed.obj,0.1889513893334367,0.3728971526465986,3.915931028658261,False,True,True
Stigmatomma_silvestrii_OKENT0105191_processed.obj,0.188979354416263,0.3737710747705725,1.0111379101737743,False,True,True
Temnothorax_indra_OKENT0105228_processed.obj,0.1890916150198617,0.3843763436943311,0.5213030596711454,False,True,True
Anochetus_risii_CASENT0877608_processed.obj,0.1891042089849165,0.3645348016400287,0.8957336786651088,True,True,True
Tetramorium_sericeiventre_CASENT0744911_processed.obj,0.1897328594438517,0.4617606904768943,13.792677975598805,False,True,True
Protalaridris_armata_CASENT0745595_processed.obj,0.1899865519908703,0.321333695767548,1.0160659032713997,False,True,True
Pheidole_nodus_OKENT0105130_processed.obj,0.1908577432473745,0.5522823885974505,6.6154177332689885,False,True,True
Anochetus_sp._CASENT0744922_processed.obj,0.1917050317045587,0.430982007290877,4.706472781909209,False,True,True
Tetramorium_aculeatum_CASENT0744907_processed.obj,0.1918798513069997,0.3475872980899841,78.44555052803989,False,True,True
Strumigenys_auctidens_CASENT0878106_processed.obj,0.1919216010247021,0.3372677524546786,1.40652281531302,False,True,True
Microdaceton_exornatum_CASENT0744836_processed.obj,0.1921101806397316,0.3438640400474757,0.2133790346856316,False,True,True
Formica_fusca_CASENT0877632_processed.obj,0.1922142468549216,0.3691035930599688,0.8289216862527202,False,True,True
Neivamyrmex_aff.pacificus_CASENT0744549_processed.obj,0.1924414596496692,0.4031642365860748,2.3186743127689278,False,True,True
Myrmica_kotokui_OKENT0105275_processed.obj,0.192469283373245,0.3266436387608932,0.9148914917232104,False,True,True
Strumigenys_kumadori_OKENT0105283_processed.obj,0.1928816575703353,0.36173369157388,2.377449086446817,False,True,True
Nomamyrmex_esenbeckii_CASENT0744589_processed.obj,0.1930480021532412,0.336833255548761,89.07163748997283,False,True,True
Fulakora_armigera_CASENT0744229_processed.obj,0.1932249216734974,0.3290922983642639,3.428861208330241,False,True,True
Strumigenys_zeteki_CASENT0744209_processed.obj,0.193727012458598,0.3008667567279113,0.9748248519169976,False,True,True
Cryptopone_sauteri_OKENT0105281_processed.obj,0.1937663862707384,0.3468217978347824,0.0422616251971364,False,True,True
Goniomma_hispanicum_CASENT0745173_processed.obj,0.1939788200089829,0.4495213648679416,4.400135389181381,False,True,True
Aphaenogaster_subterranea_CASENT0745050_processed.obj,0.1940719667271829,0.4135575664468695,7.371331174764599,False,True,True
Tapinoma_nigerrimum_CASENT0745201_processed.obj,0.1945630752982823,0.3729159432213081,0.4515826914407411,False,True,True
Dorylus_nigricans_molestus_CASENT0744684_processed.obj,0.1949870959038433,0.360925600334975,1.3936395418228331,False,True,True
Strongylognathus_testaceus_CASENT0745198_processed.obj,0.1952191464406563,0.3333166084762268,3.3692352620043398,False,True,True
Pheidole_parva_OKENT0105133_processed.obj,0.1952685088915444,0.312926295441729,1.0886668082727915,False,True,True
Crematogaster_sp._CASENT0877556_processed.obj,0.1953893028557489,0.3651576646481381,1.2282364591481825,False,True,True
Euponera_brunoi_CASENT0744938_processed.obj,0.1954548984686305,0.374818530847545,0.7066587724815617,False,True,True
Dorylus_sp._CASENT0744699_processed.obj,0.1955021641440336,0.3670701420270707,0.2284547265891298,False,True,True
Aenictus_afrc-gh01_CASENT0744679_processed.obj,0.1956355668385148,0.4240892782724907,2.832784280195682,False,True,False
Terataner_luteus_CASENT0744901_processed.obj,0.1957439691492524,0.3737050097789891,4.957933522794105,False,True,False
Messor_striatifrons_CASENT0744833_processed.obj,0.1960749379350428,0.4215926716570332,2.1527247735426114,False,True,False
Streblognathus_peetersi_CASENT0744988_processed.obj,0.1964664968851825,0.3578457978198431,0.1892721049831728,False,True,False
Technomyrmex_andrei_CASENT0745548_processed.obj,0.1967281971301009,0.3668590912939727,5.437820007632071,False,True,False
Formica_sanguinea_CASENT0878137_processed.obj,0.1968649533262697,0.4547436628641214,1.545091108569504,False,True,False
Leptogenys_gaigei_CASENT0878113_processed.obj,0.1971470220248877,0.3818889405962917,0.2109193999628454,False,True,False
Iridomyrmex_anceps_CASENT0878091_processed.obj,0.1973193963107558,0.3710652696114003,0.8194096152867213,False,True,False
Polyergus_rufescens_CASENT0878121_processed.obj,0.1973414134770532,0.5299053802152883,1.158625547057673,False,True,False
Formica_lemani_OKENT0105351_processed.obj,0.1974266523684097,0.3631226646894624,2.2343186666198496,False,True,False
Lasius_nr._fuliginosus_CASENT0878037_processed.obj,0.1979432844114589,0.341147262679186,0.7328699836016374,True,True,False
Pheidole_gertrudae_CASENT0744265_processed.obj,0.1980785648585316,0.4186388155180056,0.1147835169829513,False,True,False
Neoponera_obscuricornis_CASENT0744592_processed.obj,0.19824358423119,0.3987162260123797,0.4528963564528423,False,True,False
Typhlomyrmex_rogenhoferi_CASENT0745146_processed.obj,0.1982723350877065,0.3917694865476978,0.61943236809449,False,True,False
Manica_yessensis_OKENT0105371_processed.obj,0.1983952996276051,0.3877047391823008,6.182212503502479,False,True,False
Bothriomyrmex_corsicus_CASENT0745215_processed.obj,0.1987682164356564,0.3828959484105973,6.884081288713059,False,True,False
Pheidole_pieli_OKENT0105142_processed.obj,0.1987767134641634,0.4180870360338849,3.981469537673039,False,True,False
Dorylus_afrc-gh01_CASENT0744687_processed.obj,0.198834704082703,0.3283283890693987,1.3172562832657824,False,True,False
Holcoponera_striatula_CASENT0744117_processed.obj,0.1988539608159505,0.3546392646771515,0.0814381261966699,False,True,False
Megaponera_analis_CASENT0745092_processed.obj,0.1990828775814768,0.334648580640861,0.468124057670193,False,True,False
Rasopone_ferruginea_CASENT0744068_processed.obj,0.1992583277918612,0.3362738833251676,0.1883595699195911,False,True,False
Camponotus_hyatti_CASENT0741281_processed.obj,0.1993084226584682,0.2672904922498968,0.0856277220986424,False,True,False
Carebara_diversa_CASENT0745681_processed.obj,0.1995910988504317,0.5326519284578153,0.0250023090333234,False,True,False
Crematogaster_stollii_CASENT0744210_processed.obj,0.1998316815750412,0.3549821286524643,0.1602636806929605,False,True,False
Bothriomyrmex_meridionalis_CASENT0745153_processed.obj,0.2000347849321477,0.3538648551791643,0.0196459304112147,False,True,False
Pheidole_midas_CASENT0744257_processed.obj,0.2000643502280646,0.4640378875953393,1.207101665887781,False,True,False
Pheidole_megacephala_CASENT0744847_processed.obj,0.2000713137125709,0.3611789308365524,0.7728400562836306,False,True,False
Ocymyrmex_sp._CASENT0744844_processed.obj,0.200292437569226,0.3979051728325246,0.7123334272626408,False,True,False
Temnothorax_sp._OKENT0105336_processed.obj,0.2004345368591718,0.3247887203254953,0.1182462032921047,True,True,False
Parasyscia_sp._cribrinodis_group_CASENT0709293_processed.obj,0.2006482080970775,0.3024917501961205,1.2165738057786757,False,True,False
Euponera_brunoi_CASENT0744943_processed.obj,0.2007703754080566,0.3182105608471205,2.474177799936982,False,True,False
Lordomyrma_idianale_CASENT0745651_processed.obj,0.2008121786444356,0.383170722499482,0.3149541575244162,False,True,False
Platythyrea_MG01_CASENT0840864-D4_processed.obj,0.2012417522671149,0.3633008639582922,0.1606888516405034,False,True,False
Tetramorium_semilaeve_CASENT0745233_processed.obj,0.2013646305358183,0.3731926072369024,2.3230507479425104,False,True,False
Cerapachys_sulcinodis_CASENT0745634_processed.obj,0.2017699193608336,0.3659539566702238,8.521078146188978,False,True,False
Carebara_trechideros_CASENT0877591_processed.obj,0.2021645406732574,0.4464161229377988,18.270497959444118,True,True,False
Camponotus_brutus_CASENT0744737_processed.obj,0.2023028643919051,0.3280006627573842,1.2808073237453217,False,True,False
Ectatomma_edentatum_CASENT0744559_processed.obj,0.2023841357384449,0.3694658585560992,0.3676363307883935,False,True,False
Colobopsis_sp._CASENT0877571_processed.obj,0.2026412947156007,0.3365084606202717,4.636318263194551,False,True,False
Odontomachus_meinerti_CASENT0744112_processed.obj,0.2030444767596461,0.4396434987490442,3.1605461417959746,False,True,False
Eciton_rapax_CASENT0744623_processed.obj,0.2030448345786104,0.4204039994024146,2.960580451714327,False,True,False
Tetramorium_simillimum_CASENT0744205_processed.obj,0.2033051930843533,0.3877164877445591,0.4951656903908717,False,True,False
Camponotus_sp._CASENT0744035_processed.obj,0.2038152527740413,0.343253458139091,6.234668347523343,False,True,False
Cardiocondyla_afrc-za02_CASENT0744788_processed.obj,0.2038744226820781,0.3412823899220779,4.568365781188155,False,True,False
Trichomyrmex_emeryi_CASENT0744918_processed.obj,0.2039554520883617,0.5869460120372575,1.315057352819254,False,True,False
Ponera_scabra_OKENT0105293_processed.obj,0.2041465963246377,0.3754359521721518,0.4001516256506912,False,True,False
Parasyscia_sp._CASENT0744709_processed.obj,0.204464305372287,0.3753786579729494,0.3821072622357146,False,True,False
Solenopsis_invicta_OKENT0105176_processed.obj,0.2045995175798299,0.4497649869277815,0.0724942745176319,False,True,False
Acromyrmex_echinatior_CASENT0745012_processed.obj,0.2054874489918013,0.3257770664336628,6.905780661591647,False,True,False
Pheidole_tumida_CASENT0744092_processed.obj,0.2058832185847247,0.2852483532842396,0.34740010973233,False,True,False
Cylindromyrmex_brasiliensis_CASENT0744218_processed.obj,0.206042345368435,0.3495258617869948,6.711997315477154,False,True,False
Ooceraea_biroi_CASENT0741392_processed.obj,0.2061226384129466,0.3980783216073416,3.87651981792599,False,True,False
Messor_striatifrons_CASENT0744834_processed.obj,0.2062696952474451,0.4180504808606515,0.0281612021985198,False,True,False
Tetramorium_pullulum_CASENT0745590_processed.obj,0.2065227759230666,0.3227591607699789,0.7616704839041878,False,True,False
Goniomma_hispanicum_CASENT0745171_processed.obj,0.2072820657251864,0.4265787347765939,1.9618089503242568,False,True,False
Neoponera_villosa_CASENT0744613_processed.obj,0.2080837966757263,0.3285879710560817,0.1780952979588754,False,True,False
Lasius_spathepus_OKENT0105325_processed.obj,0.2086541042746258,0.4881960699314879,6.316733299005144,False,True,False
Terataner_luteus_CASENT0744902_processed.obj,0.2091020911404303,0.4041675576600354,0.8027755779916899,False,True,False
Cephalotes_betoi_CASENT0744448_processed.obj,0.2091185616284988,0.3202023733061811,2.3787965242652738,False,True,False
Strumigenys_subedentata_CASENT0744346_processed.obj,0.2092711624693138,0.3669625402556881,1.011778519548561,False,True,False
Formica_cf.fusca_CASENT0878139_processed.obj,0.2098751875902428,0.4609432660635054,1.6859584926038622,False,True,False
Ponera_scabra_OKENT0105294_processed.obj,0.2098804618733179,0.387405579725208,0.3720508886385353,False,True,False
Crematogaster_cf.levior_CASENT0744377_processed.obj,0.2098895549634935,0.354556136475799,6.772568535252224,False,True,False
Aenictus_afrc-gh01_CASENT0744678_processed.obj,0.2098910157241034,0.4793395095622743,20.7464491336211,False,True,False
Carebara_atoma_CASENT0741393_processed.obj,0.2099938290455013,0.3257776987348867,0.0773299411720734,False,True,False
Camponotus_sp._CASENT0744485_processed.obj,0.2101413999102425,0.3167615832127468,0.121491926318117,False,True,False
Pheidole_fervens_OKENT0105123_processed.obj,0.2104071930469935,0.3960311396171376,0.1488649506376173,False,True,False
Fisheropone_hartwigi_CASENT0744936_processed.obj,0.2104353753495567,0.442712193905847,0.1839820226853448,False,True,False
Pheidole_aurivillii_CASENT0744852_processed.obj,0.2105862036177401,0.4394206986541176,8.1526977424111,False,True,False
Neoponera_verenae_CASENT0744552_processed.obj,0.2108229298821848,0.3653169516685755,14.187214024263072,False,True,False
Formica_cf.pallidefulva_CASENT0709279_processed.obj,0.2108779790790722,0.3844448496629701,10.597733759138029,False,True,False
Cephalotes_spinosus_CASENT0744158_processed.obj,0.2109925613284702,0.3438842620666207,3.903100339704666,True,True,False
Cerapachys_sp._CASENT0745076_processed.obj,0.2109992654183764,0.3344537549842122,0.4509559065936978,False,True,False
Veromessor_pergandei_CASENT0709286_processed.obj,0.2114316169788574,0.3088596083688917,1.8049980606829608,False,True,False
Strumigenys_sp._appretiata_group_CASENT0744156_processed.obj,0.211594746738491,0.3163181767997327,0.1616605790265694,True,True,False
Stenamma_debile_CASENT0745007_processed.obj,0.2117792856810009,0.3892655434591183,0.6927117235989819,False,True,False
Pristomyrmex_cribrarius_CASENT0744868_processed.obj,0.2120077023192606,0.4585098082062681,1.6824730745137793,False,True,False
Crematogaster_sp._CASENT0741249_processed.obj,0.2126146333165383,0.3029250902037445,0.4481319645176254,False,True,False
Myrmecina_graminicola_CASENT0745189_processed.obj,0.2135292787890075,0.3399850798288196,2.044232382895641,False,True,False
Cyphomyrmex_flavidus_CASENT0709261_processed.obj,0.2142743719930444,0.2831213220216145,0.1046798494207445,False,True,False
Nesomyrmex_cf.itinerans_CASENT0744152_processed.obj,0.2143487209192311,0.381438259139835,3.268805332724166,False,True,False
Temnothorax_congruus_OKENT0105444_processed.obj,0.2144128959368463,0.3690244648982121,0.4875819931151222,False,True,False
Pristomyrmex_punctatus_OKENT0105157_processed.obj,0.2145735437619763,0.4454698360607245,0.5469298148978397,False,True,False
Aphaenogaster_gracillima_OKENT0105348_processed.obj,0.2149449825852901,0.4297534516975618,1.682666452623438,False,True,False
Brachymyrmex_sp._CASENT0744344_processed.obj,0.2154770766514568,0.4857112226092991,2.719653438542874,False,True,False
Hypoponera_sp._CASENT0744150_processed.obj,0.2158698751962439,0.4771527625293508,0.4963786090283287,False,True,False
Camponotus_quadrinotatus_OKENT0105286_processed.obj,0.2158922987764263,0.2844540659399121,1.186000768702381,False,True,False
Cephalotes_depressus_CASENT0744567_processed.obj,0.2160670504345215,0.3757033985973744,0.261229458186722,False,True,False
Tetramorium_metactum_CASENT0745591_processed.obj,0.2161142252710599,0.3482435281738369,0.2412834330095154,False,True,False
Formica_sanguinea_CASENT0878135_processed.obj,0.2163612956655255,0.4177268884923664,52.05379617075873,False,True,False
Crematogaster_sp._CASENT0744804_processed.obj,0.2164012902029358,0.4375431016382322,0.9273917495504536,False,True,False
Mycetophylax_morschi_CASENT0745100_processed.obj,0.2167593085795102,0.3683543598649496,0.0981472002604094,False,True,False
Strongylognathus_testaceus_CASENT0745196_processed.obj,0.2167878247765265,0.3659599747680907,0.6230115408336515,False,True,False
Ophthalmopone_berthoudi_CASENT0744976_processed.obj,0.2168908862096624,0.3695869894228142,0.5173789868501578,False,True,False
Technomyrmex_sp._CASENT0744677_processed.obj,0.2169173926589214,0.4004592935140236,0.4816350675627292,False,True,False
Colobopsis_truncata_CASENT0878134_processed.obj,0.2169411396408669,0.3350958538255706,0.615095271653808,False,True,False
Atopomyrmex_mocquerysi_CASENT0744784_processed.obj,0.2171591182900515,0.3459934587832533,62.10258614266042,True,True,False
Pheidole_selathorax_CASENT0877567_processed.obj,0.2173294016710943,0.4162920854269203,0.7706251995074334,False,True,False
Labidus_praedator_CASENT0744040_processed.obj,0.217616742650032,0.384112258131328,24.24806790155275,False,True,False
Pheidole_afrc-gh02_CASENT0744850_processed.obj,0.2178090713506402,0.4792523885465556,1.0932045266006063,False,True,False
Tetramorium_kraepelini_CASENT0744084_processed.obj,0.2178491421709913,0.3534305718776317,0.7987105344860159,True,True,False
Eciton_rapax_CASENT0744621_processed.obj,0.2179539896272011,0.3353135210888829,5.447075408016659,False,True,False
Myrmica_siciliana_CASENT0745246_processed.obj,0.2184183725062803,0.3651641057965525,0.1010364947098972,False,True,False
Dilobocondyla_fouqueti_CASENT0745576_processed.obj,0.2186471983131311,0.511330978447456,0.2011848619762629,True,True,False
Colobopsis_sp._CASENT0877570_processed.obj,0.2189949769769662,0.3668360955591318,1.775541278007282,False,True,False
Pheidole_sp._CASENT0744386_processed.obj,0.2192671962271551,0.3678272126822064,0.1741885591298678,False,True,False
Crematogaster_nawai_OKENT0105046_processed.obj,0.2193249510738822,0.410841865415141,9.211787691640362,True,True,False
Camponotus_bishamon_OKENT0105015_processed.obj,0.2193786352184385,0.3825887144275566,8.05356145290824,False,True,False
Myrmicaria_sp._CASENT0745630_processed.obj,0.2198619825743508,0.3870827733595789,73.40095065500132,False,True,False
Oxyepoecus_myops_CASENT0744239_processed.obj,0.2199733847008703,0.4236484576932457,0.1685612211106131,False,True,False
Camponotus_modoc_CASENT0709277_processed.obj,0.2199737735819909,0.3680613809417631,0.7575319886776758,False,True,False
Cryptopone_sauteri_CASENT0743771_processed.obj,0.2202386113402381,0.3843039960177792,1.6095962750843802,True,True,False
Platythyrea_punctata_CASENT0745061_processed.obj,0.2202397816959438,0.3765183738509381,0.8354996325924604,False,True,False
Dorylus_helvolus_pretoriae_CASENT0744694_processed.obj,0.2204043886099521,0.3695672729113139,0.6106227130367368,False,True,False
Pheidole_bicarinata_CASENT0741431_processed.obj,0.2204592652799541,0.3565128036696955,0.4126420087666354,False,True,False
Tetramorium_kraepelini_OKENT0105239_processed.obj,0.2206641887634976,0.4243603839813913,0.0008632072259126,False,True,False
Polyrhachis_wolfi_CASENT0878097_processed.obj,0.2209306701844948,0.3937584047985128,0.5110924073777307,False,True,False
Leptothorax_acervorum_CASENT0745182_processed.obj,0.221408480662893,0.3510816174601794,0.291358259753907,False,True,False
Lasius_umbratus_OKENT0105366_processed.obj,0.2215117072449099,0.4354357040805771,0.4018284052514155,False,True,False
Brachyponera_cf._obscurans_CASENT0744086_processed.obj,0.2218904170505481,0.4485451200756349,0.3699828796965086,False,True,False
Euprenolepis_procera_CASENT0878018_processed.obj,0.2220049159877906,0.481841936936014,1.728692722491571,False,True,False
Nomamyrmex_hartigii_CASENT0744352_processed.obj,0.2221247686157456,0.4068594850465039,7.999827474804615,False,True,False
Strumigenys_sp._gundlachi_group_CASENT0744212_processed.obj,0.2221518148418041,0.3774174763751489,6.308211632299639,False,True,False
Solenopsis_afrc-zm02_CASENT0744886_processed.obj,0.2223355882448852,0.4060611871185335,1.3886141927728342,False,True,False
Neocerapachys_splendens_CASENT0744062_processed.obj,0.2224272553179855,0.3928521809641394,4.5783079471197,False,True,False
Cerapachys_sulcinodis_CASENT0877602_processed.obj,0.2225403460168153,0.42118761736296,4.685655265173787,False,True,False
Anochetus_katonae_CASENT0745578_processed.obj,0.2227008626212325,0.3979185414739405,1.6931082131599993,False,True,False
Hypoponera_sp._CASENT0744151_processed.obj,0.2231187598528121,0.4655024440449034,2.727723318163596,False,True,False
Goniomma_hispanicum_CASENT0745172_processed.obj,0.2231811942514478,0.4314373362894815,0.227200680464891,False,True,False
Tapinoma_cf.melanocephalum_CASENT0877584_processed.obj,0.223218927048718,0.4517330588857175,0.0419660763534461,False,True,False
Pheidole_megacephala_OKENT0105126_processed.obj,0.2233350329427934,0.3680289251039114,1.2900137006726569,False,True,False
Pheidole_capellinii_CASENT0877636_processed.obj,0.2234827972086121,0.4572138636977195,1.1495725923874234,False,True,False
Megalomyrmex_drifti_CASENT0744171_processed.obj,0.2238009028148189,0.5107441545150796,6.693432110455417,False,True,False
Apterostigma_megacephala_CASENT0745137_processed.obj,0.2242195711849765,0.4091638081552883,8.433002863759082,False,True,False
Myrmecina_ryukyuensis_OKENT0105085_processed.obj,0.2242209889025525,0.4100465564517399,1.5640350621900492,True,True,False
Polyrhachis_wolfi_CASENT0878096_processed.obj,0.2244423918128862,0.3654071582007158,11.94179277857586,False,True,False
Solenopsis_sp._CASENT0744153_processed.obj,0.2247102703893625,0.3980110132910436,0.7021742480086839,False,True,False
Temnothorax_ravouxi_CASENT0745829_processed.obj,0.2249282401452994,0.4175751430104403,0.3557620169303775,False,True,False
Axinidris_hypoclinoides_CASENT0744663_processed.obj,0.2255045623318887,0.4854494590815124,1.2158350688086277,False,True,False
Cephalotes_depressus_CASENT0744566_processed.obj,0.2258803634451362,0.4086699830434788,3.105066515582608,False,True,False
Acropyga_sauteri_CASENT0878082_processed.obj,0.2260561322322822,0.4840323504471346,3.79257519446675,False,True,False
Pristomyrmex_punctatus_OKENT0105156_processed.obj,0.2265801523273569,0.4698252221575933,0.1817789116588336,False,True,False
Wasmannia_sulcaticeps_CASENT0744311_processed.obj,0.2268002537268033,0.4187290810887717,0.7817329642244393,False,True,False
Odontomachus_troglodytes_CASENT0744970_processed.obj,0.2272203806390998,0.3952128292610903,12.055302711126624,True,True,False
Labidus_coecus_CASENT0744301_processed.obj,0.2275619796866621,0.5035465772662739,0.4724031195480049,False,True,False
Labidus_praedator_CASENT0744223_processed.obj,0.2277892217737903,0.5135353038972029,1.1758065869791483,False,True,False
Lasius_nr._fuliginosus_CASENT0878038_processed.obj,0.2278515004097977,0.4547482257801066,5.198103643927645,False,True,False
Hypoponera_opacior_CASENT0878069_processed.obj,0.2278781151798968,0.436537178153961,7.960176685115619,False,True,False
Tetramorium_sp._simillimum_group_CASENT0744905_processed.obj,0.2279322215035112,0.4176641517463491,0.4161011007904208,False,True,False
Centromyrmex_feae_CASENT0878085_processed.obj,0.2280439356129119,0.4436363048147868,2.789984072010822,False,True,False
Aphaenogaster_sardoa_CASENT0745225_processed.obj,0.2282098970360233,0.4479451729591404,2.872291455861564,False,True,False
Mesoponera_subiridescens_CASENT0745587_processed.obj,0.2284055007383414,0.4819180642308284,3.79225931326864,False,True,False
Formica_sanguinea_OKENT0105421_processed.obj,0.2288593544238804,0.4255320036622653,0.9576494626254336,False,True,False
Pheidole_oxyops_CASENT0744571_processed.obj,0.2289575232225923,0.4511637436022518,1.7116676916284126,False,True,False
Eburopone_afrc-za02_CASENT0744706_processed.obj,0.2289641600095293,0.4170279803325561,4.779473990838433,False,True,False
Strumigenys_sp._mandibularis_group_CASENT0744058_processed.obj,0.2292895651935528,0.4977704144903653,1.943817250771129,False,True,False
Dorylus_sp._CASENT0744700_processed.obj,0.2295851316857955,0.47796486415852,1.6711752730913056,False,True,False
Cephalotes_minutus_CASENT0744309_processed.obj,0.2298068157707002,0.4103735176969534,2.1344050971972948,False,True,False
Parasyscia_sp._CASENT0744710_processed.obj,0.2300552534085632,0.3818408281616243,2.567366836187821,False,True,False
Blepharidatta_conops_CASENT0744394_processed.obj,0.2301144201557663,0.3756312310985435,0.3280332535656896,False,True,False
Prionopelta_subtilis_CASENT0840863-D4_processed.obj,0.2307749098213094,0.4230675807878717,0.3116498520903438,False,True,False
Xerolitor_explicatus_CASENT0745114_processed.obj,0.2308813541665191,0.4357717922851081,0.0140276490977834,False,True,False
Aphaenogaster_pallida_CASENT0745235_processed.obj,0.2309787675763661,0.4558428775193933,0.909270090943872,True,True,False
Strumigenys_strigatella_OKENT0105333_processed.obj,0.231078983575839,0.4109064999784267,0.2920353180142788,False,True,False
Dorylus_afrc-gh01_CASENT0744689_processed.obj,0.2311024185985478,0.3972311938235056,5.9977176744169975,False,True,False
Hypoponera_sp._CASENT0744289_processed.obj,0.2311218454255244,0.4178346028498723,9.259936360222463,False,True,False
Dorylus_nigricans_molestus_CASENT0744680_processed.obj,0.231148452943774,0.427280658873698,1.8054418224754032,False,True,False
Carebara_afrc-gh04_CASENT0744799_processed.obj,0.2311876047997728,0.4043878854154924,0.2241202872810871,False,True,False
Formica_cf.fusca_CASENT0878142_processed.obj,0.2316498541435263,0.4367597194729761,3.928189560834321,False,True,False
Bothriomyrmex_corsicus_CASENT0745216_processed.obj,0.2320375633923679,0.4449432158208675,0.1811981933411394,False,True,False
Oxyopomyrmex_saulcyi_CASENT0745217_processed.obj,0.2320486806355756,0.4549219646356495,0.6283136951083044,False,True,False
Stigmatomma_sp._CASENT0877560_processed.obj,0.2321226577493627,0.3784514801245445,0.4645003131697724,False,True,False
Nomamyrmex_hartigii_CASENT0744353_processed.obj,0.2328203399314004,0.4316260704522652,0.839819762135271,False,True,False
Euponera_sakishimensis_OKENT0105258_processed.obj,0.2328564547572759,0.5042366220996387,0.6333601818679361,False,True,False
Anoplolepis_custodiens_CASENT0744723_processed.obj,0.2331019125903221,0.5100896877688361,8.283480479639618,False,True,False
Nesomyrmex_angulatus_CASENT0744821_processed.obj,0.2332753716471352,0.3766033179817428,0.1717882742858593,False,True,False
Dorylus_helvolus_pretoriae_CASENT0744691_processed.obj,0.2337161976631566,0.5088027420817717,2.515903922490368,False,True,False
Paltothyreus_tarsatus_CASENT0745658_processed.obj,0.2338445833264595,0.3678408014242884,7.542381027240829,False,True,False
Parasyscia_sp._CASENT0744708_processed.obj,0.2344363195754111,0.4029363283970543,1.0086893835721582,False,True,False
Temnothorax_kubira_OKENT0105407_processed.obj,0.2345667935442074,0.3807991784554284,0.7599108080495844,False,True,False
Pheidole_sp._flavens_group_CASENT0744411_processed.obj,0.2346419581714549,0.3700780140360021,0.269131299688127,False,True,False
Myopias_sp._CASENT0745084_processed.obj,0.2351910625728693,0.4291496665817592,0.0443963584631224,False,True,False
Camponotus_OK01_OKENT0105018_processed.obj,0.2352986364653931,0.4234679902890735,0.6333823366303287,False,True,False
Myrmicaria_opaciventris_CASENT0745575_processed.obj,0.2357995237727819,0.5368090286197834,5.373243063918196,False,True,False
Stigmatomma_afrc-tz05_CASENT0744659_processed.obj,0.2360649259573516,0.470835763847949,2.4858925743821016,False,True,False
Solenopsis_afrc-za06_CASENT0744874_processed.obj,0.2361940502261648,0.40365412191306,5.95525549683445,False,True,False
Tetramorium_polymorphum_CASENT0877578_processed.obj,0.2362266152382423,0.3769623936984005,2.2282129746015094,False,True,False
Pogonomyrmex_barbatus_CASENT0741383_processed.obj,0.2363437717043689,0.3854954418232965,49.435399994872114,False,True,False
Pseudolasius_sp._CASENT0877597_processed.obj,0.2366645371486814,0.4283380429328294,0.2316795061378815,False,True,False
Neocerapachys_splendens_CASENT0744063_processed.obj,0.2366698246415,0.3950023846321748,0.465201815325708,False,False,False
Proatta_sp._CASENT0745619_processed.obj,0.2366731471032342,0.5797435243667474,1.0911122668690152,False,False,False
Formicoxenus_nitidulus_CASENT0745166_processed.obj,0.2370952958594581,0.3456419392507494,0.2513412940251292,False,False,False
Bothroponera_cf.kruegeri_CASENT0744925_processed.obj,0.237422254162067,0.4073482818462309,1.9297825700017983,False,False,False
Discothyrea_patrizii_CASENT0744990_processed.obj,0.2377919518883505,0.3776301836861296,0.6403694256457266,False,False,False
Myrmica_transsibirica_OKENT0105358_processed.obj,0.2378398142427291,0.4534994884983362,1.1317956986304332,False,False,False
Tapinoma_simrothi_CASENT0745227_processed.obj,0.2378630432918415,0.4257987937393699,0.2984307774523448,False,False,False
Typhlomyrmex_rogenhoferi_CASENT0745144_processed.obj,0.2379096734565614,0.4489040094718619,17.009523460852094,False,False,False
Dolichoderus_sibiricus_OKENT0105315_processed.obj,0.2385965378935674,0.3737457761880759,2.325059872903258,False,False,False
Ectatomma_sp._CASENT0744380_processed.obj,0.2400031943770608,0.4758975115043468,0.7739474097355078,False,False,False
Carebara_sp._CASENT0744801_processed.obj,0.2402641162939221,0.3805191907756288,1.932572908221564,False,False,False
Paltothyreus_tarsatus_CASENT0745661_processed.obj,0.2402836357850561,0.3879395538984876,0.6041480169954518,False,False,False
Aphaenogaster_tipuna_OKENT0105304_processed.obj,0.2404931145165734,0.4413549288948045,2.2745870530817016,False,False,False
Hypoponera_sp._CASENT0744274_processed.obj,0.2406107767175759,0.4675070784471213,0.1598960958513509,False,False,False
Cephalotes_maculatus_CASENT0744374_processed.obj,0.2409274618161522,0.3291235898645087,0.8147751367467752,False,False,False
Strumigenys_canina_OKENT0105289_processed.obj,0.241237729895944,0.4178840621269896,0.7396751650898278,False,False,False
Aphaenogaster_lepida_CASENT0743786_processed.obj,0.2413467555391536,0.4852234155532657,2.044211397131673,False,False,False
Cephalotes_pusillus_CASENT0744100_processed.obj,0.2414348636092146,0.4209842011733941,4.495766551801207,False,False,False
Acropyga_goeldii_CASENT0744200_processed.obj,0.2416654368675027,0.5293915009966016,6.024855922999423,False,False,False
Aenictus_lifuiae_OKENT0105004_processed.obj,0.241748507237363,0.4699747373491836,3.6379817812852,False,False,False
Polyergus_rufescens_CASENT0878120_processed.obj,0.2417757789443717,0.5457954462353056,7.363631345210642,False,False,False
Cephalotes_maculatus_CASENT0744373_processed.obj,0.2420370392053554,0.323926946972047,0.0198467445680374,False,False,False
Labidus_praedator_CASENT0744237_processed.obj,0.2422074316699467,0.4940214795668576,1.0288364733438626,True,False,False
Dolichoderus_cf.bidens_CASENT0744033_processed.obj,0.2423673472734955,0.5116672953445759,3.481760750582052,False,False,False
Temnothorax_arimensis_OKENT0105446_processed.obj,0.2424327970413116,0.3480635111506505,0.2682768732688635,False,False,False
Nomamyrmex_esenbeckii_CASENT0744587_processed.obj,0.2425992445278201,0.4499748864662785,0.160872930958217,False,False,False
Formicoxenus_nitidulus_CASENT0745168_processed.obj,0.2428587694740146,0.3723077196274331,0.8782324134420019,False,False,False
Oxyopomyrmex_saulcyi_CASENT0745218_processed.obj,0.2428872716857454,0.4469721005289987,0.3263509206395638,True,False,False
Cephalotes_simillimus_CASENT0744408_processed.obj,0.2428953619767352,0.3666580828460157,0.4847738074395655,True,False,False
Labidus_praedator_CASENT0744041_processed.obj,0.2430914388788568,0.4504572847714448,0.6073641956063057,False,False,False
Camponotus_lateralis_CASENT0878124_processed.obj,0.2436175156267671,0.4454021834868616,1.0002659511546983,False,False,False
Cephalotes_duckei_CASENT0744396_processed.obj,0.2439287494128679,0.3465689728391988,0.0170340940793208,False,False,False
Eciton_burchellii_CASENT0744557_processed.obj,0.2439338734552961,0.4332825115473157,27.26122109309724,False,False,False
Cyphoidris_afrc-tz01_CASENT0744811_processed.obj,0.2439343154773067,0.3903977535076463,3.446095507765736,False,False,False
Dorylus_sp._CASENT0744701_processed.obj,0.244011345129529,0.4084280222152586,0.418748151555803,False,False,False
Stigmatomma_silvestrii_OKENT0105192_processed.obj,0.2443200822670443,0.5219596533725988,1.1572050152726148,False,False,False
Lordomyrma_sp._CASENT0745617_processed.obj,0.2444223252736168,0.4854092722896462,1.1268675255036011,False,False,False
Camponotus_lateralis_CASENT0878125_processed.obj,0.2444774869203322,0.4732686459529013,4.680114688186962,False,False,False
Pseudoponera_stigma_CASENT0744030_processed.obj,0.2446975145840368,0.42794393007109,0.1837104602800994,False,False,False
Pheidole_ochracea_CASENT0744088_processed.obj,0.2447840232931568,0.3717635490018102,0.4379356808313616,False,False,False
Dorylus_sp._CASENT0744698_processed.obj,0.2448281642136536,0.4025963388010397,2.423251573620924,False,False,False
Ophthalmopone_berthoudi_CASENT0744977_processed.obj,0.2455350006278247,0.387820210258662,0.6722053121438238,False,False,False
Camponotus_blandus_CASENT0744254_processed.obj,0.2460188961474718,0.4166720265231077,1.39924500046496,False,False,False
Odontomachus_assiniensis_CASENT0744969_processed.obj,0.2460624811473068,0.4647304175215977,3.0779201391543234,False,False,False
Megalomyrmex_sp._CASENT0744048_processed.obj,0.2464744741650053,0.4946790232134115,2.1286253558887824,False,False,False
Eburopone_afrc-za02_CASENT0744705_processed.obj,0.2470498871746821,0.4233603672061544,0.4938938302252942,False,False,False
Philidris_sp._CASENT0878053_processed.obj,0.2470635199593586,0.4579081826936774,2.095682877064317,False,False,False
Pheidole_afrc-075_CASENT0744863_processed.obj,0.248109857303444,0.4668606082430069,2.477268415674184,False,False,False
Lordomyrma_sp._CASENT0745618_processed.obj,0.2481417327340468,0.4477036743187425,0.2892098645031076,False,False,False
Cerapachys_sulcinodis_CASENT0877601_processed.obj,0.2483153978640651,0.4646630527643531,0.9906029681469704,False,False,False
Camponotus_sp._CASENT0744555_processed.obj,0.2484010382621446,0.4121537513638492,0.5908778280483177,False,False,False
Euponera_brunoi_CASENT0744942_processed.obj,0.2484793785446146,0.4587498258728267,0.4712246862860135,False,False,False
Temnothorax_arimensis_OKENT0105447_processed.obj,0.2486666373387622,0.3719080549195537,1.4445161727529283,False,False,False
Allomerus_decemarticulatus_CASENT0744512_processed.obj,0.2491097448491651,0.4174403601545255,16.02630310063737,False,False,False
Lasius_cf.flavus_CASENT0878010_processed.obj,0.2491861881276172,0.3903673493450136,0.1703899816107584,False,False,False
Aphaenogaster_japonica_CASENT0743784_processed.obj,0.2493152019636907,0.4683456736243892,2.6096646271748285,False,False,False
Pheidole_sp._flavens_group_CASENT0744410_processed.obj,0.2495397556281428,0.4286699638329523,0.1773572935328461,False,False,False
Harpegnathos_venator_CASENT0877553_processed.obj,0.2495699480265977,0.4322357754653844,2.106962443553124,False,False,False
Myrmecina_sicula_CASENT0745245_processed.obj,0.2497447114809828,0.4385956371027962,0.4363408082528155,False,False,False
Aphaenogaster_trinacriae_CASENT0745222_processed.obj,0.2497854882290419,0.5374701766361047,3.6229863564271296,False,False,False
Cylindromyrmex_striatus_CASENT0741380_processed.obj,0.2499114599683377,0.44284210043773,5.155497203508189,False,False,False
Hypoponera_opacior_CASENT0878070_processed.obj,0.2503387373681733,0.5020003407212495,0.4150436744210422,False,False,False
Platythyrea_punctata_CASENT0745062_processed.obj,0.2507873385504138,0.4008909818924581,0.1325177923397638,False,False,False
Azteca_sp._CASENT0744101_processed.obj,0.250949613340432,0.4959128193881942,16.173465518851348,False,False,False
Acromyrmex_octospinosus_CASENT0878013_processed.obj,0.2516948813926996,0.4157757442308847,3.3948133232995232,False,False,False
Azteca_ovaticeps_CASENT0745027_processed.obj,0.2517089089442239,0.4665426658630752,9.7367000479291,False,False,False
Tetramorium_bicarinatum_OKENT0105233_processed.obj,0.2521789232914027,0.448380172723841,11.015607702649325,False,False,False
Leptothorax_acervorum_CASENT0745184_processed.obj,0.253032573646282,0.4156388115604049,0.2571053524134455,False,False,False
Temnothorax_nylanderi_CASENT0878031_processed.obj,0.2530740983055682,0.3969250406899821,0.3384147496018155,False,False,False
Melissotarsus_FHG02_CASENT0745206_processed.obj,0.2531639802573446,0.5064767966009615,0.5215208775021438,False,False,False
Poneracantha_triangularis_CASENT0744463_processed.obj,0.2534620228618792,0.4457826864523349,1.3580285923165474,False,False,False
Polyrhachis_decemdentata_CASENT0744779_processed.obj,0.2535159948106112,0.5196421015217372,2.242479646668308,True,False,False
Anochetus_mayri_CASENT0744450_processed.obj,0.2539607142227561,0.488972927640158,0.3310518323299788,False,False,False
Pheidole_obscurithorax_CASENT0744316_processed.obj,0.2540602350170772,0.5040981850722182,0.3540000237328579,False,False,False
Cephalotes_simillimus_CASENT0744409_processed.obj,0.2543502834392398,0.3510917713634947,1.123494363731188,False,False,False
Pheidole_cavifrons_CASENT0744487_processed.obj,0.254932307757617,0.4281669547801762,4.495919224503296,False,False,False
Monomorium_pharaonis_CASENT0877625_processed.obj,0.2549469794961829,0.4470546852659422,0.0416472094088334,False,False,False
Dorylus_orientalis_CASENT0877642_processed.obj,0.2550612602208117,0.3986832471711793,1.0427107954803692,False,False,False
Blepharidatta_brasiliensis_CASENT0745135_processed.obj,0.2555054025053048,0.4663560212317365,11.442380329177857,False,False,False
Acropyga_goeldii_CASENT0744198_processed.obj,0.2555118023618243,0.519901919682775,0.1319211898138129,False,False,False
Leptothorax_acervorum_CASENT0745183_processed.obj,0.2555454805482125,0.4290433526520705,0.6041472176295429,False,False,False
Atta_sexdens_CASENT0744597_processed.obj,0.2557303672486534,0.385658497410676,0.8657146463847428,False,False,False
Phrynoponera_gabonensis_CASENT0744979_processed.obj,0.2559341003647926,0.4521704865245543,0.4390607534088614,False,False,False
Neoponera_laevigata_CASENT0744169_processed.obj,0.256133907570533,0.4997479436640667,3.484251129179596,False,False,False
Discothyrea_banna_CASENT0745641_processed.obj,0.2564919764841464,0.4121610685339969,0.0519582585988141,False,False,False
Tapinoma_cf.melanocephalum_CASENT0877585_processed.obj,0.2565016667640459,0.4303805509649713,1.650380326171244,False,False,False
Gnamptogenys_aff.relicta_CASENT0744357_processed.obj,0.2568159825978322,0.4544585593475356,1.3043113012021583,False,False,False
Gnamptogenys_horni_CASENT0744116_processed.obj,0.2571322716937213,0.4295671022036367,5.7851678328280505,False,False,False
Neivamyrmex_pseudops_CASENT0744018_processed.obj,0.2573967986557366,0.5082784300635016,0.2275486971552734,False,False,False
Adelomyrmex_samoanus_CASENT0745602_processed.obj,0.2576561301373367,0.3834679336550994,3.62024135521328,False,False,False
Mycetomoellerius_holmgreni_CASENT0744498_processed.obj,0.2578524248250098,0.44377347363402,0.2745002861158851,False,False,False
Cyphoidris_afrc-tz02_CASENT0744812_processed.obj,0.2579825537803205,0.4355600292432529,4.390019565820211,False,False,False
Strumigenys_alberti_CASENT0878104_processed.obj,0.2581922275853255,0.4365723182955784,1.4079650759511757,False,False,False
Heteroponera_dolo_CASENT0744318_processed.obj,0.258198263773385,0.4162220515492323,0.5799389894377331,False,False,False
Neivamyrmex_cf.diana_CASENT0744104_processed.obj,0.2583495738166818,0.4841208019057766,0.1433217912941878,False,False,False
Labidus_coecus_CASENT0744300_processed.obj,0.2587026741172188,0.5415045650410734,18.405115332097463,False,False,False
Cephalotes_minutus_CASENT0745140_processed.obj,0.2588514689329357,0.4178410262465926,0.5153430405739247,False,False,False
Dacatria_templaris_CASENT0743774_processed.obj,0.2591446550421235,0.4748453189729461,10.92112290642032,False,False,False
Pristomyrmex_punctatus_CASENT0745047_processed.obj,0.2619394149271261,0.4597842312486548,0.3956729423166644,False,False,False
Syllophopsis_aureorugosa_CASENT0840860-D4_processed.obj,0.2621318257550036,0.4685157043332111,0.280115865230901,False,False,False
Gnamptogenys_aff._continua_CASENT0744149_processed.obj,0.2623078261060817,0.4543345290786373,3.2559955744162554,False,False,False
Cryptopone_tengu_OKENT0105052_processed.obj,0.2625711888414408,0.4637863893773736,2.11964291274336,False,False,False
Carebara_atoma_CASENT0741394_processed.obj,0.2628289308117612,0.3986350419810193,0.7504121888820735,False,False,False
Loboponera_afrc-gh01_CASENT0744958_processed.obj,0.2629900095529802,0.5304279647956345,0.1175106321137402,False,False,False
Solenopsis_afrc-za09_CASENT0744879_processed.obj,0.2630821080216934,0.4333745289677034,10.449918953545318,False,False,False
Strumigenys_auctidens_CASENT0878105_processed.obj,0.2634197945670082,0.4249668759499019,0.6728454752996981,False,False,False
Harpegnathos_venator_CASENT0877552_processed.obj,0.2638195717488694,0.4324368778514734,0.924207591874959,False,False,False
Pseudomyrmex_sp._CASENT0744024_processed.obj,0.2638885727117575,0.4502287816899276,0.4976682988340246,False,False,False
Cephalotes_pusillus_CASENT0744206_processed.obj,0.264063741101872,0.3952493313537439,5.478279559938402,False,False,False
Temnothorax_congruus_CASENT0743574_processed.obj,0.2641511500526835,0.4159170354972319,6.785734673260845,False,False,False
Sphinctomyrmex_stali_CASENT0790136_processed.obj,0.2645457992844037,0.4378347573848688,1.65213383864805,False,False,False
Mayriella_sp._CASENT0745610_processed.obj,0.2645806813429862,0.4238295292177653,0.4235222914803929,True,False,False
Tetramorium_kraepelini_OKENT0105238_processed.obj,0.264709741852615,0.4348226642060074,6.450485459620956,False,False,False
Kalathomyrmex_emeryi_CASENT0745118_processed.obj,0.2649522855967624,0.5066430669257259,21.932059168101244,False,False,False
Ectatomma_edentatum_CASENT0744505_processed.obj,0.2650913774224558,0.4359820457375108,2.1199693882190043,False,False,False
Dolichoderus_decollatus_CASENT0744046_processed.obj,0.2653993488679778,0.445836231134144,0.9216546107343572,False,False,False
Mayaponera_arhuaca_CASENT0878102_processed.obj,0.2655259870958866,0.4880525102561359,2.7336009025491426,False,False,False
Ponera_sp._CASENT0745077_processed.obj,0.2656072987015004,0.4582867664407838,2.7950724612191955,False,False,False
Tetramorium_semilaeve_CASENT0745232_processed.obj,0.2667653131144636,0.437772962506586,0.0348552565161151,False,False,False
Labidus_praedator_CASENT0744225_processed.obj,0.2667826295377308,0.4701910823900192,0.3111877193722127,False,False,False
Strumigenys_hispida_OKENT0105262_processed.obj,0.2670800220465448,0.4862718457511775,6.011060725769766,False,False,False
Stigmatomma_afrc-tz05_CASENT0744660_processed.obj,0.2671210979120836,0.5130572936812154,1.9025709644192967,False,False,False
Psalidomyrmex_sallyae_CASENT0744986_processed.obj,0.2671344168682503,0.485298246807499,0.3003880683866458,False,False,False
Camponotus_kiusiuensis_OKENT0105424_processed.obj,0.2673701900271051,0.4405696324390468,0.0806200662630311,False,False,False
Ponera_sp._CASENT0745087_processed.obj,0.2675128460782246,0.4844757059646469,2.0221006851005243,False,False,False
Neivamyrmex_pseudops_CASENT0744017_processed.obj,0.2678808313191984,0.4870538467125977,69.28514007013983,False,False,False
Bothroponera_soror_CASENT0744928_processed.obj,0.2682192684956437,0.4567983259517076,16.52540757746344,False,False,False
Cephalotes_minutus_CASENT0744308_processed.obj,0.2683162063671704,0.4606553708283568,0.1643750022039371,False,False,False
Tetramorium_bicarinatum_CASENT0744240_processed.obj,0.2690369440529368,0.5336530655517009,2.5019816995360054,False,False,False
Nesomyrmex_angulatus_CASENT0744820_processed.obj,0.2695368351971289,0.4276233695645388,1.0054704210483467,True,False,False
Pheidole_bicarinata_CASENT0741434_processed.obj,0.269841652623447,0.4515066083895266,0.5088256312361236,False,False,False
Pristomyrmex_afric-tz01_CASENT0744866_processed.obj,0.2699292911881951,0.4785852935809638,0.3211395079634284,False,False,False
Eciton_rapax_CASENT0744622_processed.obj,0.2700975550937394,0.4563279857562469,14.500966774087248,False,False,False
Hypoponera_sp._CASENT0744348_processed.obj,0.2701993427436993,0.6063731194677028,2.3311975857455685,False,False,False
Typhlomyrmex_rogenhoferi_CASENT0745145_processed.obj,0.2702439311342327,0.5162908143025252,1.3631316998447995,False,False,False
Stigmatomma_FHG02_CASENT0745562_processed.obj,0.2703313575589505,0.448604007550256,3.0342327893840872,False,False,False
Odontomachus_haematodus_CASENT0744047_processed.obj,0.2703990749153255,0.5648389708765641,1.6255711554977148,False,False,False
Heteroponera_flava_CASENT0744120_processed.obj,0.271093409121009,0.4474863043868371,0.5195787910464316,False,False,False
Crematogaster_cf.crinosa_CASENT0744446_processed.obj,0.2712935552519859,0.5413001513420077,0.0563909850599916,False,False,False
Stictoponera_bicolor_CASENT0877615_processed.obj,0.2713880518641355,0.4812170295100687,9.609523446589677,False,False,False
Eurhopalothrix_procera_CASENT0745605_processed.obj,0.2717430731755786,0.4812138250329738,3.4406642307865445,True,False,False
Dolichoderus_debilis_CASENT0744349_processed.obj,0.2717922408376113,0.4967207583833496,0.7253339738584477,False,False,False
Octostruma_cf.betschi_CASENT0744367_processed.obj,0.2720420712123668,0.4800576408065209,1.0142901740283707,False,False,False
Typhlomyrmex_reichenspergeri_CASENT0744415_processed.obj,0.2722213390666566,0.445222809195386,1.205779009367192,False,False,False
Procryptocerus_goeldii_CASENT0744067_processed.obj,0.2722880385155457,0.4019877433831103,0.2926342644067209,False,False,False
Hypoponera_sp._CASENT0744952_processed.obj,0.2723572599554605,0.4692043863830074,1.0808637766342954,False,False,False
Acromyrmex_octospinosus_CASENT0878014_processed.obj,0.2726708002227964,0.4464268984183925,11.07235114461592,False,False,False
Leptogenys_sp._CASENT0745628_processed.obj,0.2727482550597306,0.5131922914113026,4.320815589191339,False,False,False
Strumigenys_appretiata_CASENT0744350_processed.obj,0.2729297693390271,0.4270118443696732,0.0341291989106291,False,False,False
Neoponera_goeldii_CASENT0745034_processed.obj,0.2729412985055056,0.4818244871302135,8.69869616786384,False,False,False
Acromyrmex_coronatus_CASENT0744365_processed.obj,0.2739936713679427,0.5571971112646192,11.199995819311727,True,False,False
Pheidole_nodus_CASENT0877544_processed.obj,0.2744545833392805,0.5892638959080209,1.6651607295884137,False,False,False
Strumigenys_lewisi_OKENT0105441_processed.obj,0.27452950541726,0.5002443470972524,0.9421761137554704,False,False,False
Acanthostichus_brevicornis_CASENT0744298_processed.obj,0.2746869990839121,0.4945704445450517,0.1304469616489927,False,False,False
Temnothorax_kubira_OKENT0105406_processed.obj,0.2753489505132621,0.4433908370939223,3.148037546959439,False,False,False
Labidus_praedator_CASENT0744038_processed.obj,0.2759523623625302,0.4816495929019622,77.20973238232534,False,False,False
Pheidole_scolioceps_CASENT0744332_processed.obj,0.2765228379889357,0.4998447688280872,0.3574382525895783,False,False,False
Hypoponera_sp._CASENT0744447_processed.obj,0.2766549320796805,0.5438026486425969,3.060833657689005,False,False,False
Cephalotes_spinosus_CASENT0744159_processed.obj,0.2771258230044782,0.4820066658987052,2.081488507498974,False,False,False
Terataner_alluaudi_CASENT0840849-D4_processed.obj,0.2774943971055634,0.430718353165516,3.1453463060527755,False,False,False
Camponotus_polyrhachioides_CASENT0744732_processed.obj,0.2775214094152904,0.4418945979198272,0.0279023139058745,False,False,False
Trachymyrmex_carinatus_CASENT0709287_processed.obj,0.2776029266968529,0.4338694866477511,20.542887506020826,False,False,False
Acanthostichus_brevicornis_CASENT0744297_processed.obj,0.2782038128768211,0.4644178118697059,0.0092975173533308,False,False,False
Ectomomyrmex_leeuwenhoeki_CASENT0745640_processed.obj,0.2785135104647705,0.5070744528763812,0.583193997653898,False,False,False
Myrmecina_sicula_CASENT0745244_processed.obj,0.2785691749807876,0.4274832102739371,4.087809432736174,False,False,False
Octostruma_iheringi_CASENT0744222_processed.obj,0.2788287891947065,0.4562032362384101,1.646263536455859,False,False,False
Myrmica_transsibirica_OKENT0105359_processed.obj,0.2801989371342959,0.4684496527338216,0.2286069674653337,False,False,False
Fisheropone_hartwigi_CASENT0744937_processed.obj,0.2802866671237599,0.4882416137414637,3.706151350574157,False,False,False
Vitsika_brevis_CASENT0840868-D4_processed.obj,0.280731539631873,0.4287371693422969,15.555934781001644,False,False,False
Mycetosoritis_hartmanni_CASENT0745094_processed.obj,0.2810479472113034,0.4781147362084988,20.08898490987293,False,False,False
Acropyga_decedens_CASENT0744503_processed.obj,0.2811633134257952,0.4623826089683336,2.1244479902379574,False,False,False
Pogonomyrmex_schmitti_CASENT0709284_processed.obj,0.2811653890026142,0.4000311643229008,9.614254689517551,False,False,False
Megaponera_analis_CASENT0744964_processed.obj,0.2816507786892002,0.5309135321499137,12.425181817355416,False,False,False
Dacetinops_sp._CASENT0745607_processed.obj,0.2819452211414622,0.5264038439155359,5.159294014878811,False,False,False
Plectroctena_mandibularis_CASENT0745565_processed.obj,0.2821256500987177,0.403115451679268,3.211052049230977,False,False,False
Mycetophylax_asper_CASENT0745123_processed.obj,0.2821688365057515,0.5435570620768321,0.589153011353915,False,False,False
Acromyrmex_octospinosus_CASENT0878016_processed.obj,0.2822820230681615,0.4591998384455385,3.655878572631069,False,False,False
Myrmecina_sp._CASENT0745613_processed.obj,0.2823385622457325,0.4795658740285513,7.085050234076761,True,False,False
Cephalotes_pusillus_CASENT0744207_processed.obj,0.2825761523258634,0.4538207546432065,0.6990281669169245,False,False,False
Acromyrmex_cf.coronatus_CASENT0744044_processed.obj,0.282615281920049,0.4637899534128287,75.00847841217528,False,False,False
Strumigenys_canina_OKENT0105288_processed.obj,0.2826410073897857,0.4604001285194823,0.4467534069204056,True,False,False
Strumigenys_benten_OKENT0105410_processed.obj,0.282647086079438,0.4777242440774646,3.3305183589871583,False,False,False
Meranoplus_cf.bicolor_CASENT0877604_processed.obj,0.282775289009928,0.4129149868526678,2.1527319946141144,False,False,False
Hypoponera_coeca_CASENT0744951_processed.obj,0.2835729518175803,0.4902386386410005,0.0798197605026079,False,False,False
Cephalotes_pusillus_CASENT0744391_processed.obj,0.2836052282201674,0.3971499917364119,0.3412137349970591,False,False,False
Ponerinae_sp._CASENT0745560_processed.obj,0.2836824783873951,0.5723404102549603,12.26491226062155,False,False,False
Strumigenys_crassicornis_CASENT0744273_processed.obj,0.2840430859391168,0.5370794244269284,0.3364209699777328,True,False,False
Polyrhachis_decemdentata_CASENT0744778_processed.obj,0.2845932235340576,0.5593945342798246,5.642356494314078,False,False,False
Hagensia_havilandi_marleyi_CASENT0744950_processed.obj,0.2846514326943254,0.5786561190527255,0.8103315716479043,False,False,False
Pristomyrmex_cribrarius_CASENT0744867_processed.obj,0.285064199791702,0.5279970143661071,1.07116779666095,False,False,False
Myrmica_rubra_CASENT0745018_processed.obj,0.2858693353900184,0.5595513096315695,1.7295156241484069,False,False,False
Cyphomyrmex_major_CASENT0745148_processed.obj,0.285883123714945,0.4151117053564361,26.025811141854103,False,False,False
Neivamyrmex_aff.pacificus_CASENT0744551_processed.obj,0.2859203078775976,0.5647731093110889,14.6255095835218,False,False,False
Sericomyrmex_mayri_CASENT0745109_processed.obj,0.2862232575951045,0.4800402884841623,10.917522949910133,False,False,False
Tetramorium_venator_CASENT0744916_processed.obj,0.2862464460702954,0.4993313091495715,0.0887903066722317,False,False,False
Pristomyrmex_brevispinosus_OKENT0105259_processed.obj,0.2874307723953953,0.503130446286481,1.192362783416622,False,False,False
Cephalotes_depressus_CASENT0744249_processed.obj,0.2875424764530394,0.4034199821890517,3.751993742938213,False,False,False
Acromyrmex_lobicornis_CASENT0878007_processed.obj,0.2876058786594994,0.5294596426227706,7.626049622036851,True,False,False
Hagensia_havilandi_marleyi_CASENT0744949_processed.obj,0.2877947487902778,0.5573646413622206,1.4475644088652244,False,False,False
Tetramorium_lanuginosum_OKENT0105242_processed.obj,0.2882300157859331,0.5002737827066064,2.243668288529676,False,False,False
Proatta_sp._CASENT0745620_processed.obj,0.288389432811371,0.5392565753454902,23.97994565400869,False,False,False
Xerolitor_explicatus_CASENT0745113_processed.obj,0.2884575560883344,0.5416375261724524,0.9376606077742916,False,False,False
Stigmatomma_FHG02_CASENT0745561_processed.obj,0.2888146185444258,0.5859401596189558,0.7725839969743014,True,False,False
Holcoponera_relicta_CASENT0744313_processed.obj,0.2903023661756251,0.5643514969059702,0.4009210404239688,False,False,False
Lordomyrma_idianale_CASENT0745650_processed.obj,0.2909889349815412,0.4969527215218875,1.8958378750757483,False,False,False
Labidus_coecus_CASENT0744166_processed.obj,0.2910206594514834,0.477450924053149,76.10132680215887,False,False,False
Bothroponera_fugax_CASENT0744923_processed.obj,0.2910266148961277,0.440679701885496,0.7021477368001368,False,False,False
Mesoponera_ambigua_CASENT0745584_processed.obj,0.291223205241519,0.5992921138357854,1.7143599908586975,True,False,False
Messor_decipiens_CASENT0744826_processed.obj,0.2913287107933398,0.553759549248104,2.0381507675373443,False,False,False
Pseudolasius_sp._CASENT0878065_processed.obj,0.2918743100826746,0.5630139402181903,4.6660085478476985,True,False,False
Solenopsis_invicta_CASENT0744384_processed.obj,0.2936660515579268,0.5059661922567736,8.580294739871903,True,False,False
Myrmicocrypta_squamosa_uncinata_CASENT0745105_processed.obj,0.2938319849433934,0.5837011576980766,18.28117482033113,False,False,False
Blepharidatta_brasiliensis_CASENT0744515_processed.obj,0.294111637496953,0.5155295986304476,86.687741750566,False,False,False
Neivamyrmex_aff.pacificus_CASENT0744550_processed.obj,0.2950019416293707,0.5530905171944628,8.836065142475142,False,False,False
Acanthomyrmex_cf.ferox_CASENT0878066_processed.obj,0.2954666270334818,0.6420933496705383,2.0300297331240373,False,False,False
Strumigenys_incerta_OKENT0105329_processed.obj,0.2955353160463552,0.5423776878585139,0.0473359909958842,False,False,False
Tetramorium_kestrum_CASENT0745589_processed.obj,0.2958185949501187,0.5407307142715497,0.4437417389859838,False,False,False
Strumigenys_sp._silvestri_group_CASENT0744283_processed.obj,0.2958572356357904,0.4849138325047664,2.566113006559057,False,False,False
Eciton_burchellii_CASENT0744556_processed.obj,0.296123983184539,0.5884595626581259,46.89899975757765,False,False,False
Azteca_sp._CASENT0744102_processed.obj,0.2966384039666607,0.5730178960696721,4.057038073065262,False,False,False
Gnamptogenys_horni_CASENT0744355_processed.obj,0.2968581590526787,0.4610557806336842,11.46935960701089,False,False,False
Neivamyrmex_cf.diana_CASENT0744106_processed.obj,0.2981213952505666,0.7128751865620208,0.7090334659347045,False,False,False
Ocymyrmex_sp._CASENT0744842_processed.obj,0.2981472007857886,0.544336008604161,2.702334332811537,False,False,False
Solenopsis_afrc-za01_CASENT0744871_processed.obj,0.2986866216586281,0.4425564903374342,1.5656171729681232,False,False,False
Megaponera_analis_CASENT0745581_processed.obj,0.299581532998472,0.4952619887049019,1.661505092770461,False,False,False
Hylomyrma_cf.blandiens_CASENT0744010_processed.obj,0.3001136783516426,0.5386947512758925,0.9271443705870122,False,False,False
Solenopsis_desecheoensis_CASENT0744889_processed.obj,0.3007765717745514,0.5248627180905141,0.1708363086402184,False,False,False
Mayaponera_constricta_CASENT0845824-D3_processed.obj,0.3010089294829741,0.5065056806164617,0.3190755561131062,False,False,False
Cylindromyrmex_striatus_CASENT0741379_processed.obj,0.3010162577114846,0.4727477050591863,0.5516451419515478,False,False,False
Mycocepurus_sp._CASENT0744008_processed.obj,0.3012751805122556,0.5671780381745919,0.7207463621030246,False,False,False
Eciton_hamatum_CASENT0744578_processed.obj,0.3014110492088918,0.5140514592001533,81.6154823944861,False,False,False
Lioponera_foreli_CASENT0744707_processed.obj,0.3021227831336955,0.5245432953722873,0.894210761744849,False,False,False
Bothroponera_talpa_CASENT0744929_processed.obj,0.3021392889356237,0.4821784890440433,0.3964920009982227,False,False,False
Strumigenys_alberti_CASENT0878103_processed.obj,0.3028444154132124,0.5202093151078752,2.905188127663856,True,False,False
Myrmicocrypta_foreli_CASENT0744022_processed.obj,0.3034392880221328,0.5577318644711903,14.360025069312185,False,False,False
Discothyrea_sexarticulata_CASENT0744287_processed.obj,0.3050282963684501,0.4759955931017862,1.67074425763587,False,False,False
Myrmicocrypta_squamosa_uncinata_CASENT0745104_processed.obj,0.3050532583979819,0.5343179383786851,2.057929222556575,False,False,False
Tetramorium_brevispinosum_CASENT0745592_processed.obj,0.3051273325427921,0.5319163446560305,0.2640978052160599,False,False,False
Solenopsis_invicta_CASENT0744526_processed.obj,0.3053501931075003,0.4976388562229889,9.781747660736515,False,False,False
Sericomyrmex_mayri_CASENT0745110_processed.obj,0.3059531264148257,0.5279976938655591,57.61307162100812,False,False,False
Megalomyrmex_aff.goeldii_CASENT0744251_processed.obj,0.3064799344640921,0.5640104060157696,0.2234992762262771,False,False,False
Leptogenys_unistimulosa_CASENT0744454_processed.obj,0.3071715856639847,0.5132468498410685,0.8115686662094512,False,False,False
Allomerus_decemarticulatus_CASENT0745025_processed.obj,0.3072123847306801,0.5522217541713417,1.7257082790659546,False,False,False
Temnothorax_indra_OKENT0105227_processed.obj,0.307570314873929,0.5820758389396259,1.1012512241704642,False,False,False
Calyptomyrmex_brunneus_CASENT0745550_processed.obj,0.3078506078201385,0.4401870880910817,2.0634589393597818,False,False,False
Paratrachymyrmex_cornetzi_CASENT0744113_processed.obj,0.3083264187956995,0.6548272425591125,3.2005684792434965,False,False,False
Mesoponera_subiridescens_CASENT0745588_processed.obj,0.3084945353695916,0.5800334273072733,8.65656455832875,False,False,False
Megaponera_analis_CASENT0745582_processed.obj,0.3087204771922871,0.4665092383319067,1.849046681157172,False,False,False
Mystrium_camillae_CASENT0745088_processed.obj,0.3087249501705237,0.5752072430691649,4.902999451417696,False,False,False
Mystrium_oberthueri_CASENT0745063_processed.obj,0.3091748248245881,0.4460254760650369,10.271773404521175,False,False,False
Mayaponera_constricta_CASENT0745139_processed.obj,0.3098072830274181,0.6412000823575611,2.733610077575242,False,False,False
Pheidole_sp._flavens_group_CASENT0744336_processed.obj,0.3098592114710193,0.5995105022140157,1.3397553811046667,False,False,False
Parasyscia_sp._CASENT0878061_processed.obj,0.3100673820703484,0.5170638355970906,2.5801053732047943,False,False,False
Strumigenys_benten_OKENT0105411_processed.obj,0.3107984181757301,0.5897474394714124,3.3977686012062445,False,False,False
Discothyrea_patrizii_CASENT0744991_processed.obj,0.3129100137105151,0.4871617708330927,0.3480359416222332,False,False,False
Rogeria_cf.blanda_CASENT0744351_processed.obj,0.3135544516062771,0.557700920349249,1.10903185571115,False,False,False
Phrynoponera_transversa_CASENT0744981_processed.obj,0.3142407188581171,0.514977730920793,0.2615729157644144,False,False,False
Lachnomyrmex_victori_CASENT0744334_processed.obj,0.3147446279017472,0.5247966691117277,0.439340259943481,False,False,False
Hypoponera_opacior_CASENT0878019_processed.obj,0.3151313090094999,0.556666948654369,1.5314576729835887,False,False,False
Cyphomyrmex_rimosus_CASENT0744354_processed.obj,0.3153236170214476,0.6006495622071878,13.779961137689051,False,False,False
Polyrhachis_illaudata_CASENT0878095_processed.obj,0.3156042806738347,0.5170187698556575,10.956781313941308,False,False,False
Bothroponera_pachyderma_CASENT0744926_processed.obj,0.3156757917643906,0.5336866311853267,17.875893381484833,False,False,False
Cyphomyrmex_minutus_CASENT0745117_processed.obj,0.3158592008262638,0.5899865458900085,16.21934313792502,False,False,False
Cyphomyrmex_peltatus_CASENT0744330_processed.obj,0.3165161356058474,0.6290487255924356,11.97305819736845,False,False,False
Mayriella_sp._CASENT0745611_processed.obj,0.3170622504266617,0.4681801234896936,0.0914879936492175,False,False,False
Dacatria_templaris_CASENT0743775_processed.obj,0.3171335354442311,0.6086482465072175,0.2691730197407057,False,False,False
Cephalotes_depressus_CASENT0744250_processed.obj,0.3172809487097563,0.5236589745586915,6.620970976050226,False,False,False
Acromyrmex_balzani_CASENT0744618_processed.obj,0.3173938693289074,0.5650588280075906,12.939664779276091,False,False,False
Cephalotes_simillimus_CASENT0744407_processed.obj,0.3176917102489146,0.4539321805723622,2.99089574510947,False,False,False
Labidus_praedator_CASENT0744109_processed.obj,0.3184336072385772,0.6094239857321508,46.06536119053032,False,False,False
Azteca_sp._CASENT0744103_processed.obj,0.3185404762824381,0.6064999924569416,3.8673439805223935,False,False,False
Myrmecina_graminicola_CASENT0745188_processed.obj,0.3187831864572469,0.5135099177035757,0.5920012382572324,False,False,False
Psalidomyrmex_sallyae_CASENT0744987_processed.obj,0.3188101925972785,0.5157768561347008,16.51475514885699,False,False,False
Tetramorium_polymorphum_CASENT0877577_processed.obj,0.319210482387848,0.4915028647214031,5.92860769888882,False,False,False
Mycetophylax_asper_CASENT0745124_processed.obj,0.3192699918480787,0.5362362068807289,3.664507507678952,False,False,False
Eciton_burchellii_CASENT0744558_processed.obj,0.3210041606608355,0.7608589896096162,0.2753591270204429,False,False,False
Dorylus_sp._CASENT0744697_processed.obj,0.3217505990748384,0.5089324947563523,1.6017825800973255,False,False,False
Parasyscia_sp._CASENT0744711_processed.obj,0.3227825312155856,0.5295554660826778,0.2484784145840931,False,False,False
Neivamyrmex_pseudops_CASENT0744019_processed.obj,0.3232386522573728,0.5171387207816813,61.84215021970619,False,False,False
Tetramorium_sp._OKENT0105210_processed.obj,0.3238713360894434,0.5604414513219343,23.434423026972187,False,False,False
Mayaponera_constricta_CASENT0744226_processed.obj,0.3260437215684086,0.5999433738007797,10.70164496332177,False,False,False
Talaridris_mandibularis_CASENT0744061_processed.obj,0.3271094992299401,0.574868505122543,0.4274799812794146,False,False,False
Tetramorium_smithi_OKENT0105252_processed.obj,0.327235516302477,0.5670845740761684,0.4140265563836816,False,False,False
Loboponera_afrc-gh01_CASENT0744959_processed.obj,0.327359478952869,0.5627611761978486,4.170126683504472,False,False,False
Acromyrmex_coronatus_CASENT0744364_processed.obj,0.3289019881923454,0.5016664867644816,51.09034983103176,False,False,False
Tetramorium_bicarinatum_OKENT0105236_processed.obj,0.3295710696110785,0.5619311954026895,2.0758126911804577,False,False,False
Cyphomyrmex_minutus_CASENT0745116_processed.obj,0.3312960567521506,0.629749039963624,13.816511029508142,False,False,False
Tatuidris_tatusia_CASENT0745546_processed.obj,0.3313024529706663,0.560688508204978,6.386199546143572,False,False,False
Blepharidatta_brasiliensis_CASENT0745136_processed.obj,0.3330961674630462,0.5796094834348738,1.6794161082884576,False,False,False
Aphaenogaster_cf.araneoides_CASENT0878078_processed.obj,0.3331418927458346,0.53908889346099,16.275902664262496,False,False,False
Hylomyrma_immanis_CASENT0744021_processed.obj,0.3335406826900416,0.5971608095490415,10.129209279532908,False,False,False
Paratrachymyrmex_cf.intermedius_CASENT0744154_processed.obj,0.3341611545853644,0.5399254039642706,88.5846932269507,False,False,False
Ectatomma_brunneum_CASENT0744575_processed.obj,0.3356327449673131,0.6233427086660897,1.6069334181362134,True,False,False
Allomerus_octoarticulatus_CASENT0744405_processed.obj,0.3356734900767394,0.5418503913963857,0.1351486436060253,False,False,False
Tetramorium_simillimum_OKENT0105249_processed.obj,0.3360458565476224,0.6011076191628931,0.5629440159924696,False,False,False
Tetramorium_nipponense_OKENT0105247_processed.obj,0.3371280425577294,0.6362521252804092,0.2172669493615145,False,False,False
Pristomyrmex_brevispinosus_OKENT0105260_processed.obj,0.3378316757489762,0.6167342895694509,1.2765546176869835,False,False,False
Polyrhachis_dives_CASENT0878093_processed.obj,0.3388109537854394,0.6454562374602771,1.3035255281004217,True,False,False
Mycocepurus_smithii_CASENT0744315_processed.obj,0.3395280645468507,0.7000300432854337,13.371606265813458,False,False,False
Cyphomyrmex_major_CASENT0745147_processed.obj,0.3402866780690459,0.5851739115960743,29.691694548753865,False,False,False
Stigmatomma_sp._CASENT0741388_processed.obj,0.3405903681018253,0.5733068815674749,0.6855700927462052,False,False,False
Atta_sp._CASENT0744324_processed.obj,0.3418954482250848,0.6191358958260029,1.9939893973790437,False,False,False
Anochetus_risii_CASENT0877609_processed.obj,0.3427670802845269,0.6803570180944347,2.09284332698307,True,False,False
Fulakora_armigera_CASENT0744228_processed.obj,0.343216173213095,0.571241700563179,3.142651938363232,False,False,False
Tatuidris_tatusia_CASENT0745545_processed.obj,0.3438212168114172,0.5897174351013726,0.2873670419728468,False,False,False
Mycocepurus_goeldii_CASENT0744369_processed.obj,0.3439073859199621,0.59955561526972,3.016606628563794,False,False,False
Myrmica_rubra_CASENT0745021_processed.obj,0.3452882730833414,0.628539809744453,2.9533008285317583,False,False,False
Pheidole_dyctiota_CASENT0744160_processed.obj,0.3454912032194686,0.5600513400409419,8.574918359110224,False,False,False
Meranoplus_magrettii_CASENT0744818_processed.obj,0.3460663170838736,0.6020642960996949,1.9442766502081856,False,False,False
Blepharidatta_conops_CASENT0744070_processed.obj,0.3469523871102214,0.6417570566608709,2.604343644839702,False,False,False
Sericomyrmex_cf.mayri_CASENT0744449_processed.obj,0.3487625707147451,0.5678134248032292,42.63765012582185,False,False,False
Acanthomyrmex_cf.ferox_CASENT0878067_processed.obj,0.3490337466740502,0.5653692320745847,3.3811375713644685,False,False,False
Dacetinops_sp._CASENT0745606_processed.obj,0.3500951363684458,0.6170954141231964,7.645195429959318,False,False,False
Pachycondyla_harpax_CASENT0744148_processed.obj,0.3502171564838697,0.5303099312423495,4.79441222576579,False,False,False
Mycetophylax_olitor_CASENT0744643_processed.obj,0.351259506787056,0.6636212020174223,0.4229734519856151,False,False,False
Tetramorium_nipponense_OKENT0105246_processed.obj,0.3514065808590931,0.5894081903620706,2.692601491782273,False,False,False
Cyphomyrmex_salvini_CASENT0744339_processed.obj,0.35191034373301,0.6802623152939942,3.163617235549696,False,False,False
Cephalotes_minutus_CASENT0745141_processed.obj,0.3520969212810486,0.5535297307777405,4.9638531726382285,False,False,False
Neivamyrmex_pilosus_CASENT0878110_processed.obj,0.3521391870579532,0.7539410282126,4.909804813022101,False,False,False
Cephalotes_minutus_CASENT0744310_processed.obj,0.3525094663753292,0.5179304156308753,0.2372774556884435,False,False,False
Pheidole_capellinii_CASENT0877638_processed.obj,0.352584190023382,0.5748609760255847,0.0334535304655791,False,False,False
Adelomyrmex_samoanus_CASENT0745601_processed.obj,0.352929526827057,0.532908406041482,0.0878616127248568,False,False,False
Holcoponera_striatula_CASENT0744358_processed.obj,0.3547984605241638,0.6270552031947092,1.6120898618594524,False,False,False
Hypoponera_opacior_CASENT0878068_processed.obj,0.3550746257591737,0.6177420683329257,6.242606177142863,False,False,False
Pheidole_biconstricta_CASENT0744362_processed.obj,0.3558453322786142,0.6455246290280097,2.8224606769795773,False,False,False
Eurhopalothrix_sp._CASENT0745608_processed.obj,0.356455654052044,0.5724297442460922,1.1214257155749854,False,False,False
Hypoponera_foreli_CASENT0744356_processed.obj,0.3577738848243157,0.5951634637851211,19.57263908522813,False,False,False
Mycetosoritis_hartmanni_CASENT0745093_processed.obj,0.3584223214004874,0.6386928064185449,0.9229051379414972,False,False,False
Sericomyrmex_cf.parvulus_CASENT0744360_processed.obj,0.3589940882473322,0.6230996470016852,34.25711013058955,False,False,False
Pseudomyrmex_ferrugineus_CASENT0741429_processed.obj,0.3597293850947186,0.6242510046990009,0.7658669827319462,False,False,False
Acromyrmex_echinatior_CASENT0745011_processed.obj,0.359940866535864,0.5465390311277759,56.46398443564527,False,False,False
Meranoplus_cf.bicolor_CASENT0877605_processed.obj,0.3620474875567055,0.6182256933674879,2.146035401073904,False,False,False
Atopomyrmex_mocquerysi_CASENT0744786_processed.obj,0.3631263736637961,0.6715356031095708,5.719954596550355,False,False,False
Acropyga_goeldii_CASENT0744199_processed.obj,0.3634392988361463,0.6062599824496162,1.1644182009613129,False,False,False
Carebara_oni_OKENT0105038_processed.obj,0.3635186362717449,0.5874345554906235,4.968184801573288,False,False,False
Strongylognathus_destefanii_CASENT0745219_processed.obj,0.3635449283050479,0.5706003891993708,2.4974575015728533,False,False,False
Sericomyrmex_bondari_CASENT0744099_processed.obj,0.366279010782495,0.6097171612570739,25.351517246062333,False,False,False
Meranoplus_inermis_CASENT0745544_processed.obj,0.3678009795575081,0.5873199860119555,14.834226819464172,False,False,False
Atta_sp._CASENT0744323_processed.obj,0.3687679850522677,0.6312918129194677,54.871047588971614,False,False,False
Temnothorax_nylanderi_CASENT0878032_processed.obj,0.370628066761506,0.5702510875634047,10.541271101963687,False,False,False
Megaponera_analis_CASENT0745583_processed.obj,0.3723346215080436,0.5656019303766141,13.568058001511522,False,False,False
Ectomomyrmex_insulanus_CASENT0745604_processed.obj,0.3731046998713753,0.6423827621196017,0.079347309295677,False,False,False
Tetramorium_peringueyi_CASENT0744909_processed.obj,0.3744811391023881,0.5974781474481893,4.480895970269992,False,False,False
Tetramorium_bicarinatum_OKENT0105234_processed.obj,0.3756958084360331,0.6457999353926727,0.3138356835117401,False,False,False
Pogonomyrmex_naegelii_CASENT0744359_processed.obj,0.376035085699253,0.6252748026046568,1.6099846667258209,False,False,False
Myrmecia_croslandi_CASENT0745598_processed.obj,0.3766136502874475,0.5947156593344236,26.86231049975213,False,False,False
Meranoplus_inermis_CASENT0744999_processed.obj,0.3771146157219859,0.603426673494924,7.762824031667622,False,False,False
Lioponera_MG04_CASENT0840850-D4_processed.obj,0.3773451117552768,0.6584255097684903,11.604446267137808,False,False,False
Pachycondyla_harpax_CASENT0744553_processed.obj,0.377604435189681,0.6375902465626898,2.667905741409189,False,False,False
Ectomomyrmex_insulanus_CASENT0745603_processed.obj,0.3804415139003636,0.6375037325691942,7.204330098502157,False,False,False
Gnamptogenys_sp._CASENT0744342_processed.obj,0.380622739619802,0.707370120426365,6.750841343509112,False,False,False
Tetramorium_polymorphum_CASENT0877581_processed.obj,0.3821359055003017,0.5636648243647905,1.5813655320288889,False,False,False
Apterostigma_sp._CASENT0744290_processed.obj,0.3865699965461863,0.6174619543688287,38.00115320472024,False,False,False
Phrynoponera_transversa_CASENT0744980_processed.obj,0.3891373283136997,0.6152323824527361,9.999486990204325,False,False,False
Calyptomyrmex_brunneus_CASENT0745549_processed.obj,0.3891784722807754,0.5971496541853062,3.420530292338911,False,False,False
Cephalotes_atratus_CASENT0744036_processed.obj,0.3953546184661624,0.6861908001452164,15.5834622600469,False,False,False
Eburopone_afrc-gh01_CASENT0744704_processed.obj,0.3957134649513643,0.6373679603104939,5.557782922285281,False,False,False
Tetramorium_amentete_CASENT0744908_processed.obj,0.3957948234961921,0.6430288438923762,8.470691946496023,False,False,False
Cyphomyrmex_cf.minutus_CASENT0744280_processed.obj,0.3971196226153234,0.7382347926359321,10.233212019028134,True,False,False
Rasopone_ferruginea_CASENT0744069_processed.obj,0.3981170722037399,0.6359209275962605,9.46496379681614,False,False,False
Cyphoidris_afrc-tz01_CASENT0744810_processed.obj,0.398376139151102,0.6795294849927399,1.87387850346252,True,False,False
Acanthostichus_aff.brevicornis_CASENT0744325_processed.obj,0.4069824625947593,0.7102521950710198,1.5262410142900982,False,False,False
Lioponera_daikoku_OKENT0105067_processed.obj,0.4082356178373063,0.6382305803165054,0.3521533923489262,True,False,False
Allomerus_octoarticulatus_CASENT0744406_processed.obj,0.4140477494103839,0.6585814809805516,0.860894069126555,False,False,False
Megaponera_analis_CASENT0745580_processed.obj,0.4142830656040752,0.6191572357474245,10.036075763909071,False,False,False
Myrmecia_croslandi_CASENT0745597_processed.obj,0.4149373391764281,0.6963201330644715,3.884100632028568,False,False,False
Cyphomyrmex_laevigatus_CASENT0744291_processed.obj,0.4191684669580552,0.6135579090111483,68.4690817364309,False,False,False
Mycetophylax_faunulus_CASENT0744023_processed.obj,0.4198806828755824,0.6945253285642113,33.939761668574306,False,False,False
Cephalotes_atratus_CASENT0744612_processed.obj,0.4209992038662458,0.6395226982573393,16.031057056566922,False,False,False
Heteroponera_panamensis_CASENT0744055_processed.obj,0.4214637797333393,0.6591443745238481,0.8655415010304931,True,False,False
Meranoplus_magrettii_CASENT0744819_processed.obj,0.4242188211520715,0.6642056659804442,4.405026828251674,False,False,False
Tetramorium_polymorphum_CASENT0877579_processed.obj,0.4305074175858587,0.6406710180735631,11.818594112480378,False,False,False
Cataulacus_sp._CASENT0745594_processed.obj,0.4406924375325918,0.6576123162375692,3.540720820323091,False,False,False
Tetramorium_polymorphum_CASENT0877580_processed.obj,0.4478898715681541,0.6203599303904344,19.34367376411636,False,False,False
Mycetophylax_strigatus_CASENT0744168_processed.obj,0.4539717611999851,0.7119624543337163,44.401125887663,False,False,False
Cataulacus_sp._CASENT0745593_processed.obj,0.456912579574981,0.6564989350351098,16.121093884646818,False,False,False
Polyrhachis_militaris_CASENT0744776_processed.obj,0.4631293163643893,0.7146764184612345,19.589279594414517,False,False,False
Typhlomyrmex_reichenspergeri_CASENT0744414_processed.obj,0.4656011519197812,0.7671764850654547,1.927805824131921,False,False,False
