name,contact_frac,contact_pairs_per_pt,hull_fill,area_over_hullarea,radial_med,radial_p95_over_med,limb_area_frac,extent_along_axis
01.obj,0.2125,0.50985,,0.2730167133207461,0.15159887821279378,3.9999398479068766,0.24155,1.9247469773731478
02.obj,0.19645,0.37955,,0.30414653661009644,0.16970559134699365,3.6919005110385394,0.28045,1.8562445131686987
03.obj,0.18825,0.39895,,0.29286165596922864,0.15885980899107927,3.620373931068617,0.284,1.7684929022636742
04.obj,0.17315,0.3508,,0.28894926262893506,0.16239793956440757,3.530077404240848,0.2453,1.813285876574522
05.obj,0.21125,0.44695,,0.26779825332073326,0.16583069219065025,3.6667029820398755,0.2604,1.9648811003163607
06.obj,0.20965,0.4359,,0.30133898700864414,0.15757439562146044,3.318720126315737,0.2551,1.9136619601230689
07.obj,0.2179,0.49065,,0.26246248959466534,0.15341306783546932,3.776055332732565,0.28455,1.8777155306931603
08.obj,0.25165,0.50565,,0.2903813758667498,0.16339968589203097,3.251308137277916,0.28525,1.7510048237463556
09.obj,0.25975,0.6144,,0.2878394350111246,0.16075516801996326,3.358530401392057,0.27295,1.8312854404761363
10.obj,0.37895,1.24595,,0.2342938678728549,0.138371273967022,3.962205238383726,0.287,1.8037840781296115
11.obj,0.3255,1.04575,,0.23847391921409816,0.13237711580997147,3.7770242228412596,0.25505,1.842354679961052
12.obj,0.3302,1.1352,,0.22697165824300364,0.13447287325789703,3.541403753156901,0.28195,1.7867956042115363
13.obj,0.2411,0.615,,0.23694689116827589,0.15017544389519522,4.111614846269962,0.276,1.8148062007361863
14.obj,0.21535,0.48905,,0.25096311696443635,0.16234152333180696,3.2408219212286538,0.23155,1.952260264127708
15.obj,0.16975,0.36075,,0.26161855349055607,0.1640252703744292,3.476639302284745,0.2462,2.0232527717835334
16.obj,0.2115,0.47565,,0.2567684576274672,0.15209403419868583,3.7202880882549465,0.2683,1.843931769623028
17.obj,0.17825,0.3991,,0.27057310172313226,0.16829415863476632,3.252417098894233,0.2205,1.92301307475568
18.obj,0.15515,0.3776,,0.27633651485845095,0.15409890421028394,3.2858809731849945,0.23165,1.8952835724316461
19.obj,0.1781,0.3907,,0.30409952769313753,0.16194848434630355,3.2219490418760572,0.2308,1.8013433109670598
20.obj,0.18485,0.35895,,0.3047552346215628,0.1653099990339524,3.2113921364906894,0.23615,1.9695421803983888
acanthomyrmex.obj,0.1886,0.2405,,0.3960913703502722,0.16379371771998533,3.3379188381183815,0.2616,1.9527440158230966
acanthostichus.obj,0.19115,0.2367,,0.5395443791157153,0.12759097086206972,3.2056358253247863,0.17665,1.8306177782879167
acromyrmex.obj,0.32045,0.60605,,0.3339834441396081,0.13677851479689704,3.4719145767750526,0.2536,1.693135073532456
aenictus-binghamii.obj,0.2247,0.3481,,0.29994779740119865,0.1333069181752296,3.752093953792187,0.268,1.915885111215908
amblyopone.obj,0.17075,0.203,,0.4872254918044819,0.14879286811910464,3.3644755962980692,0.21755,1.9451069404288337
ancyridris.obj,0.25975,0.3528,,0.33250913838385177,0.16338921865165723,3.666557623034479,0.2466,1.9233751592730868
ankylomyrma.obj,0.14675,0.1747,,0.5479817000870988,0.1861967013943115,2.794995152349731,0.1737,1.768035955193196
apomyrma.obj,0.18845,0.2831,,0.5831902468794108,0.12245615192216466,2.641916673095301,0.12065,1.960418296400312
atta-vollenweideri.obj,0.30425,0.6326,,0.3565697397988835,0.13654906404504719,3.2759745176745914,0.2276,1.644012946273664
basiceros.obj,0.20185,0.2203,,0.5803348917687302,0.1818279549999363,3.360781446703634,0.19605,1.9119088613060078
brachyponera-chinensis.obj,0.223,0.293,,0.4226219238378054,0.14852038820548902,3.5048734824018717,0.23915,1.9929932516841362
cataulacus.obj,0.133,0.1726,,0.5572266188249548,0.2055506130220854,2.7735072970520984,0.16175,1.9541545841187586
cephalotes-varians.obj,0.12625,0.1351,,0.6583312256608198,0.20483941709773962,3.021660021782897,0.16765,1.9069932672186682
cephalotes.obj,0.11245,0.12255,,0.9082266165433803,0.2058775176998981,2.6215884209212468,0.13095,1.8580340153563766
colobopsis-conica.obj,0.16885,0.23475,,0.41688377368022833,0.15340382397453092,2.989884783868279,0.17995,1.8455728480110007
cyphomyrmex.obj,0.2076,0.28055,,0.4668723181975628,0.16495236263692736,3.2740964961370254,0.25465,1.820769235014411
daceton.obj,0.193,0.22815,,0.4325031478932229,0.1541767663518157,3.3780301682903073,0.1865,1.9492369205659865
diacamma-indicum.obj,0.3061,0.4826,,0.29914337133416313,0.12876279889352488,3.827745896098929,0.2894,1.8544375517398297
dolichoderus-attelaboides.obj,0.24395,0.3778,,0.2717877126246505,0.12893867450460392,3.9246258119845305,0.2922,1.9291911623380669
dolichoderus-sibiricus.obj,0.2002,0.26785,,0.35566401270606135,0.1491882180936682,3.7857439667950024,0.25185,1.8765514058262234
dolichoderus.obj,0.17015,0.229,,0.3873485883686317,0.1687513358400469,3.4222057101921624,0.2089,1.907639149103727
dorylus-helvolus.obj,0.1874,0.2918,,0.47459227761085254,0.14056627488368556,3.389437296054188,0.21665,1.9405286643213429
dorylus-nigricans.obj,0.3353,0.58125,,0.31803763898885684,0.12983783732849571,3.235602598050312,0.1981,1.655529033085211
ectatomma-tuberculatum (1).obj,0.30845,0.5016,,0.2810554318200593,0.14948018999399587,3.512022002975484,0.27105,1.9095742169807592
ectatomma-tuberculatum.obj,0.30685,0.49315,,0.2810554318200593,0.1515299554598363,3.529845681646764,0.26575,1.8966542728845968
ection-burchellii.obj,0.25105,0.35625,,0.30505289724896123,0.1533496253801797,3.150417753700941,0.22545,1.9371671893524143
formica-japonica.obj,0.255,0.3313,,0.32560520317139685,0.14251035860776629,3.6836278364942387,0.2506,1.9938858013564595
fulakora.obj,0.18505,0.26125,,0.5049349758430172,0.13554235666020054,2.9650635563978978,0.1914,1.9702893627793485
gerontoformica.obj,0.25715,0.4094,,0.3147202069686728,0.11614338683697992,4.108317548215453,0.20575,1.8286236475131958
harpegnathos.obj,0.2433,0.3438,,0.36062273101811165,0.1426734169310016,3.416623221978737,0.28955,1.8206265949933322
iroponera.obj,0.1793,0.28535,,0.48331616694750323,0.1510621764446891,2.8954727098965507,0.17365,1.9195725044685723
labidus-coecus.obj,0.23975,0.39275,,0.3658706835000421,0.12550503544517744,3.3889592853766373,0.21385,1.8139029189709932
leptogenys-wheeleri.obj,0.20205,0.27935,,0.36272029671962797,0.13444717703972578,3.975242433784536,0.27625,1.998789877188151
manica-andrannae.obj,0.1922,0.2552,,0.4217290182368722,0.1584462156215138,3.4467785280874566,0.2334,1.9858853319854444
martialis-heureka.obj,0.19125,0.2777,,0.36626884486695277,0.1348031856418893,3.0447722402997983,0.18425,1.9452904087206764
meranoplus.obj,0.166,0.1869,,0.4818394989594711,0.20476442135560663,2.945339257271655,0.17865,1.9344059720223126
messor-barbarus.obj,0.2005,0.30245,,0.3544404008571597,0.15951111387100264,3.704332750593295,0.2732,1.7175646073406226
nomamyrmex.obj,0.2185,0.32505,,0.4157616697142859,0.14863786387382044,3.4526850412835,0.2324,1.9108645315743502
notoncus.obj,0.15565,0.18945,,0.495218938922192,0.1746265007110949,2.8770272824880614,0.2175,2.0030508906534292
odontomachus.obj,0.27295,0.4065,,0.21415060720317447,0.12262378571501678,4.716686479687858,0.31385,1.9766783622796371
ophthalmopone-berthoudi.obj,0.17225,0.24895,,0.3982640478404284,0.13718331096823613,3.5330443082572143,0.23965,1.895122376211717
pachycondyla-crassinoda.obj,0.19015,0.28375,,0.41128919750715937,0.15019588368078235,3.4723002150758138,0.2587,1.9938942946202403
paraponera-clavata.obj,0.28865,0.4457,,0.29782538046078105,0.13882341628043732,4.201392884460783,0.3472,1.8596532592523434
pheidole-barumtaum-major.obj,0.1616,0.2677,,0.4847660569932123,0.15896428091363077,2.7221404122659587,0.13315,1.7218486059975784
pheidole-caldwell-queen.obj,0.14245,0.19225,,0.5759261278553467,0.16784313050716296,2.36311975020054,0.09075,1.9082663755876608
pheidole-cervicornis-minor-worker.obj,0.17285,0.25815,,0.4203634270082793,0.14777459455418562,3.1526811772887844,0.24185,1.80213438305953
pheidole-drogon-minor-worker.obj,0.18075,0.31935,,0.3241397058891722,0.14940328829592894,3.393115533347421,0.32535,1.9120964963775124
plectroctena-strigosa.obj,0.17805,0.2561,,0.4680737154841211,0.15214209044777788,3.063818190238656,0.19335,1.8913389701842735
polyrhachis-bihamata.obj,0.1907,0.25735,,0.2898635002855338,0.15321438023865808,3.982504374439936,0.26475,2.0228981173541136
pristmyrmex.obj,0.19615,0.2173,,0.4234312660303674,0.188967346538621,3.3827540410984573,0.2496,1.9109771341657282
proatta.obj,0.1799,0.2245,,0.413152543130974,0.17611358118231007,3.224724034964761,0.2061,1.840062271846485
protanilla-lini.obj,0.2201,0.44065,,0.4099442929671704,0.1104670903378732,3.948396203567438,0.212,1.9025844198062893
santschiella-kohli.obj,0.1704,0.21015,,0.48355197837440783,0.15734205341910942,3.1202299609021016,0.16945,1.8813265176647769
simopone.obj,0.1521,0.2643,,0.6527057991163395,0.1215056729289584,2.2466840179724135,0.07565,1.9809610298518692
stigmatomma-liebe.obj,0.1924,0.31405,,0.5362223070617228,0.12893239389782107,2.833208860397579,0.1772,1.8608571175775936
streblognathus.obj,0.3273,0.66425,,0.48518347913168464,0.15207011693578876,3.034236578974503,0.21225,1.9242073878632002
strumigenys-oasis.obj,0.1322,0.17735,,0.6201170848786192,0.17804674908955587,2.691307373069782,0.09535,1.9570915098195854
tapinoma.obj,0.2146,0.3019,,0.4047360202874865,0.1491812909402459,3.7108720476600907,0.27695,1.9529367820355037
tatuidris.obj,0.1382,0.1372,,0.5804935884721603,0.2160759532394202,3.141221844242228,0.18225,1.9965489051544671
terataner-nymeria.obj,0.1637,0.2242,,0.5881430381576694,0.1587650555642702,2.583515744409465,0.15855,1.9675628015134023
tetraponera.obj,0.16745,0.26025,,0.43634800844486527,0.12833747880694202,3.4200269014378186,0.20715,1.9363890625484796
