name,n_verts,n_faces,n_components,frac_area_offmain,frac_boundary_edges,frac_nonmanifold_edges,frac_degenerate_tri,frac_dup_verts,yaw_deg,pitch_deg,pca_ev1,pca_ev2,pca_ev3,elongation,flatness,area_norm,area_over_vol23,limb_area_frac,radial_p95_over_med,speckle_frac,clump_frac,spacing_cv
01.obj,12054,10878,1465,0.9532637101409162,0.4903548133413517,0.0,0.0,0.5647917703666833,0.7003511602434158,2.979793301267089,0.6196270234377894,0.33883552992689236,0.0415374466353183,1.8286955431488576,8.15735095374853,1.522677873714284,,0.22805,3.950786613901306,0.0,0.0,0.18247427752743173
02.obj,25540,28436,2392,0.950723579005073,0.3560154940163034,0.0,0.0,0.45007830853563036,0.7776551209617455,6.559021850724175,0.6115003445853346,0.3210049581985431,0.06749469721612229,1.9049560730059465,4.756002640780281,1.9480006431193018,,0.2767,3.6706355835215847,0.0,0.0,0.18878415360572764
03.obj,29073,38538,1625,0.9431998044530201,0.25282596868766244,0.0,0.0,0.3405909262889967,0.041312445175822526,6.332304306291084,0.6706308121474505,0.28182119228354474,0.04754799556900472,2.3796323005855364,5.927088805973906,1.5994709322229361,,0.2803,3.5553524314292737,0.0,0.0,0.1798876476333934
04.obj,11128,10611,1129,0.9553068244042549,0.46802059771885074,0.0,0.0002827254735651682,0.534058231488138,4.8333757617404025,7.592886135497496,0.6428091547546623,0.3080838417759223,0.0491070034694154,2.086474743528402,6.27372513103557,1.5657988075702558,,0.2363,3.437882669411696,0.0,0.0,0.18181858919520405
05.obj,11795,10132,1567,0.9462670410049584,0.5188578111295196,0.0,0.0,0.587452310300975,5.353270428820751,3.7484145251447245,0.5979190790462768,0.3598808125378853,0.042200108415837836,1.661436392870578,8.527959430616555,1.7088196981021537,,0.2607,3.592628843613772,0.0,0.0,0.18143419854870885
06.obj,13748,12098,1728,0.9619812001577008,0.504327041951702,0.0,0.0,0.5736834448647076,6.2934391932999745,7.619356420236442,0.6445797333551574,0.31146905890912635,0.043951207735716306,2.0694823929307815,7.08670079743942,1.5114716291913066,,0.23635,3.245706647739404,0.0,0.0,0.18368022977408763
07.obj,22657,23614,1988,0.937589305687685,0.4109730384460096,0.0,0.0,0.48885554133380416,1.3199899752189281,2.2844915826580436,0.5995347242881575,0.34883212886234277,0.05163314684949978,1.7186912405214478,6.755972667695776,1.5802946466222754,,0.27945,3.7828939868031095,5e-05,0.0,0.18201257599106677
08.obj,15246,13240,1994,0.9615606390130622,0.5163049568562997,0.0,0.0,0.5842844024662206,0.08799094296624971,1.382536781927719,0.6233256274335371,0.32514985829584164,0.05152451427062118,1.917041055162929,6.310585609561762,1.4655174592609939,,0.28845,3.249905834820757,5e-05,0.0,0.18650921557546
09.obj,15585,13977,1964,0.9539381827043559,0.4916906474820144,0.0,0.0,0.5690728264356752,1.485515490070331,3.6951405658407728,0.6478425214687922,0.29038393373372934,0.06177354479747847,2.230986105666708,4.700781454030828,1.4657804333003952,,0.26505,3.2851714865291735,0.00015,0.0,0.19020065738966757
10.obj,16532,15644,2125,0.9450550996382024,0.44765653425065327,0.0,0.0,0.5428260343576095,11.756634042704826,0.22390264929219184,0.6224607397071301,0.34447694988477956,0.03306231040809023,1.806973557781821,10.419022313712452,1.0712023941927111,,0.27235,3.7802360393554046,0.0,0.0,0.18865854193256484
11.obj,10710,11345,883,0.9433714793088619,0.3998589562764457,0.0,0.0,0.4726423902894491,9.921837407199781,4.9401335888168125,0.6554383581783372,0.2994277399205129,0.04513390190115004,2.1889700611985115,6.634209038170558,1.056348285899111,,0.2642,3.7761177465661837,0.0,0.0,0.1817212265377541
12.obj,12648,13434,855,0.9329886455577009,0.40911064619271303,0.0,0.0,0.46979759645793806,4.439796262334306,7.464899387154817,0.6406079533898056,0.3179806692058589,0.04141137740433537,2.014612885084155,7.678582291555687,0.9518424794379661,,0.27755,3.4897194653977777,0.0,0.0,0.17401806450639926
13.obj,12735,14354,752,0.9374864294429458,0.3712697151934642,0.0,0.0,0.4367491166077738,4.2404590880942195,7.243340670912601,0.5433500889254388,0.41166512562157626,0.04498478545298508,1.3198836994147376,9.151207935665706,1.2455689670158456,,0.28085,3.929735554837365,0.0,0.0,0.17633903419798005
14.obj,11189,11278,892,0.9457804427294169,0.437589471253752,0.0,0.0,0.49673786754848515,0.01108971969555529,3.513123085686927,0.6719906991529423,0.27310069895477057,0.05490860189228723,2.4605967751998823,4.97373252173685,1.375945147832424,,0.2323,3.256205296559431,5e-05,0.0,0.18125440642179502
15.obj,12328,13804,761,0.928843232959646,0.37223379584135846,0.0,0.0,0.4398929266709929,2.664445471061708,3.562066042082647,0.6461319554274867,0.305995416145638,0.04787262842687531,2.111573969199464,6.39186579473156,1.5115492504253172,,0.24385,3.4461011318608894,0.0,0.0,0.17854884756085954
16.obj,12118,12354,973,0.950854138468659,0.42957627118644065,0.0,0.0,0.4912526819607196,3.9829826410367826,3.5337377307635585,0.608308060797382,0.3397125157921287,0.051979423410489264,1.790655429279526,6.535519124738423,1.4184453692878403,,0.26565,3.645409906339196,0.0,0.0,0.17921473859442197
17.obj,11991,11858,1076,0.9473797569642977,0.4449204406364749,0.0,0.0,0.5068801601200901,5.384806264777928,6.032347868477439,0.6427575586624125,0.30214307425919384,0.05509936707839363,2.12732845271516,5.483603356628658,1.5113446434921458,,0.21795,3.262276820854418,0.0,0.0,0.17735235682630207
18.obj,11531,13144,746,0.9418364523237972,0.3581629678977391,0.0,0.0,0.43075188621975546,1.6920487029578326,5.3696466967660195,0.6721941378069078,0.27833335150269367,0.04947251069039839,2.4150686009340943,5.6260203417715875,1.3725807420139202,,0.234,3.2836431937328032,0.0,0.0,0.17598992872895233
19.obj,11447,11362,1024,0.9478326130869742,0.4442010132822128,0.0,0.0,0.5059841006377217,1.7431932678716886,0.3849312559620422,0.6393215417611581,0.3095282826372948,0.05115017560154711,2.065470516341523,6.051363050021136,1.5656860449502013,,0.23415,3.235825548263844,0.0,0.0,0.18094611809580516
20.obj,17992,16845,2025,0.9548687069555589,0.4723397823458283,0.0,0.0,0.5473543797243219,4.375236571216498,3.610162614286359,0.620946869143056,0.31531728230809475,0.06373584854884934,1.9692763574447285,4.947251656442995,1.7117769020263667,,0.23575,3.231150946339214,5e-05,0.0,0.17944334870180065
acanthomyrmex.obj,23014,50480,3749,0.8738092212640677,0.03581116256130641,0.0904320903087925,0.0,0.0,1.2190576880369928,6.410593996575849,0.6966661413083015,0.23603615243685855,0.06729770625483987,2.9515230362631204,3.5073432004212397,2.873233263458887,,0.26545,3.341812881376209,0.0,0.0,0.20740459977357392
acanthostichus.obj,28879,62878,4375,0.7814841736295544,0.035052359461946285,0.08654646628401175,0.0,0.0,0.022009059993379394,0.7841558555943217,0.8293417148720034,0.1428277877718795,0.027830497356117093,5.806585173724069,5.132060198000241,2.2561247948761514,,0.17375,3.185320004977946,0.0,0.0,0.20399198021858475
acromyrmex.obj,18667,41934,3834,0.8323697902849403,0.043747091283824216,0.11078053320922811,0.0,0.0,0.42809426507103693,1.2908861660483613,0.6952683768188032,0.24291461634581465,0.06181700683538216,2.862192433200541,3.9295758365119964,1.6709311257836421,,0.24965,3.4353367816090823,0.0,0.0,0.2154932133768836
aenictus-binghamii.obj,13594,30399,2941,0.8627037225620975,0.03844561016013252,0.11255291735689306,0.0,0.0,0.36728232089891,3.4841611476774355,0.7421940252703889,0.22272265561552312,0.03508331911408797,3.3323687849322687,6.348391806694457,1.7070231034127314,,0.2702,3.7710717897192687,0.0,0.0,0.21235137734459647
amblyopone.obj,23984,52491,3914,0.8153452541159243,0.03807420262417501,0.09184612552917357,0.0,0.0,0.8414480148010147,0.715063984986263,0.7691493897719904,0.1947516631671802,0.03609894706082923,3.949385475140879,5.394940269005912,2.687704239119126,,0.2149,3.3646707898101873,0.0,0.0,0.2112834517557453
ancyridris.obj,14478,32767,3321,0.8873814416988461,0.04606275649794802,0.12181515047879617,0.0,0.0,0.7616308411506167,1.3006383343688388,0.6660493645760507,0.26957666028933586,0.06437397513461336,2.4707234070678887,4.187665275068382,2.2589642169834763,,0.2606,3.680268459583331,0.0,0.0,0.21395741599603743
ankylomyrma.obj,34563,74262,4066,0.7833410559474134,0.026042724469636822,0.06931186647218478,0.0,0.0,0.6579173008067776,2.0483591489539643,0.7106708148814163,0.2246373030696024,0.06469188204898145,3.1636366942191234,3.4724187325315143,3.0977636697292867,,0.16565,2.7822414234058024,0.0003,0.0,0.20440732606998255
apomyrma.obj,35867,77201,4379,0.8259486709281771,0.028411815904932768,0.07206423077606267,0.0,0.0,0.14679010863959208,0.5642733214219554,0.8817612540695298,0.0955051415039573,0.022733604426512906,9.232605074282766,4.201055834004708,2.0879022035207697,,0.117,2.638366860509288,0.0,0.0,0.20514668971695335
atta-vollenweideri.obj,18253,40915,3541,0.8111458724676863,0.03985155678123351,0.1043528590640587,0.0,0.0,0.5160379556119742,5.128892237365173,0.701189012588536,0.23903375933113793,0.05977722808032598,2.933430886710717,3.9987427822838324,1.5954266664862344,,0.23435,3.2736271386217948,0.0,0.0,0.21718441623121928
basiceros.obj,23473,50797,5471,0.827284001215665,0.06666666666666667,0.10699001426533523,0.0,0.0,0.4211718656481421,2.2995917791312483,0.7065633852389124,0.2545216174140796,0.038914997347007936,2.7760446928537665,6.540450591438856,3.6598927045124037,,0.2038,3.397718382968948,0.0,0.0,0.21360086488591123
brachyponera-chinensis.obj,25392,57239,5951,0.8283323801421552,0.04234264062097635,0.11142993782879006,0.0,0.0,0.009215375195440212,3.927144612756421,0.7683383537687184,0.1971239217883007,0.034537724442980866,3.8977428350571666,5.707495932852704,2.827340442935401,,0.23395,3.4860472495130095,0.0,0.0,0.2179527975942992
cataulacus.obj,36326,77993,4036,0.8322915123094758,0.02435639563991533,0.0654539705404432,0.0,0.0,0.8985804504786327,3.110830274590132,0.7353915581682767,0.20588175409545129,0.05872668773627203,3.571912243507179,3.5057613843303854,3.785090280410281,,0.1655,2.779345730689662,0.0,0.0,0.20676356010917538
cephalotes-varians.obj,26960,58692,3769,0.7691616918146625,0.02507700627806908,0.07440805097698042,0.0,0.0,0.5312146844742422,1.8814390119389643,0.7273555667234552,0.2370051453219824,0.035639287954562324,3.0689442026050076,6.650108880518261,4.458441717874578,,0.1658,3.0296651544412936,0.0,0.0,0.20927500549058872
cephalotes.obj,38537,81742,2545,0.7950097854545832,0.011493965251190685,0.04206390911593224,0.0,0.0,0.5276324018623592,1.6797645925483893,0.7248284249692108,0.23110963182225602,0.044061943208533016,3.1362969135214094,5.245107568871348,4.763423537663105,,0.1277,2.5913109987269545,0.0,0.0,0.21101326330648779
colobopsis-conica.obj,18565,40181,2709,0.7773892366546341,0.033018221674201945,0.08078161391971503,0.0,0.0,0.2363372108102964,1.6015877836851564,0.7144540793706535,0.23713322960645963,0.04841269102288677,3.0128804830784097,4.898162539536513,2.2308838219736655,,0.17865,3.010878262720906,5e-05,0.0,0.20539443576467525
cyphomyrmex.obj,21589,47628,3482,0.8714859109212589,0.037146757282681304,0.09259097905956841,0.0,0.0,1.2381894002782918,0.8573785370215953,0.6641410494587332,0.27939115631033934,0.056467794230927494,2.377101187558797,4.947796529252711,2.858067281445722,,0.25255,3.289932946150562,0.0,0.0,0.2053568046127927
daceton.obj,26942,58767,4675,0.7881381057181569,0.04279694341084361,0.09568861291420656,0.0,0.0,1.3547038054389877,4.874570672148015,0.7665101578567786,0.20249560943643963,0.030994232706781828,3.7853174199185524,6.533331905717146,2.6257139882797036,,0.18965,3.39246040473696,5e-05,0.0,0.20192397298317044
diacamma-indicum.obj,14727,33147,3385,0.8299107337899192,0.05049632236717318,0.12261586124048979,0.0,0.0,0.1565406371010258,1.2273507945048,0.6965412447029747,0.2590859497198531,0.04437280557717212,2.688456265019919,5.838845354712968,1.6306007004233383,,0.29245,3.8571105320357737,5e-05,0.0,0.20838422763730513
dolichoderus-attelaboides.obj,15314,33774,2846,0.8614819638929919,0.03957631989490106,0.10082929632974792,0.0,0.0,0.2886393553624916,0.21044691778566763,0.7170824849811978,0.24565205744810026,0.03726545757070202,2.9190982254756737,6.591950655161982,1.5546530839349284,,0.29195,3.972264158694666,0.0,0.0,0.2055633991687585
dolichoderus-sibiricus.obj,21277,46817,3724,0.8315863727823072,0.03875682312391829,0.09699560657386726,0.0,0.0,0.29347213215223333,1.7805616098558676,0.7088859683415748,0.24094871101879106,0.050165320639634116,2.9420616750520416,4.80309321153675,2.448560940076008,,0.25045,3.844689673005701,0.0006,0.0,0.22763232748768616
dolichoderus.obj,16527,36073,2606,0.8463018314478298,0.031614646203368395,0.08484221417485774,0.0,0.0,0.16968451279361665,3.986086310196311,0.6842320523680635,0.2373912961378001,0.0783766514941364,2.8822962909764085,3.0288522361223875,2.7185881884748264,,0.21205,3.4387951310158,0.0001,0.0,0.20695530698797315
dorylus-helvolus.obj,22374,48291,2618,0.8076835516418253,0.023782768871883134,0.0675504601510604,0.0,0.0,0.47688726901689266,0.8223905656311908,0.7902844484633136,0.17340106980957634,0.0363144817271099,4.5575523226654795,4.7749840163663135,2.503370264819448,,0.21,3.332127455138945,0.0,0.0,0.2064649412920576
dorylus-nigricans.obj,15818,35400,3318,0.8589106303972187,0.045142103086286016,0.11192956886534182,0.0,0.0,1.086157137499627,2.643836995479148,0.736399125957611,0.21421858955973663,0.0493822844826523,3.4376060801775563,4.337964349036755,1.3862850513039973,,0.2052,3.2904582966398706,0.0,0.0,0.20551420343967985
ectatomma-tuberculatum (1).obj,14070,31505,3028,0.8871649934324967,0.04888996992747214,0.11584556872457102,0.0,0.0,0.34798414966512886,2.0539446667065073,0.6481201555471806,0.3031684759168641,0.04871136853595528,2.1378217296078974,6.223772499700694,1.5536388535057062,,0.2735,3.559067914187594,0.0,0.0,0.203534456365209
ectatomma-tuberculatum.obj,14070,31505,3028,0.8871649934324967,0.04888996992747214,0.11584556872457102,0.0,0.0,0.5725071484880484,1.7088378474715014,0.6543992671605063,0.297164001707281,0.0484367311322127,2.2021485220309995,6.135096129756225,1.5536388535057062,,0.265,3.5674363897723818,0.0,0.0,0.20537555847481717
ection-burchellii.obj,20326,44623,3776,0.8494016238136186,0.044810809135703,0.10224983730515355,0.0,0.0,0.6966467125576058,3.85104376259567,0.7397100966117821,0.19684188358954194,0.06344801979867595,3.7578897494917203,3.102411772883252,1.901302916266516,,0.22405,3.1610555160785085,0.0,0.0,0.20158858813991487
formica-japonica.obj,18101,40361,3906,0.8186376686359232,0.048636622341801626,0.11502043772960108,0.0,0.0,1.350532877789527,3.2928253273962014,0.6960590958035279,0.25243287654081453,0.05150802765565751,2.7574027018267,4.900845325089592,2.105720246551916,,0.2519,3.6038543157015455,0.00015,0.0,0.21877072325094044
fulakora.obj,35318,76651,4567,0.8194708053609582,0.029409126784817392,0.07595788189710842,0.0,0.0,0.20325566855248503,2.2896159497618465,0.8364049430699703,0.1301914723375815,0.03340358459244837,6.424421876889174,3.8975299784746515,2.393592646156719,,0.18895,2.952394092490553,0.0,0.0,0.20570370196059157
gerontoformica.obj,16949,37253,2991,0.7875841262999467,0.037916101332639444,0.09549653365053994,0.0,0.0,0.6007749611485541,4.351180885602443,0.7525216184982004,0.20577376214321597,0.041704619358583744,3.65703387380581,4.9340760162306365,1.4248951273233232,,0.20605,4.038449085891011,0.0,0.0,0.21062457675077456
harpegnathos.obj,23827,52811,4478,0.8666225227894463,0.04177336537577644,0.10409854364469658,0.0,0.0,0.04745233608167791,2.8287902996575935,0.7356942929111453,0.21335267529184407,0.050953031797010655,3.448254360554855,4.187242010285268,1.9967501441682078,,0.2899,3.4177246825682928,0.0,0.0,0.20934486785664044
iroponera.obj,31434,67650,3523,0.846134025663056,0.024946044805609312,0.06659033568743478,0.0,0.0,0.3109016566759425,1.5397077288260725,0.8108724149705081,0.14441281287711774,0.044714772152374044,5.614961711607178,3.2296443865352544,2.4225488141547307,,0.1765,2.897152704622202,0.0,0.0,0.20639750206377516
labidus-coecus.obj,17440,38218,2855,0.8512887972753879,0.035062326995097065,0.09022488375879724,0.0,0.0,0.011885529966605269,0.8581814921931566,0.7593190330367166,0.20045741862885696,0.04022354833442644,3.7879318123046426,4.983583669998848,1.681484706112943,,0.2046,3.3626045459192033,0.0,0.0,0.2047500619129997
leptogenys-wheeleri.obj,20491,44876,3530,0.8313663540723346,0.03951559542677766,0.09558834843891856,0.0,0.0,0.76636452256011,4.295347642419556,0.7339623610684527,0.2278965374395545,0.038141101491992825,3.220594614181548,5.975090611565009,2.4131362914842764,,0.2737,3.9994023849143168,0.0,0.0,0.2070964366863703
manica-andrannae.obj,20961,45948,3261,0.8406186573306171,0.0334872111032585,0.08661263401651054,0.0,0.0,0.46967947837174856,2.064142483829387,0.7408691748802851,0.21509005200659195,0.04404077311312283,3.4444604386333006,4.883884564290303,2.60080471399286,,0.22845,3.419103407745359,0.0,0.0,0.20798140824818354
martialis-heureka.obj,16537,35944,2442,0.8275959111922164,0.036458333333333336,0.08411841299019608,0.0,0.0,0.7822681703410943,1.8868782090115344,0.7878779443348766,0.17185073881558785,0.04027131684953552,4.584664283464876,4.2673235508455925,1.865821211117744,,0.1851,3.1211162905125027,0.0,0.0,0.1997430239978566
meranoplus.obj,21910,48115,3921,0.8242813334624819,0.039067667443131164,0.0984959595088143,0.0,0.0,1.1925180882464175,3.2886878444298757,0.6521276731039849,0.28447149396074756,0.06340083293526753,2.2924183510421186,4.486873133846584,3.606225937515767,,0.1822,2.967461408356995,0.0,0.0,0.207942714673651
messor-barbarus.obj,16127,35481,2674,0.8592500246261427,0.03498673118950983,0.091476740555729,0.0,0.0,0.8847796217584507,2.9773503031251156,0.6646827328660333,0.2667990410525841,0.06851822608138254,2.491323545405957,3.893840461305777,2.2773358807959982,,0.269,3.6420242753201197,0.0,0.0,0.20624405312553262
nomamyrmex.obj,19365,43048,3213,0.8539320139524554,0.03205345470391711,0.09254507012701949,0.0,0.0,0.003944805958737922,1.1268334568470393,0.7437463117085334,0.22268600126542606,0.03356768702604057,3.3398880373357644,6.633939392150388,2.366854605311627,,0.23255,3.476421514013787,0.0,0.0,0.213999813090408
notoncus.obj,32773,71363,4350,0.8274075338625426,0.0316535660895983,0.07764864734532478,0.0,0.0,0.6535109256731271,2.7728763443950823,0.7488278027200622,0.19480206756540336,0.05637012971453448,3.844044429706316,3.455767594502724,3.2317395646116953,,0.21655,2.8724092996302746,0.0,0.0,0.210162514991525
odontomachus.obj,9277,20603,2190,0.8363041782349986,0.0517369811065213,0.11860906074354981,0.0,0.0,0.7025756231212853,2.635216242578775,0.6810251751150098,0.2760536702797602,0.04292115460522987,2.467002791250124,6.431645952183297,1.5022996543489984,,0.32225,4.7120664691574845,0.00035,0.0,0.21869153961428578
ophthalmopone-berthoudi.obj,19060,41539,2781,0.8186710736878664,0.027978189314093824,0.08016092030455164,0.0,0.0,0.5731719663838043,1.5747992562692352,0.7553416552975002,0.21123455322476095,0.033423791477738954,3.5758432688509547,6.319886041816896,2.32641324695348,,0.2351,3.4964825377426196,0.0,0.0,0.20597434893156302
pachycondyla-crassinoda.obj,18789,41375,2889,0.8527765285105204,0.03137497699168354,0.0852730041331303,0.0,0.0,0.1804973010319048,1.3734127479198017,0.7150269509034377,0.24897404864626801,0.03599900045029426,2.8718934956924698,6.916137824160972,2.5475023672228123,,0.2686,3.4762209365711434,0.0,0.0,0.21161248922437556
paraponera-clavata.obj,16774,37221,3456,0.8806087658504069,0.04845930015668134,0.111933895396553,0.0,0.0,0.5610147383218683,2.7102185054213384,0.6397788456535765,0.32237472709197085,0.037846427254452655,1.9845812710717017,8.517969871358023,1.8123877291987625,,0.3491,4.218093423718072,0.0,0.0,0.2005446956664917
pheidole-barumtaum-major.obj,26773,56746,2305,0.7528374850927119,0.02052261209981507,0.052333261282032806,0.0,0.0,0.1494729670177877,1.7439371075867034,0.7677671414887732,0.1666145959831989,0.06561826252802787,4.608042512471077,2.539149766607001,2.5151936171316653,,0.13415,2.750862594948255,0.0,0.0,0.20629954260408154
pheidole-caldwell-queen.obj,36309,77086,3557,0.7904640727345744,0.02428086190425645,0.05820330467395535,0.0,0.0,0.29454531206212364,1.3561387693126596,0.8098125800434222,0.1276778066404259,0.06250961331615201,6.342626031508092,2.0425307383470077,2.9329770177511736,,0.0914,2.3829491982557176,0.0,0.0,0.20090306200419467
pheidole-cervicornis-minor-worker.obj,21899,47040,1838,0.8455671048255216,0.01796529233636152,0.05379396692289774,0.0,0.0,1.171855950126,6.289454613944856,0.7177855992302166,0.22417570017123503,0.058038700598548446,3.20188851281357,3.8625210051108843,2.0637287009254917,,0.2439,3.1407155731606418,5e-05,0.0,0.21094599794971214
pheidole-drogon-minor-worker.obj,19172,41435,2329,0.8818367257495874,0.02398300443146172,0.069426233589484,0.0,0.0,0.057283577691922875,3.968097571892788,0.6864662305026017,0.25746180217397996,0.056071967323418445,2.6662837931924432,4.591631334940715,2.006108217019482,,0.322,3.3344211840393876,0.0001,0.0,0.21136068785563167
plectroctena-strigosa.obj,22537,49082,3218,0.8375831580579469,0.03170413220819702,0.08104351244717148,0.0,0.0,0.26437102717169925,0.22528470020395808,0.770238032298842,0.1910272475444586,0.038734720156699466,4.032084648655062,4.931680073372596,2.517567375149341,,0.19795,3.098228079804068,0.0,0.0,0.19899422494933258
polyrhachis-bihamata.obj,15339,33631,2592,0.8450994543158911,0.03686721223835177,0.09347370152568162,0.0,0.0,0.37823905132401026,4.251227927977465,0.6456311947296256,0.291569821829796,0.06279898344057835,2.214327911845805,4.642906713699994,2.2651320618111312,,0.2618,4.01437314266091,0.0,0.0,0.2067923816555921
pristmyrmex.obj,19057,42402,3902,0.8290825420512679,0.04352319706017455,0.10952162215368462,0.0,0.0,1.5819022478047462,6.22858440143755,0.6607707700832833,0.27990177580322745,0.059327454113489116,2.3607237509911654,4.717913148064564,3.2283239333865046,,0.24185,3.3785721626732497,0.0,0.0,0.2061811838144308
proatta.obj,17882,39135,2985,0.8489118949391968,0.03705272820349874,0.09279951985030627,0.0,0.0,0.08516637939964945,2.39982816431114,0.6955635873359647,0.25526691589677136,0.04916949676726395,2.724848164880274,5.1915706419579,2.7264103994541418,,0.21125,3.232332271233681,0.0,0.0,0.20521801876284643
protanilla-lini.obj,28374,61757,3582,0.8484291193501574,0.024329271014686845,0.07234052051247712,0.0,0.0,0.6214525669066097,1.658066624292854,0.8356067699788616,0.14098887780229644,0.023404352218841764,5.926756656298822,6.02404529225948,1.704395397670991,,0.21145,3.9147849466258577,0.0,0.0,0.21747405261054825
santschiella-kohli.obj,23579,51562,3767,0.8382339539419653,0.03605617962484436,0.08896892447348338,0.0,0.0,0.1075370133368235,3.2139647214725207,0.7281154592036401,0.22201190709613183,0.04987263370022817,3.2796234613144595,4.451577761675661,2.65625203906234,,0.1701,3.0627131460255037,0.00025,0.0,0.2147268475430154
simopone.obj,46497,97669,3671,0.7133542023792039,0.018888139083490445,0.047606458839162105,0.0,0.0,0.0949848196160826,0.9043284195264829,0.9048186970357102,0.06603797953173692,0.02914332343255285,13.701489710188168,2.265972845704105,1.8753916554317176,,0.0789,2.290153175942089,0.0,0.0,0.20308504769654392
stigmatomma-liebe.obj,42859,92275,5018,0.8260347420432509,0.026682220769185045,0.06916869761635856,0.0,0.0,0.13275829354852964,1.145257131224494,0.8596836883515561,0.10888983702420305,0.03142647462424086,7.8949855362578365,3.464907799114403,2.0837933076080937,,0.17365,2.828470370811174,0.0,0.0,0.20646990156181538
streblognathus.obj,25133,58501,8553,0.8469916236111726,0.062413162705667276,0.12906764168190127,0.0,0.0,0.2893181972450657,1.9618468147707724,0.7586337976593962,0.19636670560613284,0.04499949673447086,3.863352472699949,4.363753371839612,2.2968903143603274,,0.1935,2.968604838716083,0.0,0.0,0.2654448909072396
strumigenys-oasis.obj,31327,66177,2423,0.7987486851170287,0.017390409549289977,0.04600740893187899,0.0,0.0,0.19669875964189248,0.42951846372727137,0.8106356970477632,0.12560039462882294,0.06376390832341373,6.454085589805444,1.969772523851133,3.317262254661363,,0.09365,2.6605397462886824,0.0,0.0,0.20735624085182403
tapinoma.obj,16668,36722,2889,0.8336584272635557,0.037710577449112416,0.09505932954781264,0.0,0.0,0.6877105652451947,3.178128500929475,0.684949900650819,0.2712395532038923,0.043810546145288724,2.525258180675214,6.191193150260711,2.4924484751145606,,0.27,3.717258190712331,0.0,0.0,0.21046007073626236
tatuidris.obj,28943,62808,4231,0.8255944266679736,0.03481573934178546,0.08483873086776587,0.0,0.0,0.17021750318427417,3.799103847208487,0.6985076599410671,0.23926331359172315,0.0622290264672097,2.919409789387915,3.844882801079943,4.63299746398087,,0.1846,3.136353908746878,0.0,0.0,0.19779583887543725
terataner-nymeria.obj,41269,87174,2840,0.8425999246188373,0.01550302878910885,0.04330075563604571,0.0,0.0,0.1324597004402853,3.1443897895002824,0.8170025682238699,0.1361699340722771,0.0468274977038531,5.999874890078278,2.907905413469758,2.933649408015266,,0.159,2.6004746854281393,0.0,0.0,0.2106083881496183
tetraponera.obj,22362,48055,2488,0.8551753613792326,0.02477959428229051,0.06455248366572512,0.0,0.0,0.2569521383861786,1.6629329473669785,0.8084657888912578,0.1632645828704166,0.028269628238325635,4.9518748933621355,5.775264587635288,2.0540846234831833,,0.21175,3.4102105427914973,5e-05,0.0,0.20791273778520425
