name,radial_med,radial_p90,yaw_deg,in_bench50
Leptogenys_peuqueti_CASENT0741327_processed.obj,0.07540500445790432,0.10501798799664774,0.0006446764359031976,False
Neivamyrmex_nigrescens_CASENT0741290_processed.obj,0.08976971854791388,0.14093227738517453,0.36852430159333693,False
Pseudomyrmex_gracilis_CASENT0709535_processed.obj,0.09870464504447593,0.13535413799834367,0.46660697915253474,False
Orectognathus_versicolor_CASENT0741227_processed.obj,0.09915305202659172,0.15063538189136855,3.8937549620401963,False
Sphinctomyrmex_stali_CASENT0790135_processed.obj,0.10504172923968147,0.13479009925155858,0.6976838609097706,False
Pseudomyrmex_triplarinus_CASENT0741218_processed.obj,0.10546217520985215,0.14263598536927832,0.29697766396357206,False
Strumigenys_aff.trudifera_CASENT0744341_processed.obj,0.10739314434917682,0.3127647389601226,0.3570580205326049,False
Odontomachus_hastatus_CASENT0745036_processed.obj,0.10781418369560533,0.20013429150303846,0.08172656393862213,False
Stigmatomma_sp._CASENT0745539_processed.obj,0.10973369622523459,0.16644989667914065,1.0977893087394743,False
Odontomachus_brunneus_CASENT0744576_processed.obj,0.11211827285734668,0.20264965360879822,1.3143254963885163,False
Aenictus_lifuiae_OKENT0105003_processed.obj,0.11436389511897957,0.19979385725419146,0.6065496475323253,False
Neivamyrmex_cf.hetschkoi_CASENT0744509_processed.obj,0.12345661185250464,0.28516438751309536,0.34378170073397,False
Gigantiops_destructor_CASENT0745031_processed.obj,0.1278263796659463,0.22597927149663927,0.5044301648886548,False
Odontomachus_sp._CASENT0744608_processed.obj,0.1288995745803899,0.24082127606943385,0.0018879459719594878,False
Prionopelta_antillana_CASENT0744466_processed.obj,0.1310168856357345,0.22226297192668062,0.14732007659997717,False
Leptogenys_gaigei_CASENT0878112_processed.obj,0.13236365604811673,0.3496558931719976,0.13544556161770496,False
Eciton_hamatum_CASENT0744582_processed.obj,0.1330004029710038,0.2620613471890338,7.488056644742892,False
Tetramorium_immigrans_CASENT0741336_processed.obj,0.1334512805356546,0.17562625627570572,0.29078491734362905,False
Dorymyrmex_sp.1_insanus_group_CASENT0741329_processed.obj,0.1337920184946646,0.2200088132991882,0.14801893301134197,False
Dorylus_nigricans_molestus_CASENT0744683_processed.obj,0.1346233058888154,0.32421215796433855,1.4924596657683276,False
Odontomachus_hastatus_CASENT0745037_processed.obj,0.13677407361595212,0.2234472428175277,0.26882435527374726,False
Lasius_orientalis_OKENT0105323_processed.obj,0.13677962719132064,0.28224442542901046,4.836820068331876,False
Ponera_tamon_OKENT0105154_processed.obj,0.13684698015941052,0.25379281715282437,0.22686520376913172,True
Zasphinctus_sarowiwai_CASENT0254678_processed.obj,0.13688401888371693,0.21719145431138387,0.3396327501715766,False
Paratrechina_longicornis_CASENT0877617_processed.obj,0.13778131265829352,0.26714194281766784,1.1769538277147917,False
Probolomyrmex_sp._CASENT0744993_processed.obj,0.1388216295250191,0.24594462589910734,0.07626035858073797,False
Mycetophylax_morschi_CASENT0745099_processed.obj,0.1393942303998369,0.2493281564713836,0.2739684692367843,False
Strumigenys_aff.trudifera_CASENT0744220_processed.obj,0.13955746666646207,0.3220336702506639,2.1862796565603064,False
Aphaenogaster_gonacantha_CASENT0745599_processed.obj,0.14001655297499976,0.24796810759460453,0.20001937891230565,False
Strumigenys_hispida_OKENT0105261_processed.obj,0.14078326459515994,0.2532357458863013,2.0603726500461828,False
Megaponera_analis_CASENT0744961_processed.obj,0.14229585783742257,0.2531053585289416,0.7234691066497427,False
Strumigenys_sp._CASENT0744896_processed.obj,0.1424183916354711,0.2621826185419748,0.5188767687428653,False
Pheidole_sp._CASENT0744854_processed.obj,0.14304220884825736,0.29619975004788773,1.368466956844503,False
Messor_decipiens_CASENT0744827_processed.obj,0.14372851563334477,0.21755425574813514,0.7097111785853608,False
Fulakora_elongata_CASENT0744292_processed.obj,0.14375944663741574,0.2765159029123967,1.269277864798692,False
Neivamyrmex_cf.hetschkoi_CASENT0744507_processed.obj,0.14398086575335955,0.28903899635392455,3.630199304833264,False
Neoponera_verenae_CASENT0745073_processed.obj,0.1444472767494304,0.2539676841494755,0.20656773785580537,False
Ponera_tamon_OKENT0105153_processed.obj,0.14538519573775643,0.29854376455095255,4.363345911972764,False
Strumigenys_denticulata_CASENT0744012_processed.obj,0.14648178439183446,0.2967818889452014,1.546363328848072,False
Pheidole_afrc-063_CASENT0744859_processed.obj,0.14770185232851354,0.34619609786647537,3.700549008294661,False
Apomyrma_stygia_CASENT0744662_processed.obj,0.14776951226671037,0.2558199014016198,0.26166557887505154,False
Gigantiops_destructor_CASENT0745032_processed.obj,0.14819003623936153,0.2712747081855721,0.3001065146955193,False
Trichomyrmex_destructor_OKENT0105257_processed.obj,0.14891948509819372,0.303316326138634,0.3546502112843702,False
Myrmoteras_sp._CASENT0745082_processed.obj,0.14907227975816484,0.3163178731450334,0.23439060778784654,False
Strumigenys_stenorhina_OKENT0105267_processed.obj,0.14979608101786474,0.3863121030363373,0.19635874426174918,False
Cephalotes_pallens_CASENT0744464_processed.obj,0.15051664921275404,0.25720340141816134,1.0002756609375558,False
Strumigenys_denticulata_CASENT0878101_processed.obj,0.1510757613487671,0.2860684540863704,0.25727086959554024,False
Apomyrma_stygia_CASENT0744661_processed.obj,0.1513915104851134,0.29118957636960097,0.0822254013487813,False
Aphaenogaster_gonacantha_CASENT0745600_processed.obj,0.15143113173705508,0.2822679827576253,6.426653826652266,False
Neivamyrmex_cf.hetschkoi_CASENT0744510_processed.obj,0.1515191666637017,0.2866961305640408,0.6365883188295545,False
Carebara_affinis_CASENT0741335_processed.obj,0.15228693200159588,0.2650238467960963,1.016101751551158,False
Myrmoteras_sp._CASENT0745623_processed.obj,0.15296323128528802,0.3328229337220079,0.5291665667847553,False
Dorylus_afrc-gh01_CASENT0744686_processed.obj,0.15345314035434032,0.24738225185375556,0.13124048609119202,False
Camponotus_fulvopilosus_CASENT0744733_processed.obj,0.15507818225369366,0.28763896410960194,0.14232589764733464,False
Acanthostichus_aff.brevicornis_CASENT0744327_processed.obj,0.15541741375923854,0.2844764729465495,0.8616681829203238,False
Pseudomyrmex_cf.solis_CASENT0744065_processed.obj,0.15550434265870777,0.2803811846358398,0.13662421326403193,True
Labidus_praedator_CASENT0744236_processed.obj,0.15601535494001134,0.3424682864412855,5.258285009194972,True
Acropyga_butteli_CASENT0878079_processed.obj,0.15650942132352064,0.35875152528331755,2.1545858117842056,False
Pseudomyrmex_termitarius_CASENT0744247_processed.obj,0.15671113525698727,0.28127949736930113,0.504840983328711,False
Dorylus_fulvus_CASENT0745670_processed.obj,0.1570071342377942,0.3121726350528265,1.6341551054160917,False
Leptogenys_intermedia_CASENT0744955_processed.obj,0.1570519199361866,0.424210781936568,0.3880616034784883,False
Dorylus_fulvus_CASENT0745677_processed.obj,0.1574971584769353,0.22951200065022864,0.040945956515571126,False
Neivamyrmex_cf.diana_CASENT0744107_processed.obj,0.15808488751527294,0.45469669243886973,2.9872565407249434,False
Nomamyrmex_esenbeckii_CASENT0744586_processed.obj,0.1585500932833026,0.2513018327161641,0.23995033834960416,False
Megaponera_analis_CASENT0744960_processed.obj,0.15875727888780305,0.2731641874322064,7.7799132768595936,False
Cerapachys_sulcinodis_CASENT0745635_processed.obj,0.15897479094887362,0.2780520582707403,0.12475001844231337,False
Dolichoderus_sibiricus_OKENT0105316_processed.obj,0.15911895163149825,0.2693869082447316,1.1572787066014778,False
Myrmelachista_nodigera_CASENT0709257_processed.obj,0.15971070403113463,0.2546806400191209,0.42120423967017434,False
Poneracantha_triangularis_CASENT0744645_processed.obj,0.16005814949304634,0.2603905900255619,5.206034741853946,False
Pheidole_megacephala_CASENT0744846_processed.obj,0.16014606310428658,0.3021702807718606,2.080137051922564,False
Typhlomyrmex_rogenhoferi_CASENT0744314_processed.obj,0.16109464876665147,0.2720791567183842,0.1283444399171358,False
Temnothorax_crassispinus_CASENT0745822_processed.obj,0.16128153063547696,0.2831561936158959,1.4922408893315202,False
Strumigenys_minutula_OKENT0105207_processed.obj,0.1615760030466493,0.3821577782568556,0.6503597387987903,False
Temnothorax_OK01_OKENT0105230_processed.obj,0.1623466235569938,0.36352637437727436,0.5760686632900398,False
Camponotus_vestitus_strophiatus_CASENT0744750_processed.obj,0.16249839957299794,0.23883697533719056,1.9278077657115684,False
Parasyscia_sp._CASENT0878063_processed.obj,0.16260143105363342,0.24059766245458042,0.6742279168271341,False
Dorylus_fulvus_CASENT0745674_processed.obj,0.16349786099912522,0.30304859288709673,0.6820985456273299,False
Colobopsis_shohki_OKENT0105043_processed.obj,0.16358164623908764,0.25301398949113063,0.627996322871839,False
Eciton_hamatum_CASENT0744580_processed.obj,0.16367944967558537,0.29105353853967114,0.899178774155638,True
Procryptocerus_hirsutus_CASENT0744064_processed.obj,0.16395447297313442,0.2747100317034875,2.1686276601175907,False
Euprenolepis_cf.wittei_CASENT0878049_processed.obj,0.1647153412148086,0.31144212952456296,2.8986096362532567,False
Streblognathus_peetersi_CASENT0744989_processed.obj,0.16488128371182217,0.2818184043950232,0.5774826824032043,False
Mycetagroicus_inflatus_CASENT0745121_processed.obj,0.1649830352959188,0.3258929615223389,1.451704986367927,False
Crematogaster_evallans_CASENT0744252_processed.obj,0.1653293134055943,0.2566014409989435,0.933962324638344,False
Leptogenys_cf.binghamii_CASENT0877639_processed.obj,0.16556267380263218,0.3237101952335364,0.9366051196861938,False
Strumigenys_kumadori_OKENT0105284_processed.obj,0.16570731850038145,0.34465714321115576,0.3924245557292169,False
Odontomachus_bauri_CASENT0878072_processed.obj,0.16612599953793514,0.2783676846447584,1.8240621859958892,False
Anochetus_horridus_CASENT0744281_processed.obj,0.16623546030158995,0.37012983859014725,4.587235585056441,False
Leptogenys_gaigei_CASENT0878114_processed.obj,0.16632507714023462,0.4145813901791634,0.6935423720251979,False
Dorylus_fulvus_CASENT0745675_processed.obj,0.1669829769334854,0.2797927214874797,0.24445276237827668,False
Temnothorax_affinis_CASENT0745855_processed.obj,0.1670360179244553,0.26617628201840654,0.5573172712389407,False
Hypoponera_sp._CASENT0744201_processed.obj,0.16734530713145887,0.4367121128480968,0.5928056024526733,False
Tetramorium_tsushimae_OKENT0105377_processed.obj,0.16755279527479486,0.28401939136414645,0.3395621527340969,False
Neoponera_commutata_CASENT0744610_processed.obj,0.16779755672334523,0.29937063529723035,4.392792372108508,False
Microdaceton_tibialis_CASENT0745552_processed.obj,0.1681253706977688,0.36019168671954477,1.3842457530712242,False
Lasius_fuliginosus_CASENT0745541_processed.obj,0.16855213472326225,0.26672388176155154,3.503964627692225,False
Tetramorium_weitzeckeri_CASENT0744903_processed.obj,0.16919393067526525,0.39004406141937503,1.4082095405370292,False
Acanthostichus_aff.brevicornis_CASENT0744328_processed.obj,0.169298445908847,0.2919518201342334,0.2661365431673974,True
Leptogenys_birmana_CASENT0741330_processed.obj,0.1692994217206423,0.28258120890231836,1.1231360034675384,False
Polyergus_rufescens_CASENT0745190_processed.obj,0.1701687482745634,0.3985378510447979,0.4793928104569842,False
Leptogenys_intermedia_CASENT0744954_processed.obj,0.17021727656506502,0.39453452920786203,8.492408537732244,False
Solenopsis_invicta_CASENT0744090_processed.obj,0.17036401809868154,0.34482109160361657,1.3879694130161788,False
Neivamyrmex_cf.hetschkoi_CASENT0744506_processed.obj,0.17062747073632564,0.33320834222954104,0.252136116623426,False
Cephalotes_pusillus_CASENT0744050_processed.obj,0.17122796372238847,0.27365036393853437,0.9157816067657494,False
Polyrhachis_illaudata_CASENT0877572_processed.obj,0.17132475574342199,0.2829659183304795,1.0049795571493434,False
Formica_cf.fusca_CASENT0878143_processed.obj,0.17204834066198027,0.32728598200004116,1.1520047159067148,False
Probolomyrmex_sp._CASENT0744992_processed.obj,0.17213028660760393,0.31027575860863793,0.1070218346723827,False
Strongylognathus_testaceus_CASENT0745197_processed.obj,0.17241754632137735,0.33282243427085495,0.623630190269967,False
Acropyga_sauteri_CASENT0878081_processed.obj,0.1737328162283612,0.3130918971018558,1.3450974193928924,False
Cataglyphis_iberica_CASENT0745158_processed.obj,0.1743178063582937,0.4945069806394602,4.378230882686692,False
Dorylus_fulvus_CASENT0745678_processed.obj,0.1748192965583895,0.28160820890032295,1.003123259206814,True
Pheidole_sp._CASENT0744267_processed.obj,0.175090180914085,0.31519794262597955,0.6313331084085757,False
Cladomyrma_sp._CASENT0745080_processed.obj,0.17535813220693178,0.2852856238671977,2.2092684227648918,False
Tetramorium_tsushimae_OKENT0105378_processed.obj,0.17565722097608927,0.3064247078240084,0.31144046109094653,False
Tetraponera_hespera_CASENT0840869-D4_processed.obj,0.17568470715642093,0.290952506334278,2.1722173792927433,False
Centromyrmex_brachycola_CASENT0744052_processed.obj,0.17575973533151998,0.303584688861901,1.3579663274098261,True
Tetramorium_caespitum_CASENT0745052_processed.obj,0.17577827023229592,0.30672677485190064,2.243498872228041,False
Strumigenys_precava_CASENT0744056_processed.obj,0.17591740388961394,0.47508701745480864,1.2147957795027327,False
Myrmoteras_sp._CASENT0745083_processed.obj,0.1769513566362627,0.3448404967889451,0.05214310005948697,False
Dolichoderus_quadripunctatus_CASENT0745213_processed.obj,0.1770020183780418,0.32864605819815146,0.2029287693471162,False
Prionopelta_antillana_CASENT0744467_processed.obj,0.17718387781725664,0.31416200144510903,0.06700327833498415,False
Lasius_orientalis_OKENT0105322_processed.obj,0.17793309941196495,0.3417330533455781,1.9154289034793501,False
Aenictus_ceylonicus_CASENT0878084_processed.obj,0.1780119187591354,0.4115400121904932,9.539495859310556,False
Recurvidris_kemneri_CASENT0745633_processed.obj,0.178052538534555,0.3699144485623724,4.5133277416516115,False
Lophomyrmex_sp._CASENT0745631_processed.obj,0.1781436330202471,0.3590785716298207,4.027179699651249,False
Solenopsis_afrc-za01_CASENT0744870_processed.obj,0.1782448307764391,0.40579672059448924,0.09765005436712193,False
Neivamyrmex_nigrescens_CASENT0741443_processed.obj,0.17868952923985176,0.5633587280221125,2.9269540127730056,False
Pheidole_nodus_CASENT0877547_processed.obj,0.1787959843297815,0.4206570140603384,2.878050525650026,False
Dorylus_fulvus_CASENT0745672_processed.obj,0.17955384469955327,0.3368505893825524,0.28178109534590184,False
Temnothorax_congruus_OKENT0105443_processed.obj,0.17956139913128022,0.2796698345280923,0.2655046646940976,True
Strumigenys_stenorhina_OKENT0105268_processed.obj,0.18063691184093666,0.3837693421477689,0.2687228553983277,True
Pheidole_selathorax_CASENT0877568_processed.obj,0.1809531410409863,0.3770274174776793,12.924205006865249,False
Cardiocondyla_afrc-za03_CASENT0744789_processed.obj,0.18202180531162337,0.2784618528017402,0.22974563600901277,False
Daceton_armigerum_CASENT0709536_processed.obj,0.18282828882061672,0.2989208293741838,0.6786443517591889,False
Formicoxenus_nitidulus_CASENT0745167_processed.obj,0.18294754655506248,0.27411742208356443,1.733374051414755,False
Strumigenys_lewisi_OKENT0105442_processed.obj,0.18298078414352548,0.34851390167350743,0.13320848753786357,False
Neoponera_goeldii_CASENT0745033_processed.obj,0.1831723996213969,0.3557984890736687,0.6885677518605822,False
Neivamyrmex_cf.diana_CASENT0744105_processed.obj,0.18339138001065852,0.41206196935691924,0.6389946503672096,False
Tetramorium_pacificum_CASENT0745543_processed.obj,0.18364606594781768,0.2881428871441367,1.2996554511498932,False
Platythyrea_schultzei_CASENT0744982_processed.obj,0.18378489135548964,0.38612754583710457,1.675502580876992,False
Dolichoderus_quadripunctatus_CASENT0878130_processed.obj,0.1838783088765359,0.32625364311864496,0.45347046108715794,False
Monomorium_gabrielense_CASENT0744837_processed.obj,0.18389018079239933,0.33635475110259494,0.1913140043024781,False
Liometopum_microcephalum_CASENT0878045_processed.obj,0.18392243459075935,0.3475275536416705,1.2739938303102583,False
Cephalotes_minutus_CASENT0709253_processed.obj,0.1839363758326037,0.28229017153789887,0.7341809738094968,True
Tetraponera_merita_CASENT0840853-D4_processed.obj,0.1841514653182144,0.34697119877658533,0.4922097824679527,False
Pheidole_capellinii_CASENT0877637_processed.obj,0.18425800992374078,0.3757470706887361,5.375406496185438,False
Bothriomyrmex_meridionalis_CASENT0745154_processed.obj,0.18431235688705283,0.3332299558096307,1.2676814738621462,False
Aenictus_ceylonicus_CASENT0878083_processed.obj,0.18447312396203303,0.5175437881339907,2.9567446573340477,False
Ponera_kohmoku_OKENT0105440_processed.obj,0.18468968367277322,0.36043546753337163,0.35598595745708406,True
Pheidole_aurivillii_CASENT0744851_processed.obj,0.18505095117030845,0.4232345857429315,1.1401168494338187,False
Pheidole_pieli_OKENT0105141_processed.obj,0.18512927957264622,0.5043698682992558,1.354898539553989,False
Dolichoderus_quadripunctatus_CASENT0878128_processed.obj,0.18550568608147097,0.31818331259708965,3.357571027145908,False
Dorylus_fulvus_CASENT0745671_processed.obj,0.18569113457968373,0.3394608390795155,1.0546058179869138,False
Lepisiota_nigra_CASENT0878133_processed.obj,0.18572189064594075,0.40143589076994207,7.022556779099246,False
Cephalotes_pusillus_CASENT0744051_processed.obj,0.1859450120051616,0.2955719578858904,0.8722360787771157,False
Axinidris_acholli_CASENT0745567_processed.obj,0.18653273796785294,0.3527938581515391,0.19331921027626592,False
Tapinoma_simrothi_CASENT0745226_processed.obj,0.18656193693711967,0.400215786854165,0.8163327710270517,False
Formica_japonica_OKENT0105382_processed.obj,0.18656864780563742,0.38689840932485864,0.7280667331023971,False
Pheidole_obscurithorax_CASENT0744317_processed.obj,0.18770305094780465,0.5212456123852989,2.133875829480722,False
Syllophopsis_sechellensis_OKENT0105212_processed.obj,0.18800719829531537,0.30586588417608934,7.782065094032953,True
Pseudoneoponera_rufipes_CASENT0877628_processed.obj,0.18812551712918046,0.29852819279818354,0.4522124820807565,False
Dolichoderus_quadripunctatus_CASENT0878131_processed.obj,0.18818357490445858,0.2695272198665185,0.2602771172676381,False
Ooceraea_biroi_CASENT0741391_processed.obj,0.1889513893334367,0.3728971526465986,3.915931028658261,False
Stigmatomma_silvestrii_OKENT0105191_processed.obj,0.188979354416263,0.3737710747705725,1.0111379101737745,False
Temnothorax_indra_OKENT0105228_processed.obj,0.18909161501986171,0.38437634369433116,0.5213030596711454,False
Anochetus_risii_CASENT0877608_processed.obj,0.1891042089849165,0.36453480164002877,0.8957336786651088,True
Tetramorium_sericeiventre_CASENT0744911_processed.obj,0.1897328594438517,0.4617606904768943,13.792677975598803,False
Protalaridris_armata_CASENT0745595_processed.obj,0.18998655199087033,0.321333695767548,1.0160659032713997,False
Pheidole_nodus_OKENT0105130_processed.obj,0.1908577432473745,0.5522823885974505,6.6154177332689885,False
Anochetus_sp._CASENT0744922_processed.obj,0.19170503170455874,0.430982007290877,4.706472781909209,False
Tetramorium_aculeatum_CASENT0744907_processed.obj,0.1918798513069997,0.3475872980899841,78.44555052803989,False
Strumigenys_auctidens_CASENT0878106_processed.obj,0.19192160102470218,0.33726775245467866,1.40652281531302,False
Microdaceton_exornatum_CASENT0744836_processed.obj,0.1921101806397316,0.3438640400474757,0.21337903468563166,False
Formica_fusca_CASENT0877632_processed.obj,0.19221424685492164,0.36910359305996887,0.8289216862527202,False
Neivamyrmex_aff.pacificus_CASENT0744549_processed.obj,0.19244145964966924,0.4031642365860748,2.3186743127689273,False
Myrmica_kotokui_OKENT0105275_processed.obj,0.19246928337324504,0.32664363876089325,0.9148914917232103,False
Strumigenys_kumadori_OKENT0105283_processed.obj,0.19288165757033537,0.36173369157388,2.377449086446817,False
Nomamyrmex_esenbeckii_CASENT0744589_processed.obj,0.1930480021532412,0.336833255548761,89.07163748997283,False
Fulakora_armigera_CASENT0744229_processed.obj,0.19322492167349747,0.3290922983642639,3.4288612083302406,False
Strumigenys_zeteki_CASENT0744209_processed.obj,0.19372701245859802,0.3008667567279113,0.9748248519169975,False
Cryptopone_sauteri_OKENT0105281_processed.obj,0.19376638627073842,0.34682179783478245,0.04226162519713641,False
Goniomma_hispanicum_CASENT0745173_processed.obj,0.19397882000898295,0.4495213648679416,4.400135389181381,False
Aphaenogaster_subterranea_CASENT0745050_processed.obj,0.1940719667271829,0.4135575664468695,7.371331174764599,False
Tapinoma_nigerrimum_CASENT0745201_processed.obj,0.19456307529828235,0.37291594322130817,0.4515826914407411,False
Dorylus_nigricans_molestus_CASENT0744684_processed.obj,0.19498709590384333,0.36092560033497506,1.3936395418228331,False
Strongylognathus_testaceus_CASENT0745198_processed.obj,0.19521914644065633,0.33331660847622685,3.3692352620043393,False
Pheidole_parva_OKENT0105133_processed.obj,0.19526850889154448,0.31292629544172906,1.0886668082727917,False
Crematogaster_sp._CASENT0877556_processed.obj,0.1953893028557489,0.36515766464813815,1.2282364591481825,False
Euponera_brunoi_CASENT0744938_processed.obj,0.19545489846863057,0.374818530847545,0.7066587724815617,False
Dorylus_sp._CASENT0744699_processed.obj,0.1955021641440336,0.3670701420270707,0.22845472658912983,False
Aenictus_afrc-gh01_CASENT0744679_processed.obj,0.19563556683851485,0.42408927827249077,2.832784280195682,False
Terataner_luteus_CASENT0744901_processed.obj,0.19574396914925246,0.37370500977898913,4.957933522794105,False
Messor_striatifrons_CASENT0744833_processed.obj,0.19607493793504283,0.42159267165703324,2.1527247735426114,False
Streblognathus_peetersi_CASENT0744988_processed.obj,0.19646649688518253,0.35784579781984316,0.18927210498317282,False
Technomyrmex_andrei_CASENT0745548_processed.obj,0.19672819713010098,0.3668590912939727,5.437820007632071,False
Formica_sanguinea_CASENT0878137_processed.obj,0.19686495332626971,0.4547436628641214,1.545091108569504,False
Leptogenys_gaigei_CASENT0878113_processed.obj,0.19714702202488776,0.3818889405962917,0.21091939996284545,False
Iridomyrmex_anceps_CASENT0878091_processed.obj,0.19731939631075587,0.37106526961140035,0.8194096152867213,False
Polyergus_rufescens_CASENT0878121_processed.obj,0.1973414134770532,0.5299053802152883,1.158625547057673,False
Formica_lemani_OKENT0105351_processed.obj,0.19742665236840978,0.3631226646894624,2.2343186666198496,False
Lasius_nr._fuliginosus_CASENT0878037_processed.obj,0.19794328441145898,0.34114726267918605,0.7328699836016374,True
Pheidole_gertrudae_CASENT0744265_processed.obj,0.1980785648585316,0.4186388155180056,0.11478351698295138,False
Neoponera_obscuricornis_CASENT0744592_processed.obj,0.19824358423119004,0.3987162260123797,0.4528963564528423,False
Typhlomyrmex_rogenhoferi_CASENT0745146_processed.obj,0.1982723350877065,0.3917694865476978,0.61943236809449,False
Manica_yessensis_OKENT0105371_processed.obj,0.19839529962760516,0.38770473918230086,6.182212503502479,False
Bothriomyrmex_corsicus_CASENT0745215_processed.obj,0.1987682164356564,0.3828959484105973,6.884081288713059,False
Pheidole_pieli_OKENT0105142_processed.obj,0.19877671346416348,0.4180870360338849,3.981469537673039,False
Dorylus_afrc-gh01_CASENT0744687_processed.obj,0.198834704082703,0.3283283890693987,1.3172562832657824,False
Holcoponera_striatula_CASENT0744117_processed.obj,0.19885396081595053,0.35463926467715157,0.0814381261966699,False
Megaponera_analis_CASENT0745092_processed.obj,0.19908287758147689,0.33464858064086106,0.468124057670193,False
Rasopone_ferruginea_CASENT0744068_processed.obj,0.1992583277918612,0.3362738833251676,0.18835956991959119,False
Camponotus_hyatti_CASENT0741281_processed.obj,0.19930842265846826,0.2672904922498968,0.08562772209864247,False
Carebara_diversa_CASENT0745681_processed.obj,0.19959109885043175,0.5326519284578153,0.025002309033323462,False
Crematogaster_stollii_CASENT0744210_processed.obj,0.19983168157504125,0.35498212865246437,0.1602636806929605,False
Bothriomyrmex_meridionalis_CASENT0745153_processed.obj,0.20003478493214777,0.3538648551791643,0.019645930411214776,False
Pheidole_midas_CASENT0744257_processed.obj,0.2000643502280646,0.46403788759533937,1.207101665887781,False
Pheidole_megacephala_CASENT0744847_processed.obj,0.20007131371257098,0.36117893083655245,0.7728400562836306,False
Ocymyrmex_sp._CASENT0744844_processed.obj,0.200292437569226,0.3979051728325246,0.7123334272626408,False
Temnothorax_sp._OKENT0105336_processed.obj,0.20043453685917184,0.3247887203254953,0.11824620329210472,True
Parasyscia_sp._cribrinodis_group_CASENT0709293_processed.obj,0.2006482080970775,0.3024917501961205,1.2165738057786755,False
Euponera_brunoi_CASENT0744943_processed.obj,0.20077037540805667,0.3182105608471205,2.474177799936982,False
Lordomyrma_idianale_CASENT0745651_processed.obj,0.2008121786444356,0.38317072249948203,0.31495415752441625,False
Platythyrea_MG01_CASENT0840864-D4_processed.obj,0.20124175226711494,0.3633008639582922,0.1606888516405034,False
Tetramorium_semilaeve_CASENT0745233_processed.obj,0.20136463053581832,0.3731926072369024,2.3230507479425104,False
Cerapachys_sulcinodis_CASENT0745634_processed.obj,0.2017699193608336,0.3659539566702238,8.521078146188978,False
Carebara_trechideros_CASENT0877591_processed.obj,0.20216454067325745,0.44641612293779886,18.270497959444114,True
Camponotus_brutus_CASENT0744737_processed.obj,0.20230286439190515,0.32800066275738426,1.2808073237453215,False
Ectatomma_edentatum_CASENT0744559_processed.obj,0.20238413573844494,0.36946585855609926,0.3676363307883935,False
Colobopsis_sp._CASENT0877571_processed.obj,0.2026412947156007,0.3365084606202717,4.636318263194551,False
Odontomachus_meinerti_CASENT0744112_processed.obj,0.2030444767596461,0.4396434987490442,3.1605461417959746,False
Eciton_rapax_CASENT0744623_processed.obj,0.20304483457861042,0.42040399940241463,2.960580451714327,False
Tetramorium_simillimum_CASENT0744205_processed.obj,0.20330519308435335,0.38771648774455914,0.4951656903908717,False
Camponotus_sp._CASENT0744035_processed.obj,0.20381525277404133,0.34325345813909103,6.234668347523343,False
Cardiocondyla_afrc-za02_CASENT0744788_processed.obj,0.2038744226820781,0.34128238992207793,4.568365781188155,False
Trichomyrmex_emeryi_CASENT0744918_processed.obj,0.20395545208836172,0.5869460120372575,1.315057352819254,False
Ponera_scabra_OKENT0105293_processed.obj,0.20414659632463772,0.37543595217215187,0.4001516256506912,False
Parasyscia_sp._CASENT0744709_processed.obj,0.20446430537228702,0.3753786579729494,0.3821072622357146,False
Solenopsis_invicta_OKENT0105176_processed.obj,0.20459951757982991,0.4497649869277815,0.07249427451763196,False
Acromyrmex_echinatior_CASENT0745012_processed.obj,0.20548744899180138,0.3257770664336628,6.905780661591647,False
Pheidole_tumida_CASENT0744092_processed.obj,0.20588321858472475,0.2852483532842396,0.34740010973233,False
Cylindromyrmex_brasiliensis_CASENT0744218_processed.obj,0.20604234536843508,0.3495258617869948,6.711997315477154,False
Ooceraea_biroi_CASENT0741392_processed.obj,0.2061226384129466,0.3980783216073416,3.87651981792599,False
Messor_striatifrons_CASENT0744834_processed.obj,0.20626969524744515,0.41805048086065155,0.028161202198519822,False
Tetramorium_pullulum_CASENT0745590_processed.obj,0.20652277592306661,0.32275916076997896,0.7616704839041878,False
Goniomma_hispanicum_CASENT0745171_processed.obj,0.2072820657251864,0.4265787347765939,1.9618089503242568,False
Neoponera_villosa_CASENT0744613_processed.obj,0.2080837966757263,0.32858797105608173,0.17809529795887544,False
Lasius_spathepus_OKENT0105325_processed.obj,0.2086541042746258,0.4881960699314879,6.316733299005144,False
Terataner_luteus_CASENT0744902_processed.obj,0.20910209114043038,0.4041675576600354,0.8027755779916899,False
Cephalotes_betoi_CASENT0744448_processed.obj,0.20911856162849882,0.3202023733061811,2.3787965242652738,False
Strumigenys_subedentata_CASENT0744346_processed.obj,0.20927116246931388,0.3669625402556881,1.0117785195485607,False
Formica_cf.fusca_CASENT0878139_processed.obj,0.20987518759024287,0.46094326606350544,1.6859584926038622,False
Ponera_scabra_OKENT0105294_processed.obj,0.20988046187331796,0.387405579725208,0.3720508886385353,False
Crematogaster_cf.levior_CASENT0744377_processed.obj,0.2098895549634935,0.35455613647579903,6.772568535252224,False
Aenictus_afrc-gh01_CASENT0744678_processed.obj,0.20989101572410346,0.4793395095622743,20.7464491336211,False
Carebara_atoma_CASENT0741393_processed.obj,0.20999382904550135,0.3257776987348867,0.07732994117207344,False
Camponotus_sp._CASENT0744485_processed.obj,0.2101413999102425,0.3167615832127468,0.12149192631811706,False
Pheidole_fervens_OKENT0105123_processed.obj,0.21040719304699357,0.3960311396171376,0.14886495063761734,False
Fisheropone_hartwigi_CASENT0744936_processed.obj,0.2104353753495567,0.442712193905847,0.1839820226853448,False
Pheidole_aurivillii_CASENT0744852_processed.obj,0.21058620361774016,0.43942069865411765,8.1526977424111,False
Neoponera_verenae_CASENT0744552_processed.obj,0.21082292988218485,0.3653169516685755,14.187214024263072,False
Formica_cf.pallidefulva_CASENT0709279_processed.obj,0.2108779790790722,0.3844448496629701,10.597733759138029,False
Cephalotes_spinosus_CASENT0744158_processed.obj,0.21099256132847027,0.34388426206662076,3.903100339704666,True
Cerapachys_sp._CASENT0745076_processed.obj,0.21099926541837646,0.33445375498421226,0.4509559065936978,False
Veromessor_pergandei_CASENT0709286_processed.obj,0.21143161697885746,0.3088596083688917,1.8049980606829612,False
Strumigenys_sp._appretiata_group_CASENT0744156_processed.obj,0.21159474673849105,0.31631817679973273,0.1616605790265694,True
Stenamma_debile_CASENT0745007_processed.obj,0.2117792856810009,0.3892655434591183,0.6927117235989819,False
Pristomyrmex_cribrarius_CASENT0744868_processed.obj,0.21200770231926064,0.45850980820626813,1.6824730745137793,False
Crematogaster_sp._CASENT0741249_processed.obj,0.21261463331653835,0.30292509020374453,0.44813196451762544,False
Myrmecina_graminicola_CASENT0745189_processed.obj,0.21352927878900754,0.3399850798288196,2.0442323828956415,False
Cyphomyrmex_flavidus_CASENT0709261_processed.obj,0.21427437199304444,0.28312132202161455,0.10467984942074456,False
Nesomyrmex_cf.itinerans_CASENT0744152_processed.obj,0.21434872091923113,0.381438259139835,3.268805332724166,False
Temnothorax_congruus_OKENT0105444_processed.obj,0.21441289593684637,0.3690244648982121,0.4875819931151222,False
Pristomyrmex_punctatus_OKENT0105157_processed.obj,0.2145735437619763,0.44546983606072454,0.5469298148978397,False
Aphaenogaster_gracillima_OKENT0105348_processed.obj,0.21494498258529013,0.4297534516975618,1.682666452623438,False
Brachymyrmex_sp._CASENT0744344_processed.obj,0.2154770766514568,0.48571122260929916,2.719653438542874,False
Hypoponera_sp._CASENT0744150_processed.obj,0.2158698751962439,0.4771527625293508,0.49637860902832875,False
Camponotus_quadrinotatus_OKENT0105286_processed.obj,0.21589229877642635,0.2844540659399121,1.186000768702381,False
Cephalotes_depressus_CASENT0744567_processed.obj,0.21606705043452157,0.37570339859737445,0.26122945818672205,False
Tetramorium_metactum_CASENT0745591_processed.obj,0.2161142252710599,0.3482435281738369,0.2412834330095154,False
Formica_sanguinea_CASENT0878135_processed.obj,0.21636129566552553,0.4177268884923664,52.05379617075873,False
Crematogaster_sp._CASENT0744804_processed.obj,0.21640129020293586,0.43754310163823223,0.9273917495504536,False
Mycetophylax_morschi_CASENT0745100_processed.obj,0.2167593085795102,0.3683543598649496,0.09814720026040946,False
Strongylognathus_testaceus_CASENT0745196_processed.obj,0.21678782477652656,0.3659599747680907,0.6230115408336515,False
Ophthalmopone_berthoudi_CASENT0744976_processed.obj,0.2168908862096624,0.36958698942281426,0.5173789868501578,False
Technomyrmex_sp._CASENT0744677_processed.obj,0.2169173926589214,0.40045929351402365,0.4816350675627292,False
Colobopsis_truncata_CASENT0878134_processed.obj,0.21694113964086695,0.33509585382557067,0.615095271653808,False
Atopomyrmex_mocquerysi_CASENT0744784_processed.obj,0.21715911829005152,0.3459934587832533,62.10258614266042,True
Pheidole_selathorax_CASENT0877567_processed.obj,0.21732940167109438,0.4162920854269203,0.7706251995074334,False
Labidus_praedator_CASENT0744040_processed.obj,0.21761674265003209,0.384112258131328,24.24806790155275,False
Pheidole_afrc-gh02_CASENT0744850_processed.obj,0.21780907135064026,0.4792523885465556,1.0932045266006063,False
Tetramorium_kraepelini_CASENT0744084_processed.obj,0.21784914217099138,0.3534305718776317,0.7987105344860159,True
Eciton_rapax_CASENT0744621_processed.obj,0.21795398962720114,0.3353135210888829,5.447075408016659,False
Myrmica_siciliana_CASENT0745246_processed.obj,0.21841837250628032,0.3651641057965525,0.10103649470989726,False
Dilobocondyla_fouqueti_CASENT0745576_processed.obj,0.21864719831313117,0.511330978447456,0.20118486197626298,True
Colobopsis_sp._CASENT0877570_processed.obj,0.21899497697696624,0.3668360955591318,1.775541278007282,False
Pheidole_sp._CASENT0744386_processed.obj,0.21926719622715518,0.3678272126822064,0.1741885591298678,False
Crematogaster_nawai_OKENT0105046_processed.obj,0.21932495107388228,0.41084186541514106,9.211787691640362,True
Camponotus_bishamon_OKENT0105015_processed.obj,0.21937863521843853,0.3825887144275566,8.05356145290824,False
Myrmicaria_sp._CASENT0745630_processed.obj,0.21986198257435088,0.3870827733595789,73.40095065500132,False
Oxyepoecus_myops_CASENT0744239_processed.obj,0.21997338470087036,0.4236484576932457,0.1685612211106131,False
Camponotus_modoc_CASENT0709277_processed.obj,0.21997377358199094,0.36806138094176316,0.7575319886776758,False
Cryptopone_sauteri_CASENT0743771_processed.obj,0.2202386113402381,0.38430399601777926,1.6095962750843802,True
Platythyrea_punctata_CASENT0745061_processed.obj,0.22023978169594383,0.37651837385093817,0.8354996325924604,False
Dorylus_helvolus_pretoriae_CASENT0744694_processed.obj,0.22040438860995215,0.36956727291131397,0.6106227130367368,False
Pheidole_bicarinata_CASENT0741431_processed.obj,0.2204592652799541,0.35651280366969557,0.4126420087666354,False
Tetramorium_kraepelini_OKENT0105239_processed.obj,0.22066418876349764,0.4243603839813913,0.0008632072259126722,False
Polyrhachis_wolfi_CASENT0878097_processed.obj,0.2209306701844948,0.3937584047985128,0.5110924073777307,False
Leptothorax_acervorum_CASENT0745182_processed.obj,0.22140848066289304,0.35108161746017946,0.29135825975390706,False
Lasius_umbratus_OKENT0105366_processed.obj,0.2215117072449099,0.4354357040805771,0.4018284052514155,False
Brachyponera_cf._obscurans_CASENT0744086_processed.obj,0.22189041705054816,0.44854512007563496,0.3699828796965086,False
Euprenolepis_procera_CASENT0878018_processed.obj,0.22200491598779068,0.481841936936014,1.728692722491571,False
Nomamyrmex_hartigii_CASENT0744352_processed.obj,0.22212476861574565,0.40685948504650393,7.999827474804615,False
Strumigenys_sp._gundlachi_group_CASENT0744212_processed.obj,0.22215181484180413,0.3774174763751489,6.308211632299639,False
Solenopsis_afrc-zm02_CASENT0744886_processed.obj,0.22233558824488525,0.40606118711853356,1.3886141927728342,False
Neocerapachys_splendens_CASENT0744062_processed.obj,0.2224272553179855,0.39285218096413943,4.5783079471197,False
Cerapachys_sulcinodis_CASENT0877602_processed.obj,0.2225403460168153,0.42118761736296,4.685655265173787,False
Anochetus_katonae_CASENT0745578_processed.obj,0.22270086262123254,0.3979185414739405,1.6931082131599993,False
Hypoponera_sp._CASENT0744151_processed.obj,0.22311875985281215,0.46550244404490343,2.727723318163596,False
Goniomma_hispanicum_CASENT0745172_processed.obj,0.22318119425144783,0.4314373362894815,0.22720068046489103,False
Tapinoma_cf.melanocephalum_CASENT0877584_processed.obj,0.22321892704871804,0.4517330588857175,0.041966076353446145,False
Pheidole_megacephala_OKENT0105126_processed.obj,0.22333503294279344,0.36802892510391144,1.2900137006726569,False
Pheidole_capellinii_CASENT0877636_processed.obj,0.2234827972086121,0.4572138636977195,1.1495725923874234,False
Megalomyrmex_drifti_CASENT0744171_processed.obj,0.22380090281481896,0.5107441545150796,6.693432110455417,False
Apterostigma_megacephala_CASENT0745137_processed.obj,0.22421957118497657,0.40916380815528836,8.433002863759082,False
Myrmecina_ryukyuensis_OKENT0105085_processed.obj,0.22422098890255254,0.4100465564517399,1.5640350621900492,True
Polyrhachis_wolfi_CASENT0878096_processed.obj,0.2244423918128862,0.36540715820071584,11.941792778575861,False
Solenopsis_sp._CASENT0744153_processed.obj,0.22471027038936253,0.39801101329104366,0.7021742480086839,False
Temnothorax_ravouxi_CASENT0745829_processed.obj,0.22492824014529944,0.41757514301044035,0.3557620169303775,False
Axinidris_hypoclinoides_CASENT0744663_processed.obj,0.2255045623318887,0.4854494590815124,1.2158350688086277,False
Cephalotes_depressus_CASENT0744566_processed.obj,0.22588036344513623,0.4086699830434788,3.1050665155826076,False
Acropyga_sauteri_CASENT0878082_processed.obj,0.22605613223228227,0.48403235044713466,3.79257519446675,False
Pristomyrmex_punctatus_OKENT0105156_processed.obj,0.2265801523273569,0.46982522215759337,0.18177891165883367,False
Wasmannia_sulcaticeps_CASENT0744311_processed.obj,0.22680025372680335,0.41872908108877177,0.7817329642244393,False
Odontomachus_troglodytes_CASENT0744970_processed.obj,0.22722038063909983,0.3952128292610903,12.055302711126625,True
Labidus_coecus_CASENT0744301_processed.obj,0.22756197968666217,0.5035465772662739,0.4724031195480049,False
Labidus_praedator_CASENT0744223_processed.obj,0.22778922177379035,0.5135353038972029,1.1758065869791483,False
Lasius_nr._fuliginosus_CASENT0878038_processed.obj,0.22785150040979774,0.4547482257801066,5.198103643927645,False
Hypoponera_opacior_CASENT0878069_processed.obj,0.2278781151798968,0.436537178153961,7.960176685115619,False
Tetramorium_sp._simillimum_group_CASENT0744905_processed.obj,0.22793222150351128,0.41766415174634913,0.41610110079042084,False
Centromyrmex_feae_CASENT0878085_processed.obj,0.22804393561291197,0.4436363048147868,2.789984072010822,False
Aphaenogaster_sardoa_CASENT0745225_processed.obj,0.22820989703602332,0.4479451729591404,2.8722914558615638,False
Mesoponera_subiridescens_CASENT0745587_processed.obj,0.2284055007383414,0.48191806423082845,3.7922593132686395,False
Formica_sanguinea_OKENT0105421_processed.obj,0.2288593544238804,0.42553200366226535,0.9576494626254337,False
Pheidole_oxyops_CASENT0744571_processed.obj,0.22895752322259236,0.4511637436022518,1.7116676916284126,False
Eburopone_afrc-za02_CASENT0744706_processed.obj,0.2289641600095293,0.41702798033255617,4.779473990838433,False
Strumigenys_sp._mandibularis_group_CASENT0744058_processed.obj,0.22928956519355287,0.49777041449036535,1.9438172507711293,False
Dorylus_sp._CASENT0744700_processed.obj,0.22958513168579553,0.47796486415852,1.6711752730913056,False
Cephalotes_minutus_CASENT0744309_processed.obj,0.22980681577070025,0.4103735176969534,2.1344050971972948,False
Parasyscia_sp._CASENT0744710_processed.obj,0.23005525340856325,0.38184082816162435,2.567366836187821,False
Blepharidatta_conops_CASENT0744394_processed.obj,0.23011442015576639,0.37563123109854357,0.3280332535656896,False
Prionopelta_subtilis_CASENT0840863-D4_processed.obj,0.2307749098213094,0.42306758078787177,0.3116498520903438,False
Xerolitor_explicatus_CASENT0745114_processed.obj,0.23088135416651911,0.43577179228510815,0.01402764909778343,False
Aphaenogaster_pallida_CASENT0745235_processed.obj,0.2309787675763661,0.45584287751939334,0.9092700909438721,True
Strumigenys_strigatella_OKENT0105333_processed.obj,0.23107898357583903,0.41090649997842676,0.2920353180142788,False
Dorylus_afrc-gh01_CASENT0744689_processed.obj,0.23110241859854788,0.39723119382350563,5.9977176744169975,False
Hypoponera_sp._CASENT0744289_processed.obj,0.23112184542552444,0.4178346028498723,9.259936360222463,False
Dorylus_nigricans_molestus_CASENT0744680_processed.obj,0.23114845294377406,0.42728065887369804,1.8054418224754032,False
Carebara_afrc-gh04_CASENT0744799_processed.obj,0.23118760479977285,0.4043878854154924,0.2241202872810871,False
Formica_cf.fusca_CASENT0878142_processed.obj,0.2316498541435263,0.43675971947297615,3.928189560834321,False
Bothriomyrmex_corsicus_CASENT0745216_processed.obj,0.2320375633923679,0.44494321582086754,0.1811981933411394,False
Oxyopomyrmex_saulcyi_CASENT0745217_processed.obj,0.2320486806355756,0.45492196463564955,0.6283136951083044,False
Stigmatomma_sp._CASENT0877560_processed.obj,0.2321226577493627,0.37845148012454455,0.46450031316977247,False
Nomamyrmex_hartigii_CASENT0744353_processed.obj,0.2328203399314004,0.4316260704522652,0.839819762135271,False
Euponera_sakishimensis_OKENT0105258_processed.obj,0.2328564547572759,0.5042366220996387,0.6333601818679361,False
Anoplolepis_custodiens_CASENT0744723_processed.obj,0.23310191259032215,0.5100896877688361,8.283480479639618,False
Nesomyrmex_angulatus_CASENT0744821_processed.obj,0.23327537164713524,0.37660331798174285,0.17178827428585938,False
Dorylus_helvolus_pretoriae_CASENT0744691_processed.obj,0.23371619766315666,0.5088027420817717,2.515903922490368,False
Paltothyreus_tarsatus_CASENT0745658_processed.obj,0.2338445833264595,0.3678408014242884,7.542381027240829,False
Parasyscia_sp._CASENT0744708_processed.obj,0.2344363195754111,0.40293632839705434,1.0086893835721582,False
Temnothorax_kubira_OKENT0105407_processed.obj,0.23456679354420748,0.3807991784554284,0.7599108080495844,False
Pheidole_sp._flavens_group_CASENT0744411_processed.obj,0.23464195817145492,0.3700780140360021,0.269131299688127,False
Myopias_sp._CASENT0745084_processed.obj,0.23519106257286937,0.4291496665817592,0.04439635846312249,False
Camponotus_OK01_OKENT0105018_processed.obj,0.23529863646539312,0.4234679902890735,0.6333823366303287,False
Myrmicaria_opaciventris_CASENT0745575_processed.obj,0.23579952377278196,0.5368090286197834,5.373243063918196,False
Stigmatomma_afrc-tz05_CASENT0744659_processed.obj,0.2360649259573516,0.47083576384794906,2.4858925743821016,False
Solenopsis_afrc-za06_CASENT0744874_processed.obj,0.23619405022616485,0.40365412191306,5.95525549683445,False
Tetramorium_polymorphum_CASENT0877578_processed.obj,0.23622661523824234,0.3769623936984005,2.2282129746015094,False
Pogonomyrmex_barbatus_CASENT0741383_processed.obj,0.2363437717043689,0.38549544182329654,49.435399994872114,False
Pseudolasius_sp._CASENT0877597_processed.obj,0.23666453714868146,0.42833804293282945,0.2316795061378815,False
Neocerapachys_splendens_CASENT0744063_processed.obj,0.23666982464150005,0.3950023846321748,0.465201815325708,False
Proatta_sp._CASENT0745619_processed.obj,0.2366731471032342,0.5797435243667474,1.0911122668690152,False
Formicoxenus_nitidulus_CASENT0745166_processed.obj,0.23709529585945818,0.34564193925074943,0.2513412940251292,False
Bothroponera_cf.kruegeri_CASENT0744925_processed.obj,0.237422254162067,0.40734828184623095,1.9297825700017983,False
Discothyrea_patrizii_CASENT0744990_processed.obj,0.23779195188835053,0.37763018368612966,0.6403694256457266,False
Myrmica_transsibirica_OKENT0105358_processed.obj,0.23783981424272918,0.45349948849833627,1.1317956986304332,False
Tapinoma_simrothi_CASENT0745227_processed.obj,0.2378630432918415,0.4257987937393699,0.2984307774523448,False
Typhlomyrmex_rogenhoferi_CASENT0745144_processed.obj,0.23790967345656144,0.4489040094718619,17.009523460852094,False
Dolichoderus_sibiricus_OKENT0105315_processed.obj,0.2385965378935674,0.3737457761880759,2.325059872903258,False
Ectatomma_sp._CASENT0744380_processed.obj,0.24000319437706086,0.47589751150434684,0.7739474097355078,False
Carebara_sp._CASENT0744801_processed.obj,0.24026411629392216,0.3805191907756288,1.9325729082215641,False
Paltothyreus_tarsatus_CASENT0745661_processed.obj,0.2402836357850561,0.3879395538984876,0.6041480169954518,False
Aphaenogaster_tipuna_OKENT0105304_processed.obj,0.2404931145165734,0.4413549288948045,2.2745870530817016,False
Hypoponera_sp._CASENT0744274_processed.obj,0.2406107767175759,0.46750707844712136,0.15989609585135095,False
Cephalotes_maculatus_CASENT0744374_processed.obj,0.24092746181615224,0.32912358986450874,0.8147751367467752,False
Strumigenys_canina_OKENT0105289_processed.obj,0.24123772989594403,0.41788406212698964,0.7396751650898278,False
Aphaenogaster_lepida_CASENT0743786_processed.obj,0.24134675553915366,0.4852234155532657,2.044211397131673,False
Cephalotes_pusillus_CASENT0744100_processed.obj,0.24143486360921468,0.4209842011733941,4.495766551801207,False
Acropyga_goeldii_CASENT0744200_processed.obj,0.24166543686750275,0.5293915009966016,6.024855922999423,False
Aenictus_lifuiae_OKENT0105004_processed.obj,0.24174850723736302,0.46997473734918366,3.6379817812852,False
Polyergus_rufescens_CASENT0878120_processed.obj,0.2417757789443717,0.5457954462353056,7.363631345210642,False
Cephalotes_maculatus_CASENT0744373_processed.obj,0.24203703920535546,0.32392694697204705,0.019846744568037474,False
Labidus_praedator_CASENT0744237_processed.obj,0.24220743166994677,0.49402147956685766,1.0288364733438626,True
Dolichoderus_cf.bidens_CASENT0744033_processed.obj,0.24236734727349551,0.5116672953445759,3.4817607505820516,False
Temnothorax_arimensis_OKENT0105446_processed.obj,0.24243279704131165,0.34806351115065054,0.26827687326886357,False
Nomamyrmex_esenbeckii_CASENT0744587_processed.obj,0.24259924452782017,0.4499748864662785,0.16087293095821706,False
Formicoxenus_nitidulus_CASENT0745168_processed.obj,0.24285876947401464,0.3723077196274331,0.8782324134420019,False
Oxyopomyrmex_saulcyi_CASENT0745218_processed.obj,0.24288727168574542,0.4469721005289987,0.3263509206395638,True
Cephalotes_simillimus_CASENT0744408_processed.obj,0.24289536197673528,0.3666580828460157,0.4847738074395655,True
Labidus_praedator_CASENT0744041_processed.obj,0.2430914388788568,0.4504572847714448,0.6073641956063057,False
Camponotus_lateralis_CASENT0878124_processed.obj,0.2436175156267671,0.4454021834868616,1.0002659511546983,False
Cephalotes_duckei_CASENT0744396_processed.obj,0.24392874941286796,0.34656897283919885,0.017034094079320834,False
Eciton_burchellii_CASENT0744557_processed.obj,0.2439338734552961,0.43328251154731573,27.26122109309724,False
Cyphoidris_afrc-tz01_CASENT0744811_processed.obj,0.24393431547730676,0.39039775350764633,3.4460955077657354,False
Dorylus_sp._CASENT0744701_processed.obj,0.244011345129529,0.4084280222152586,0.418748151555803,False
Stigmatomma_silvestrii_OKENT0105192_processed.obj,0.24432008226704433,0.5219596533725988,1.1572050152726148,False
Lordomyrma_sp._CASENT0745617_processed.obj,0.24442232527361687,0.4854092722896462,1.1268675255036011,False
Camponotus_lateralis_CASENT0878125_processed.obj,0.24447748692033222,0.4732686459529013,4.680114688186962,False
Pseudoponera_stigma_CASENT0744030_processed.obj,0.24469751458403682,0.42794393007109005,0.18371046028009944,False
Pheidole_ochracea_CASENT0744088_processed.obj,0.24478402329315685,0.3717635490018102,0.43793568083136164,False
Dorylus_sp._CASENT0744698_processed.obj,0.24482816421365364,0.4025963388010397,2.4232515736209237,False
Ophthalmopone_berthoudi_CASENT0744977_processed.obj,0.2455350006278247,0.387820210258662,0.6722053121438238,False
Camponotus_blandus_CASENT0744254_processed.obj,0.24601889614747185,0.4166720265231077,1.39924500046496,False
Odontomachus_assiniensis_CASENT0744969_processed.obj,0.24606248114730683,0.4647304175215977,3.0779201391543234,False
Megalomyrmex_sp._CASENT0744048_processed.obj,0.24647447416500534,0.49467902321341156,2.1286253558887824,False
Eburopone_afrc-za02_CASENT0744705_processed.obj,0.24704988717468213,0.42336036720615444,0.49389383022529426,False
Philidris_sp._CASENT0878053_processed.obj,0.24706351995935869,0.45790818269367745,2.095682877064317,False
Pheidole_afrc-075_CASENT0744863_processed.obj,0.24810985730344406,0.46686060824300696,2.477268415674184,False
Lordomyrma_sp._CASENT0745618_processed.obj,0.24814173273404688,0.4477036743187425,0.2892098645031076,False
Cerapachys_sulcinodis_CASENT0877601_processed.obj,0.24831539786406515,0.46466305276435316,0.9906029681469704,False
Camponotus_sp._CASENT0744555_processed.obj,0.24840103826214466,0.4121537513638492,0.5908778280483177,False
Euponera_brunoi_CASENT0744942_processed.obj,0.24847937854461466,0.4587498258728267,0.4712246862860135,False
Temnothorax_arimensis_OKENT0105447_processed.obj,0.24866663733876226,0.3719080549195537,1.4445161727529283,False
Allomerus_decemarticulatus_CASENT0744512_processed.obj,0.2491097448491651,0.41744036015452557,16.02630310063737,False
Lasius_cf.flavus_CASENT0878010_processed.obj,0.2491861881276172,0.39036734934501366,0.17038998161075847,False
Aphaenogaster_japonica_CASENT0743784_processed.obj,0.24931520196369075,0.4683456736243892,2.6096646271748285,False
Pheidole_sp._flavens_group_CASENT0744410_processed.obj,0.2495397556281428,0.4286699638329523,0.1773572935328461,False
Harpegnathos_venator_CASENT0877553_processed.obj,0.2495699480265977,0.43223577546538444,2.1069624435531242,False
Myrmecina_sicula_CASENT0745245_processed.obj,0.24974471148098282,0.4385956371027962,0.4363408082528155,False
Aphaenogaster_trinacriae_CASENT0745222_processed.obj,0.24978548822904192,0.5374701766361047,3.6229863564271296,False
Cylindromyrmex_striatus_CASENT0741380_processed.obj,0.2499114599683377,0.44284210043773,5.155497203508189,False
Hypoponera_opacior_CASENT0878070_processed.obj,0.25033873736817336,0.5020003407212495,0.41504367442104223,False
Platythyrea_punctata_CASENT0745062_processed.obj,0.2507873385504138,0.4008909818924581,0.13251779233976382,False
Azteca_sp._CASENT0744101_processed.obj,0.250949613340432,0.4959128193881942,16.173465518851348,False
Acromyrmex_octospinosus_CASENT0878013_processed.obj,0.2516948813926996,0.41577574423088476,3.3948133232995232,False
Azteca_ovaticeps_CASENT0745027_processed.obj,0.25170890894422393,0.4665426658630752,9.7367000479291,False
Tetramorium_bicarinatum_OKENT0105233_processed.obj,0.25217892329140273,0.448380172723841,11.015607702649325,False
Leptothorax_acervorum_CASENT0745184_processed.obj,0.25303257364628207,0.41563881156040494,0.2571053524134455,False
Temnothorax_nylanderi_CASENT0878031_processed.obj,0.25307409830556826,0.39692504068998213,0.3384147496018155,False
Melissotarsus_FHG02_CASENT0745206_processed.obj,0.25316398025734466,0.5064767966009615,0.5215208775021438,False
Poneracantha_triangularis_CASENT0744463_processed.obj,0.25346202286187924,0.44578268645233493,1.3580285923165474,False
Polyrhachis_decemdentata_CASENT0744779_processed.obj,0.25351599481061127,0.5196421015217372,2.242479646668308,True
Anochetus_mayri_CASENT0744450_processed.obj,0.2539607142227561,0.48897292764015804,0.3310518323299788,False
Pheidole_obscurithorax_CASENT0744316_processed.obj,0.2540602350170772,0.5040981850722182,0.3540000237328579,False
Cephalotes_simillimus_CASENT0744409_processed.obj,0.2543502834392398,0.35109177136349473,1.123494363731188,False
Pheidole_cavifrons_CASENT0744487_processed.obj,0.254932307757617,0.42816695478017625,4.495919224503296,False
Monomorium_pharaonis_CASENT0877625_processed.obj,0.25494697949618295,0.4470546852659422,0.04164720940883343,False
Dorylus_orientalis_CASENT0877642_processed.obj,0.2550612602208117,0.39868324717117937,1.0427107954803692,False
Blepharidatta_brasiliensis_CASENT0745135_processed.obj,0.25550540250530485,0.4663560212317365,11.442380329177855,False
Acropyga_goeldii_CASENT0744198_processed.obj,0.25551180236182436,0.519901919682775,0.13192118981381298,False
Leptothorax_acervorum_CASENT0745183_processed.obj,0.2555454805482125,0.4290433526520705,0.6041472176295429,False
Atta_sexdens_CASENT0744597_processed.obj,0.2557303672486534,0.385658497410676,0.8657146463847428,False
Phrynoponera_gabonensis_CASENT0744979_processed.obj,0.2559341003647926,0.4521704865245543,0.4390607534088614,False
Neoponera_laevigata_CASENT0744169_processed.obj,0.256133907570533,0.4997479436640667,3.484251129179596,False
Discothyrea_banna_CASENT0745641_processed.obj,0.25649197648414646,0.4121610685339969,0.05195825859881413,False
Tapinoma_cf.melanocephalum_CASENT0877585_processed.obj,0.25650166676404595,0.43038055096497135,1.650380326171244,False
Gnamptogenys_aff.relicta_CASENT0744357_processed.obj,0.2568159825978322,0.4544585593475356,1.3043113012021583,False
Gnamptogenys_horni_CASENT0744116_processed.obj,0.2571322716937213,0.42956710220363675,5.7851678328280505,False
Neivamyrmex_pseudops_CASENT0744018_processed.obj,0.2573967986557366,0.5082784300635016,0.22754869715527345,False
Adelomyrmex_samoanus_CASENT0745602_processed.obj,0.2576561301373367,0.3834679336550994,3.6202413552132797,False
Mycetomoellerius_holmgreni_CASENT0744498_processed.obj,0.2578524248250098,0.44377347363402003,0.2745002861158851,False
Cyphoidris_afrc-tz02_CASENT0744812_processed.obj,0.25798255378032053,0.4355600292432529,4.390019565820211,False
Strumigenys_alberti_CASENT0878104_processed.obj,0.2581922275853255,0.4365723182955784,1.4079650759511757,False
Heteroponera_dolo_CASENT0744318_processed.obj,0.25819826377338506,0.4162220515492323,0.5799389894377331,False
Neivamyrmex_cf.diana_CASENT0744104_processed.obj,0.25834957381668183,0.48412080190577667,0.1433217912941878,False
Labidus_coecus_CASENT0744300_processed.obj,0.2587026741172188,0.5415045650410734,18.405115332097463,False
Cephalotes_minutus_CASENT0745140_processed.obj,0.25885146893293576,0.41784102624659264,0.5153430405739247,False
Dacatria_templaris_CASENT0743774_processed.obj,0.25914465504212353,0.4748453189729461,10.92112290642032,False
Pristomyrmex_punctatus_CASENT0745047_processed.obj,0.26193941492712614,0.45978423124865486,0.39567294231666444,False
Syllophopsis_aureorugosa_CASENT0840860-D4_processed.obj,0.2621318257550036,0.4685157043332111,0.280115865230901,False
Gnamptogenys_aff._continua_CASENT0744149_processed.obj,0.2623078261060817,0.4543345290786373,3.2559955744162554,False
Cryptopone_tengu_OKENT0105052_processed.obj,0.2625711888414408,0.4637863893773736,2.1196429127433594,False
Carebara_atoma_CASENT0741394_processed.obj,0.2628289308117612,0.3986350419810193,0.7504121888820735,False
Loboponera_afrc-gh01_CASENT0744958_processed.obj,0.26299000955298024,0.5304279647956345,0.1175106321137402,False
Solenopsis_afrc-za09_CASENT0744879_processed.obj,0.2630821080216934,0.4333745289677034,10.449918953545318,False
Strumigenys_auctidens_CASENT0878105_processed.obj,0.26341979456700826,0.4249668759499019,0.6728454752996981,False
Harpegnathos_venator_CASENT0877552_processed.obj,0.2638195717488694,0.4324368778514734,0.924207591874959,False
Pseudomyrmex_sp._CASENT0744024_processed.obj,0.2638885727117575,0.45022878168992764,0.4976682988340246,False
Cephalotes_pusillus_CASENT0744206_processed.obj,0.26406374110187203,0.39524933135374396,5.478279559938402,False
Temnothorax_congruus_CASENT0743574_processed.obj,0.2641511500526835,0.4159170354972319,6.785734673260845,False
Sphinctomyrmex_stali_CASENT0790136_processed.obj,0.2645457992844037,0.4378347573848688,1.65213383864805,False
Mayriella_sp._CASENT0745610_processed.obj,0.26458068134298623,0.4238295292177653,0.4235222914803929,True
Tetramorium_kraepelini_OKENT0105238_processed.obj,0.264709741852615,0.4348226642060074,6.450485459620956,False
Kalathomyrmex_emeryi_CASENT0745118_processed.obj,0.2649522855967624,0.5066430669257259,21.932059168101244,False
Ectatomma_edentatum_CASENT0744505_processed.obj,0.2650913774224558,0.4359820457375108,2.1199693882190043,False
Dolichoderus_decollatus_CASENT0744046_processed.obj,0.26539934886797784,0.44583623113414406,0.9216546107343571,False
Mayaponera_arhuaca_CASENT0878102_processed.obj,0.2655259870958866,0.4880525102561359,2.7336009025491426,False
Ponera_sp._CASENT0745077_processed.obj,0.26560729870150046,0.45828676644078387,2.7950724612191955,False
Tetramorium_semilaeve_CASENT0745232_processed.obj,0.2667653131144636,0.437772962506586,0.03485525651611515,False
Labidus_praedator_CASENT0744225_processed.obj,0.2667826295377308,0.4701910823900192,0.31118771937221273,False
Strumigenys_hispida_OKENT0105262_processed.obj,0.2670800220465448,0.4862718457511775,6.011060725769766,False
Stigmatomma_afrc-tz05_CASENT0744660_processed.obj,0.26712109791208366,0.5130572936812154,1.9025709644192967,False
Psalidomyrmex_sallyae_CASENT0744986_processed.obj,0.26713441686825035,0.48529824680749906,0.3003880683866458,False
Camponotus_kiusiuensis_OKENT0105424_processed.obj,0.26737019002710516,0.44056963243904684,0.08062006626303111,False
Ponera_sp._CASENT0745087_processed.obj,0.2675128460782246,0.48447570596464695,2.0221006851005243,False
Neivamyrmex_pseudops_CASENT0744017_processed.obj,0.26788083131919843,0.4870538467125977,69.28514007013983,False
Bothroponera_soror_CASENT0744928_processed.obj,0.2682192684956437,0.4567983259517076,16.52540757746344,False
Cephalotes_minutus_CASENT0744308_processed.obj,0.26831620636717046,0.46065537082835684,0.1643750022039371,False
Tetramorium_bicarinatum_CASENT0744240_processed.obj,0.2690369440529368,0.5336530655517009,2.5019816995360054,False
Nesomyrmex_angulatus_CASENT0744820_processed.obj,0.2695368351971289,0.42762336956453884,1.0054704210483467,True
Pheidole_bicarinata_CASENT0741434_processed.obj,0.26984165262344706,0.4515066083895266,0.5088256312361236,False
Pristomyrmex_afric-tz01_CASENT0744866_processed.obj,0.2699292911881951,0.4785852935809638,0.3211395079634284,False
Eciton_rapax_CASENT0744622_processed.obj,0.27009755509373945,0.45632798575624695,14.500966774087248,False
Hypoponera_sp._CASENT0744348_processed.obj,0.27019934274369933,0.6063731194677028,2.3311975857455685,False
Typhlomyrmex_rogenhoferi_CASENT0745145_processed.obj,0.27024393113423273,0.5162908143025252,1.3631316998447995,False
Stigmatomma_FHG02_CASENT0745562_processed.obj,0.27033135755895055,0.448604007550256,3.0342327893840872,False
Odontomachus_haematodus_CASENT0744047_processed.obj,0.27039907491532555,0.5648389708765641,1.6255711554977148,False
Heteroponera_flava_CASENT0744120_processed.obj,0.271093409121009,0.4474863043868371,0.5195787910464316,False
Crematogaster_cf.crinosa_CASENT0744446_processed.obj,0.27129355525198595,0.5413001513420077,0.05639098505999161,False
Stictoponera_bicolor_CASENT0877615_processed.obj,0.2713880518641355,0.48121702951006873,9.609523446589675,False
Eurhopalothrix_procera_CASENT0745605_processed.obj,0.27174307317557866,0.4812138250329738,3.4406642307865445,True
Dolichoderus_debilis_CASENT0744349_processed.obj,0.27179224083761133,0.4967207583833496,0.7253339738584477,False
Octostruma_cf.betschi_CASENT0744367_processed.obj,0.2720420712123668,0.4800576408065209,1.0142901740283707,False
Typhlomyrmex_reichenspergeri_CASENT0744415_processed.obj,0.2722213390666566,0.445222809195386,1.205779009367192,False
Procryptocerus_goeldii_CASENT0744067_processed.obj,0.2722880385155457,0.4019877433831103,0.2926342644067209,False
Hypoponera_sp._CASENT0744952_processed.obj,0.27235725995546056,0.4692043863830074,1.0808637766342954,False
Acromyrmex_octospinosus_CASENT0878014_processed.obj,0.2726708002227964,0.4464268984183925,11.07235114461592,False
Leptogenys_sp._CASENT0745628_processed.obj,0.27274825505973066,0.5131922914113026,4.320815589191339,False
Strumigenys_appretiata_CASENT0744350_processed.obj,0.2729297693390271,0.4270118443696732,0.03412919891062913,False
Neoponera_goeldii_CASENT0745034_processed.obj,0.2729412985055056,0.48182448713021353,8.69869616786384,False
Acromyrmex_coronatus_CASENT0744365_processed.obj,0.2739936713679427,0.5571971112646192,11.199995819311729,True
Pheidole_nodus_CASENT0877544_processed.obj,0.2744545833392805,0.5892638959080209,1.6651607295884137,False
Strumigenys_lewisi_OKENT0105441_processed.obj,0.27452950541726007,0.5002443470972524,0.9421761137554705,False
Acanthostichus_brevicornis_CASENT0744298_processed.obj,0.27468699908391214,0.4945704445450517,0.1304469616489927,False
Temnothorax_kubira_OKENT0105406_processed.obj,0.27534895051326214,0.4433908370939223,3.148037546959439,False
Labidus_praedator_CASENT0744038_processed.obj,0.2759523623625302,0.4816495929019622,77.20973238232534,False
Pheidole_scolioceps_CASENT0744332_processed.obj,0.27652283798893573,0.4998447688280872,0.3574382525895783,False
Hypoponera_sp._CASENT0744447_processed.obj,0.27665493207968056,0.5438026486425969,3.060833657689005,False
Cephalotes_spinosus_CASENT0744159_processed.obj,0.27712582300447824,0.4820066658987052,2.0814885074989746,False
Terataner_alluaudi_CASENT0840849-D4_processed.obj,0.27749439710556345,0.43071835316551604,3.1453463060527755,False
Camponotus_polyrhachioides_CASENT0744732_processed.obj,0.27752140941529047,0.44189459791982727,0.027902313905874592,False
Trachymyrmex_carinatus_CASENT0709287_processed.obj,0.27760292669685294,0.43386948664775116,20.542887506020822,False
Acanthostichus_brevicornis_CASENT0744297_processed.obj,0.27820381287682117,0.4644178118697059,0.009297517353330878,False
Ectomomyrmex_leeuwenhoeki_CASENT0745640_processed.obj,0.2785135104647705,0.5070744528763812,0.583193997653898,False
Myrmecina_sicula_CASENT0745244_processed.obj,0.2785691749807876,0.42748321027393715,4.087809432736174,False
Octostruma_iheringi_CASENT0744222_processed.obj,0.27882878919470655,0.45620323623841014,1.6462635364558593,False
Myrmica_transsibirica_OKENT0105359_processed.obj,0.28019893713429594,0.4684496527338216,0.22860696746533374,False
Fisheropone_hartwigi_CASENT0744937_processed.obj,0.2802866671237599,0.48824161374146374,3.7061513505741566,False
Vitsika_brevis_CASENT0840868-D4_processed.obj,0.280731539631873,0.4287371693422969,15.555934781001644,False
Mycetosoritis_hartmanni_CASENT0745094_processed.obj,0.2810479472113034,0.47811473620849887,20.088984909872934,False
Acropyga_decedens_CASENT0744503_processed.obj,0.28116331342579526,0.46238260896833366,2.1244479902379574,False
Pogonomyrmex_schmitti_CASENT0709284_processed.obj,0.28116538900261423,0.4000311643229008,9.614254689517551,False
Megaponera_analis_CASENT0744964_processed.obj,0.2816507786892002,0.5309135321499137,12.425181817355417,False
Dacetinops_sp._CASENT0745607_processed.obj,0.2819452211414622,0.5264038439155359,5.159294014878811,False
Plectroctena_mandibularis_CASENT0745565_processed.obj,0.2821256500987177,0.40311545167926804,3.2110520492309775,False
Mycetophylax_asper_CASENT0745123_processed.obj,0.28216883650575153,0.5435570620768321,0.589153011353915,False
Acromyrmex_octospinosus_CASENT0878016_processed.obj,0.2822820230681615,0.4591998384455385,3.655878572631069,False
Myrmecina_sp._CASENT0745613_processed.obj,0.2823385622457325,0.47956587402855133,7.085050234076761,True
Cephalotes_pusillus_CASENT0744207_processed.obj,0.2825761523258634,0.4538207546432065,0.6990281669169245,False
Acromyrmex_cf.coronatus_CASENT0744044_processed.obj,0.28261528192004903,0.4637899534128287,75.00847841217528,False
Strumigenys_canina_OKENT0105288_processed.obj,0.28264100738978576,0.46040012851948237,0.4467534069204056,True
Strumigenys_benten_OKENT0105410_processed.obj,0.28264708607943806,0.47772424407746467,3.3305183589871583,False
Meranoplus_cf.bicolor_CASENT0877604_processed.obj,0.282775289009928,0.41291498685266786,2.1527319946141144,False
Hypoponera_coeca_CASENT0744951_processed.obj,0.28357295181758035,0.49023863864100053,0.07981976050260796,False
Cephalotes_pusillus_CASENT0744391_processed.obj,0.2836052282201674,0.39714999173641197,0.34121373499705915,False
Ponerinae_sp._CASENT0745560_processed.obj,0.28368247838739513,0.5723404102549603,12.26491226062155,False
Strumigenys_crassicornis_CASENT0744273_processed.obj,0.28404308593911687,0.5370794244269284,0.3364209699777328,True
Polyrhachis_decemdentata_CASENT0744778_processed.obj,0.2845932235340576,0.5593945342798246,5.642356494314078,False
Hagensia_havilandi_marleyi_CASENT0744950_processed.obj,0.28465143269432547,0.5786561190527255,0.8103315716479043,False
Pristomyrmex_cribrarius_CASENT0744867_processed.obj,0.285064199791702,0.5279970143661071,1.0711677966609499,False
Myrmica_rubra_CASENT0745018_processed.obj,0.2858693353900184,0.5595513096315695,1.7295156241484069,False
Cyphomyrmex_major_CASENT0745148_processed.obj,0.28588312371494506,0.4151117053564361,26.025811141854103,False
Neivamyrmex_aff.pacificus_CASENT0744551_processed.obj,0.2859203078775976,0.5647731093110889,14.625509583521799,False
Sericomyrmex_mayri_CASENT0745109_processed.obj,0.2862232575951045,0.4800402884841623,10.917522949910131,False
Tetramorium_venator_CASENT0744916_processed.obj,0.2862464460702954,0.4993313091495715,0.08879030667223178,False
Pristomyrmex_brevispinosus_OKENT0105259_processed.obj,0.2874307723953953,0.503130446286481,1.192362783416622,False
Cephalotes_depressus_CASENT0744249_processed.obj,0.28754247645303943,0.4034199821890517,3.751993742938213,False
Acromyrmex_lobicornis_CASENT0878007_processed.obj,0.2876058786594994,0.5294596426227706,7.626049622036851,True
Hagensia_havilandi_marleyi_CASENT0744949_processed.obj,0.2877947487902778,0.5573646413622206,1.4475644088652244,False
Tetramorium_lanuginosum_OKENT0105242_processed.obj,0.2882300157859331,0.5002737827066064,2.243668288529676,False
Proatta_sp._CASENT0745620_processed.obj,0.288389432811371,0.5392565753454902,23.979945654008695,False
Xerolitor_explicatus_CASENT0745113_processed.obj,0.2884575560883344,0.5416375261724524,0.9376606077742915,False
Stigmatomma_FHG02_CASENT0745561_processed.obj,0.2888146185444258,0.5859401596189558,0.7725839969743014,True
Holcoponera_relicta_CASENT0744313_processed.obj,0.2903023661756251,0.5643514969059702,0.40092104042396887,False
Lordomyrma_idianale_CASENT0745650_processed.obj,0.2909889349815412,0.4969527215218875,1.8958378750757483,False
Labidus_coecus_CASENT0744166_processed.obj,0.2910206594514834,0.477450924053149,76.10132680215887,False
Bothroponera_fugax_CASENT0744923_processed.obj,0.2910266148961277,0.440679701885496,0.7021477368001368,False
Mesoponera_ambigua_CASENT0745584_processed.obj,0.291223205241519,0.5992921138357854,1.7143599908586977,True
Messor_decipiens_CASENT0744826_processed.obj,0.29132871079333983,0.553759549248104,2.0381507675373443,False
Pseudolasius_sp._CASENT0878065_processed.obj,0.29187431008267467,0.5630139402181903,4.6660085478476985,True
Solenopsis_invicta_CASENT0744384_processed.obj,0.2936660515579268,0.5059661922567736,8.580294739871903,True
Myrmicocrypta_squamosa_uncinata_CASENT0745105_processed.obj,0.29383198494339346,0.5837011576980766,18.281174820331135,False
Blepharidatta_brasiliensis_CASENT0744515_processed.obj,0.294111637496953,0.5155295986304476,86.687741750566,False
Neivamyrmex_aff.pacificus_CASENT0744550_processed.obj,0.29500194162937077,0.5530905171944628,8.836065142475142,False
Acanthomyrmex_cf.ferox_CASENT0878066_processed.obj,0.2954666270334818,0.6420933496705383,2.0300297331240373,False
Strumigenys_incerta_OKENT0105329_processed.obj,0.2955353160463552,0.5423776878585139,0.04733599099588422,False
Tetramorium_kestrum_CASENT0745589_processed.obj,0.2958185949501187,0.5407307142715497,0.4437417389859838,False
Strumigenys_sp._silvestri_group_CASENT0744283_processed.obj,0.29585723563579047,0.48491383250476644,2.566113006559057,False
Eciton_burchellii_CASENT0744556_processed.obj,0.29612398318453903,0.5884595626581259,46.89899975757765,False
Azteca_sp._CASENT0744102_processed.obj,0.29663840396666075,0.5730178960696721,4.057038073065262,False
Gnamptogenys_horni_CASENT0744355_processed.obj,0.29685815905267876,0.4610557806336842,11.46935960701089,False
Neivamyrmex_cf.diana_CASENT0744106_processed.obj,0.2981213952505666,0.7128751865620208,0.7090334659347045,False
Ocymyrmex_sp._CASENT0744842_processed.obj,0.2981472007857886,0.544336008604161,2.7023343328115366,False
Solenopsis_afrc-za01_CASENT0744871_processed.obj,0.29868662165862814,0.4425564903374342,1.5656171729681232,False
Megaponera_analis_CASENT0745581_processed.obj,0.299581532998472,0.49526198870490196,1.6615050927704613,False
Hylomyrma_cf.blandiens_CASENT0744010_processed.obj,0.3001136783516426,0.5386947512758925,0.9271443705870122,False
Solenopsis_desecheoensis_CASENT0744889_processed.obj,0.3007765717745514,0.5248627180905141,0.17083630864021843,False
Mayaponera_constricta_CASENT0845824-D3_processed.obj,0.3010089294829741,0.5065056806164617,0.31907555611310623,False
Cylindromyrmex_striatus_CASENT0741379_processed.obj,0.3010162577114846,0.47274770505918634,0.5516451419515478,False
Mycocepurus_sp._CASENT0744008_processed.obj,0.3012751805122556,0.5671780381745919,0.7207463621030246,False
Eciton_hamatum_CASENT0744578_processed.obj,0.3014110492088918,0.5140514592001533,81.6154823944861,False
Lioponera_foreli_CASENT0744707_processed.obj,0.3021227831336955,0.5245432953722873,0.894210761744849,False
Bothroponera_talpa_CASENT0744929_processed.obj,0.3021392889356237,0.4821784890440433,0.3964920009982227,False
Strumigenys_alberti_CASENT0878103_processed.obj,0.3028444154132124,0.5202093151078752,2.905188127663856,True
Myrmicocrypta_foreli_CASENT0744022_processed.obj,0.3034392880221328,0.5577318644711903,14.360025069312185,False
Discothyrea_sexarticulata_CASENT0744287_processed.obj,0.3050282963684501,0.4759955931017862,1.67074425763587,False
Myrmicocrypta_squamosa_uncinata_CASENT0745104_processed.obj,0.3050532583979819,0.5343179383786851,2.057929222556575,False
Tetramorium_brevispinosum_CASENT0745592_processed.obj,0.3051273325427921,0.5319163446560305,0.26409780521605997,False
Solenopsis_invicta_CASENT0744526_processed.obj,0.30535019310750033,0.4976388562229889,9.781747660736515,False
Sericomyrmex_mayri_CASENT0745110_processed.obj,0.30595312641482575,0.5279976938655591,57.61307162100812,False
Megalomyrmex_aff.goeldii_CASENT0744251_processed.obj,0.3064799344640921,0.5640104060157696,0.22349927622627713,False
Leptogenys_unistimulosa_CASENT0744454_processed.obj,0.3071715856639847,0.5132468498410685,0.8115686662094512,False
Allomerus_decemarticulatus_CASENT0745025_processed.obj,0.30721238473068013,0.5522217541713417,1.7257082790659546,False
Temnothorax_indra_OKENT0105227_processed.obj,0.30757031487392905,0.5820758389396259,1.1012512241704642,False
Calyptomyrmex_brunneus_CASENT0745550_processed.obj,0.3078506078201385,0.4401870880910817,2.0634589393597818,False
Paratrachymyrmex_cornetzi_CASENT0744113_processed.obj,0.30832641879569955,0.6548272425591125,3.2005684792434965,False
Mesoponera_subiridescens_CASENT0745588_processed.obj,0.30849453536959165,0.5800334273072733,8.65656455832875,False
Megaponera_analis_CASENT0745582_processed.obj,0.3087204771922871,0.4665092383319067,1.8490466811571717,False
Mystrium_camillae_CASENT0745088_processed.obj,0.3087249501705237,0.5752072430691649,4.902999451417696,False
Mystrium_oberthueri_CASENT0745063_processed.obj,0.30917482482458813,0.44602547606503695,10.271773404521177,False
Mayaponera_constricta_CASENT0745139_processed.obj,0.3098072830274181,0.6412000823575611,2.733610077575242,False
Pheidole_sp._flavens_group_CASENT0744336_processed.obj,0.3098592114710193,0.5995105022140157,1.3397553811046667,False
Parasyscia_sp._CASENT0878061_processed.obj,0.31006738207034845,0.5170638355970906,2.5801053732047943,False
Strumigenys_benten_OKENT0105411_processed.obj,0.3107984181757301,0.5897474394714124,3.3977686012062445,False
Discothyrea_patrizii_CASENT0744991_processed.obj,0.31291001371051513,0.4871617708330927,0.3480359416222332,False
Rogeria_cf.blanda_CASENT0744351_processed.obj,0.3135544516062771,0.557700920349249,1.10903185571115,False
Phrynoponera_transversa_CASENT0744981_processed.obj,0.3142407188581171,0.514977730920793,0.26157291576441444,False
Lachnomyrmex_victori_CASENT0744334_processed.obj,0.3147446279017472,0.5247966691117277,0.439340259943481,False
Hypoponera_opacior_CASENT0878019_processed.obj,0.3151313090094999,0.556666948654369,1.5314576729835887,False
Cyphomyrmex_rimosus_CASENT0744354_processed.obj,0.3153236170214476,0.6006495622071878,13.779961137689053,False
Polyrhachis_illaudata_CASENT0878095_processed.obj,0.3156042806738347,0.5170187698556575,10.956781313941308,False
Bothroponera_pachyderma_CASENT0744926_processed.obj,0.31567579176439065,0.5336866311853267,17.875893381484833,False
Cyphomyrmex_minutus_CASENT0745117_processed.obj,0.31585920082626384,0.5899865458900085,16.21934313792502,False
Cyphomyrmex_peltatus_CASENT0744330_processed.obj,0.31651613560584746,0.6290487255924356,11.97305819736845,False
Mayriella_sp._CASENT0745611_processed.obj,0.3170622504266617,0.4681801234896936,0.09148799364921756,False
Dacatria_templaris_CASENT0743775_processed.obj,0.3171335354442311,0.6086482465072175,0.2691730197407057,False
Cephalotes_depressus_CASENT0744250_processed.obj,0.31728094870975637,0.5236589745586915,6.620970976050226,False
Acromyrmex_balzani_CASENT0744618_processed.obj,0.31739386932890745,0.5650588280075906,12.939664779276093,False
Cephalotes_simillimus_CASENT0744407_processed.obj,0.3176917102489146,0.45393218057236223,2.99089574510947,False
Labidus_praedator_CASENT0744109_processed.obj,0.3184336072385772,0.6094239857321508,46.06536119053032,False
Azteca_sp._CASENT0744103_processed.obj,0.3185404762824381,0.6064999924569416,3.8673439805223944,False
Myrmecina_graminicola_CASENT0745188_processed.obj,0.3187831864572469,0.5135099177035757,0.5920012382572324,False
Psalidomyrmex_sallyae_CASENT0744987_processed.obj,0.3188101925972785,0.5157768561347008,16.51475514885699,False
Tetramorium_polymorphum_CASENT0877577_processed.obj,0.31921048238784805,0.49150286472140314,5.92860769888882,False
Mycetophylax_asper_CASENT0745124_processed.obj,0.31926999184807875,0.5362362068807289,3.6645075076789517,False
Eciton_burchellii_CASENT0744558_processed.obj,0.3210041606608355,0.7608589896096162,0.2753591270204429,False
Dorylus_sp._CASENT0744697_processed.obj,0.3217505990748384,0.5089324947563523,1.6017825800973255,False
Parasyscia_sp._CASENT0744711_processed.obj,0.32278253121558564,0.5295554660826778,0.2484784145840931,False
Neivamyrmex_pseudops_CASENT0744019_processed.obj,0.3232386522573728,0.5171387207816813,61.84215021970619,False
Tetramorium_sp._OKENT0105210_processed.obj,0.3238713360894434,0.5604414513219343,23.434423026972187,False
Mayaponera_constricta_CASENT0744226_processed.obj,0.32604372156840866,0.5999433738007797,10.70164496332177,False
Talaridris_mandibularis_CASENT0744061_processed.obj,0.32710949922994015,0.574868505122543,0.42747998127941467,False
Tetramorium_smithi_OKENT0105252_processed.obj,0.327235516302477,0.5670845740761684,0.4140265563836816,False
Loboponera_afrc-gh01_CASENT0744959_processed.obj,0.327359478952869,0.5627611761978486,4.1701266835044715,False
Acromyrmex_coronatus_CASENT0744364_processed.obj,0.3289019881923454,0.5016664867644816,51.09034983103176,False
Tetramorium_bicarinatum_OKENT0105236_processed.obj,0.3295710696110785,0.5619311954026895,2.0758126911804577,False
Cyphomyrmex_minutus_CASENT0745116_processed.obj,0.3312960567521506,0.629749039963624,13.816511029508142,False
Tatuidris_tatusia_CASENT0745546_processed.obj,0.33130245297066635,0.560688508204978,6.386199546143572,False
Blepharidatta_brasiliensis_CASENT0745136_processed.obj,0.33309616746304627,0.5796094834348738,1.6794161082884576,False
Aphaenogaster_cf.araneoides_CASENT0878078_processed.obj,0.3331418927458346,0.53908889346099,16.275902664262496,False
Hylomyrma_immanis_CASENT0744021_processed.obj,0.33354068269004167,0.5971608095490415,10.129209279532907,False
Paratrachymyrmex_cf.intermedius_CASENT0744154_processed.obj,0.33416115458536444,0.5399254039642706,88.5846932269507,False
Ectatomma_brunneum_CASENT0744575_processed.obj,0.33563274496731316,0.6233427086660897,1.6069334181362134,True
Allomerus_octoarticulatus_CASENT0744405_processed.obj,0.33567349007673947,0.5418503913963857,0.13514864360602535,False
Tetramorium_simillimum_OKENT0105249_processed.obj,0.3360458565476224,0.6011076191628931,0.5629440159924696,False
Tetramorium_nipponense_OKENT0105247_processed.obj,0.3371280425577294,0.6362521252804092,0.2172669493615145,False
Pristomyrmex_brevispinosus_OKENT0105260_processed.obj,0.3378316757489762,0.6167342895694509,1.2765546176869835,False
Polyrhachis_dives_CASENT0878093_processed.obj,0.33881095378543946,0.6454562374602771,1.3035255281004217,True
Mycocepurus_smithii_CASENT0744315_processed.obj,0.3395280645468507,0.7000300432854337,13.371606265813458,False
Cyphomyrmex_major_CASENT0745147_processed.obj,0.3402866780690459,0.5851739115960743,29.691694548753865,False
Stigmatomma_sp._CASENT0741388_processed.obj,0.34059036810182536,0.5733068815674749,0.6855700927462052,False
Atta_sp._CASENT0744324_processed.obj,0.34189544822508483,0.6191358958260029,1.9939893973790435,False
Anochetus_risii_CASENT0877609_processed.obj,0.34276708028452696,0.6803570180944347,2.09284332698307,True
Fulakora_armigera_CASENT0744228_processed.obj,0.34321617321309505,0.571241700563179,3.142651938363232,False
Tatuidris_tatusia_CASENT0745545_processed.obj,0.34382121681141725,0.5897174351013726,0.2873670419728468,False
Mycocepurus_goeldii_CASENT0744369_processed.obj,0.3439073859199621,0.59955561526972,3.016606628563794,False
Myrmica_rubra_CASENT0745021_processed.obj,0.3452882730833414,0.628539809744453,2.9533008285317583,False
Pheidole_dyctiota_CASENT0744160_processed.obj,0.3454912032194686,0.5600513400409419,8.574918359110224,False
Meranoplus_magrettii_CASENT0744818_processed.obj,0.3460663170838736,0.6020642960996949,1.9442766502081856,False
Blepharidatta_conops_CASENT0744070_processed.obj,0.34695238711022147,0.6417570566608709,2.604343644839702,False
Sericomyrmex_cf.mayri_CASENT0744449_processed.obj,0.34876257071474515,0.5678134248032292,42.63765012582185,False
Acanthomyrmex_cf.ferox_CASENT0878067_processed.obj,0.3490337466740502,0.5653692320745847,3.3811375713644685,False
Dacetinops_sp._CASENT0745606_processed.obj,0.3500951363684458,0.6170954141231964,7.645195429959318,False
Pachycondyla_harpax_CASENT0744148_processed.obj,0.35021715648386975,0.5303099312423495,4.79441222576579,False
Mycetophylax_olitor_CASENT0744643_processed.obj,0.351259506787056,0.6636212020174223,0.42297345198561515,False
Tetramorium_nipponense_OKENT0105246_processed.obj,0.3514065808590931,0.5894081903620706,2.692601491782273,False
Cyphomyrmex_salvini_CASENT0744339_processed.obj,0.35191034373301,0.6802623152939942,3.1636172355496956,False
Cephalotes_minutus_CASENT0745141_processed.obj,0.35209692128104864,0.5535297307777405,4.9638531726382285,False
Neivamyrmex_pilosus_CASENT0878110_processed.obj,0.3521391870579532,0.7539410282126,4.909804813022101,False
Cephalotes_minutus_CASENT0744310_processed.obj,0.35250946637532926,0.5179304156308753,0.2372774556884435,False
Pheidole_capellinii_CASENT0877638_processed.obj,0.352584190023382,0.5748609760255847,0.03345353046557915,False
Adelomyrmex_samoanus_CASENT0745601_processed.obj,0.352929526827057,0.532908406041482,0.08786161272485687,False
Holcoponera_striatula_CASENT0744358_processed.obj,0.35479846052416386,0.6270552031947092,1.6120898618594524,False
Hypoponera_opacior_CASENT0878068_processed.obj,0.3550746257591737,0.6177420683329257,6.2426061771428625,False
Pheidole_biconstricta_CASENT0744362_processed.obj,0.3558453322786142,0.6455246290280097,2.8224606769795773,False
Eurhopalothrix_sp._CASENT0745608_processed.obj,0.356455654052044,0.5724297442460922,1.1214257155749854,False
Hypoponera_foreli_CASENT0744356_processed.obj,0.3577738848243157,0.5951634637851211,19.57263908522813,False
Mycetosoritis_hartmanni_CASENT0745093_processed.obj,0.3584223214004874,0.6386928064185449,0.9229051379414972,False
Sericomyrmex_cf.parvulus_CASENT0744360_processed.obj,0.35899408824733225,0.6230996470016852,34.25711013058955,False
Pseudomyrmex_ferrugineus_CASENT0741429_processed.obj,0.3597293850947186,0.6242510046990009,0.7658669827319462,False
Acromyrmex_echinatior_CASENT0745011_processed.obj,0.359940866535864,0.5465390311277759,56.463984435645266,False
Meranoplus_cf.bicolor_CASENT0877605_processed.obj,0.36204748755670557,0.6182256933674879,2.1460354010739042,False
Atopomyrmex_mocquerysi_CASENT0744786_processed.obj,0.3631263736637961,0.6715356031095708,5.719954596550355,False
Acropyga_goeldii_CASENT0744199_processed.obj,0.36343929883614634,0.6062599824496162,1.1644182009613129,False
Carebara_oni_OKENT0105038_processed.obj,0.36351863627174497,0.5874345554906235,4.968184801573288,False
Strongylognathus_destefanii_CASENT0745219_processed.obj,0.3635449283050479,0.5706003891993708,2.4974575015728533,False
Sericomyrmex_bondari_CASENT0744099_processed.obj,0.366279010782495,0.6097171612570739,25.351517246062333,False
Meranoplus_inermis_CASENT0745544_processed.obj,0.3678009795575081,0.5873199860119555,14.834226819464172,False
Atta_sp._CASENT0744323_processed.obj,0.3687679850522677,0.6312918129194677,54.871047588971614,False
Temnothorax_nylanderi_CASENT0878032_processed.obj,0.37062806676150606,0.5702510875634047,10.541271101963687,False
Megaponera_analis_CASENT0745583_processed.obj,0.3723346215080436,0.5656019303766141,13.568058001511522,False
Ectomomyrmex_insulanus_CASENT0745604_processed.obj,0.37310469987137534,0.6423827621196017,0.07934730929567708,False
Tetramorium_peringueyi_CASENT0744909_processed.obj,0.37448113910238817,0.5974781474481893,4.480895970269992,False
Tetramorium_bicarinatum_OKENT0105234_processed.obj,0.3756958084360331,0.6457999353926727,0.3138356835117401,False
Pogonomyrmex_naegelii_CASENT0744359_processed.obj,0.37603508569925304,0.6252748026046568,1.6099846667258209,False
Myrmecia_croslandi_CASENT0745598_processed.obj,0.37661365028744753,0.5947156593344236,26.86231049975213,False
Meranoplus_inermis_CASENT0744999_processed.obj,0.37711461572198596,0.603426673494924,7.762824031667622,False
Lioponera_MG04_CASENT0840850-D4_processed.obj,0.37734511175527685,0.6584255097684903,11.604446267137808,False
Pachycondyla_harpax_CASENT0744553_processed.obj,0.377604435189681,0.6375902465626898,2.667905741409189,False
Ectomomyrmex_insulanus_CASENT0745603_processed.obj,0.3804415139003636,0.6375037325691942,7.204330098502157,False
Gnamptogenys_sp._CASENT0744342_processed.obj,0.38062273961980203,0.707370120426365,6.750841343509112,False
Tetramorium_polymorphum_CASENT0877581_processed.obj,0.3821359055003017,0.5636648243647905,1.5813655320288889,False
Apterostigma_sp._CASENT0744290_processed.obj,0.3865699965461863,0.6174619543688287,38.00115320472024,False
Phrynoponera_transversa_CASENT0744980_processed.obj,0.38913732831369974,0.6152323824527361,9.999486990204325,False
Calyptomyrmex_brunneus_CASENT0745549_processed.obj,0.38917847228077546,0.5971496541853062,3.420530292338911,False
Cephalotes_atratus_CASENT0744036_processed.obj,0.3953546184661624,0.6861908001452164,15.5834622600469,False
Eburopone_afrc-gh01_CASENT0744704_processed.obj,0.3957134649513643,0.6373679603104939,5.557782922285281,False
Tetramorium_amentete_CASENT0744908_processed.obj,0.3957948234961921,0.6430288438923762,8.470691946496023,False
Cyphomyrmex_cf.minutus_CASENT0744280_processed.obj,0.3971196226153234,0.7382347926359321,10.233212019028134,True
Rasopone_ferruginea_CASENT0744069_processed.obj,0.39811707220373993,0.6359209275962605,9.464963796816141,False
Cyphoidris_afrc-tz01_CASENT0744810_processed.obj,0.39837613915110204,0.6795294849927399,1.8738785034625198,True
Acanthostichus_aff.brevicornis_CASENT0744325_processed.obj,0.40698246259475934,0.7102521950710198,1.5262410142900982,False
Lioponera_daikoku_OKENT0105067_processed.obj,0.40823561783730633,0.6382305803165054,0.35215339234892623,True
Allomerus_octoarticulatus_CASENT0744406_processed.obj,0.4140477494103839,0.6585814809805516,0.860894069126555,False
Megaponera_analis_CASENT0745580_processed.obj,0.41428306560407524,0.6191572357474245,10.036075763909073,False
Myrmecia_croslandi_CASENT0745597_processed.obj,0.41493733917642817,0.6963201330644715,3.884100632028568,False
Cyphomyrmex_laevigatus_CASENT0744291_processed.obj,0.4191684669580552,0.6135579090111483,68.4690817364309,False
Mycetophylax_faunulus_CASENT0744023_processed.obj,0.41988068287558244,0.6945253285642113,33.939761668574306,False
Cephalotes_atratus_CASENT0744612_processed.obj,0.4209992038662458,0.6395226982573393,16.031057056566922,False
Heteroponera_panamensis_CASENT0744055_processed.obj,0.42146377973333937,0.6591443745238481,0.8655415010304931,True
Meranoplus_magrettii_CASENT0744819_processed.obj,0.42421882115207155,0.6642056659804442,4.405026828251674,False
Tetramorium_polymorphum_CASENT0877579_processed.obj,0.4305074175858587,0.6406710180735631,11.818594112480378,False
Cataulacus_sp._CASENT0745594_processed.obj,0.44069243753259185,0.6576123162375692,3.540720820323091,False
Tetramorium_polymorphum_CASENT0877580_processed.obj,0.4478898715681541,0.6203599303904344,19.34367376411636,False
Mycetophylax_strigatus_CASENT0744168_processed.obj,0.45397176119998517,0.7119624543337163,44.401125887663,False
Cataulacus_sp._CASENT0745593_processed.obj,0.456912579574981,0.6564989350351098,16.121093884646818,False
Polyrhachis_militaris_CASENT0744776_processed.obj,0.46312931636438937,0.7146764184612345,19.589279594414513,False
Typhlomyrmex_reichenspergeri_CASENT0744414_processed.obj,0.46560115191978124,0.7671764850654547,1.927805824131921,False
