aw_faces,aw_n_components,aw_surface_area,aw_thickness_p1,aw_thickness_p5,aw_vertices,aw_volume,aw_watertight,aw_winding_consistent,chamfer_mean,f_score,f_score_threshold,hausdorff_max,hausdorff_p99_9,normal_consistency,orig_faces,orig_median_edge_length,orig_n_components,orig_surface_area,orig_thickness_p1,orig_thickness_p5,orig_vertices,orig_volume,orig_watertight,orig_winding_consistent,recon_approach,recon_fidelity_gate_passed,recon_worst_fidelity_deviation,specimen,thickness_p1_ratio_aw_over_orig,thickness_p5_ratio_aw_over_orig,volume_ratio_aw_over_orig
47946,1,652129.1635300899,2.0371433304817224,3.412372582986389,23863,1729038.3178062038,True,True,40.61130919835148,0.13351406003159558,7.6077403631893015,140.1693084912593,132.9413495499302,0.49457520150998796,29444,3.8038701815946507,37,228481.92676317878,0.04996258079272038,0.2890132979577963,15904,nan,False,False,alpha_wrap,True,6.615,13_Crematogaster_nawai_OKENT0105046_processed,40.773380761358446,11.806974305676022,nan
61686,1,3244809.810959566,4.021394897379307,4.175184661451086,30773,9174367.806809386,True,True,60.40688006943658,0.10552015295576683,13.673517017423585,287.7935190055966,269.9890056063572,0.5276400204482721,21915,6.836758508711792,43,893660.8877271486,0.06732666887019445,0.695094073722401,11886,nan,False,False,alpha_wrap,True,8.708,12_Cephalotes_spinosus_CASENT0744158_processed,59.72959846168151,6.0066468975802625,nan
141812,5,4818790.170607118,1.389921399322145,1.6640849178183548,70056,4435675.721711258,True,True,110.5323627636781,0.08299055483870968,17.922898655544117,750.0108979053019,708.2571265500652,0.498269131804282,15257,8.961449327772058,17,774298.735426207,3.06979299182558,17.972200963671515,8814,nan,False,False,alpha_wrap,True,2.019,18_Dorylus_fulvus_CASENT0745678_processed,0.4527736570587356,0.09259216059191012,nan
54606,4,280858.74397470115,1.90742834049694,2.1147137323628438,27285,894718.0659885491,True,True,22.861106156194367,0.1798728380656035,7.057313367047063,104.0740722474908,89.71900557930975,0.5526890371234763,17337,3.5286566835235313,11,104548.16018470167,0.08985196092958511,0.6214598130760407,9257,nan,False,False,alpha_wrap,True,6.644,43_Strumigenys_canina_OKENT0105288_processed,21.228566641876043,3.402816542385326,nan
263596,1,493505.75209232426,1.0698485864689193,1.1389279564828523,131590,402552.5480435709,True,True,31.38565689566406,0.11716074182121275,7.840115330475315,118.17899224387618,113.53617112265341,0.5192930603977755,23970,3.9200576652376573,9,172715.92022426563,0.051839049274160796,0.5518094270875755,12672,nan,False,False,alpha_wrap,True,2.814,26_Lioponera_daikoku_OKENT0105067_processed,20.637889804089944,2.063987856267808,nan
185262,1,81420752.56207454,9.99999999215294e-05,9.999999999915007e-05,92503,816438981.5445099,True,True,323.5239570818286,0.09288955067920585,71.26124484950091,1293.0948814914814,1258.4924912527956,0.5334657498785095,31714,35.630622424750456,35,25401501.367057875,9.999999993044136e-05,9.999999999812748e-05,17274,nan,False,False,alpha_wrap,True,26.84,35_Polyrhachis_dives_CASENT0878093_processed,0.9999999999108803,1.0000000000102258,nan
231668,3,781063.2110216891,0.7653200561143931,1.2096564784739494,115146,717961.8101022751,True,True,7.284222146460618,0.750055497314016,8.67673916891999,53.40977217129284,49.582614788164825,0.790391422854678,26245,4.338369584459995,18,265172.6117288615,0.019947856886840868,0.15349207377005472,13749,nan,False,False,alpha_wrap,True,2.581,40_Solenopsis_invicta_CASENT0744384_processed,38.36602901534033,7.880905174856953,nan
73604,1,2952612.6027719327,2.6415252208186106,2.838407586242544,36542,5367136.317403506,True,True,66.28201805721714,0.10120905286343612,13.298970678298776,211.19722497871277,204.7392247960794,0.5375393326119462,28113,6.649485339149388,16,613105.8121236901,0.3127091631903702,4.97354867317997,15593,nan,False,False,alpha_wrap,True,4.544,44_Strumigenys_crassicornis_CASENT0744273_processed,8.447226790122906,0.5707006752640732,nan
97928,3,189005.84971698612,0.6680916053023418,0.7172484291233955,48658,106385.0029177149,True,True,8.77520465996636,0.496046511627907,6.998978433778729,55.19844854677115,44.83932093258056,0.6550276770812009,9221,3.4994892168893643,7,53477.344649359264,0.027370276301203304,0.16610272924822533,4867,nan,False,False,alpha_wrap,True,2.085,45_Strumigenys_sp._appretiata_group_CASENT0744156_processed,24.4093847628776,4.318101408505656,nan
17500,2,390195.9167377676,0.810111690138544,1.334809343922653,8582,587043.5154105008,True,True,21.19354518605578,0.2316019055910234,7.215765809263284,111.73539467902481,105.78253985815186,0.5442303739175325,18069,3.607882904631642,14,109359.04962527764,0.10363562490775165,0.6516852549559702,9683,nan,False,False,alpha_wrap,True,5.27,50_Tetramorium_kraepelini_CASENT0744084_processed,7.816922905223395,2.0482423589787015,nan
47410,1,9918975.857306398,6.207778378156553,7.282991817604926,23595,57178455.63117415,True,True,69.55031338335611,0.20785524482904183,22.935057765774456,291.64273741305306,274.1174376600014,0.7014853618097898,29901,11.467528882887228,62,2305046.876069243,5.511927060033462,22.728798860781122,16388,nan,False,False,alpha_wrap,True,10.01,8_Carebara_trechideros_CASENT0877591_processed,1.1262446528308863,0.3204301231321043,nan
115676,1,5139191.281385285,3.0403901740809496,4.366995561879492,57656,13749227.494476026,True,True,108.30272569806174,0.049923024523160754,17.09771384798061,711.137261933587,675.4522470507582,0.5627235250218521,22137,8.548856923990305,52,1015807.2410897979,3.9069759996775377,22.86752652997487,12759,nan,False,False,alpha_wrap,True,5.689,47_Syllophopsis_sechellensis_OKENT0105212_processed,0.7781952523721385,0.19096930121214514,nan
179040,5,475721.2362850423,0.7898722712544889,1.2035085153057994,89080,478699.0887749809,True,True,37.65584064748488,0.13364334365325078,7.450750753700537,120.43704742049825,118.22018247127606,0.5284813937378315,18194,3.7253753768502684,13,115935.0428228759,0.09263600358738759,0.679919504623682,9814,nan,False,False,alpha_wrap,True,3.05,49_Temnothorax_sp._OKENT0105336_processed,8.526622918370695,1.7700749972923786,nan
