1_Acanthostichus_aff.brevicornis_CASENT0744328_processed	/rwthfs/rz/cluster/home/nao48500/SMILify/diagnostics/moonshot/bench50_clean/Acanthostichus_aff.brevicornis_CASENT0744328_processed.obj
2_Acromyrmex_coronatus_CASENT0744365_processed	/rwthfs/rz/cluster/home/nao48500/SMILify/diagnostics/moonshot/bench50_clean/Acromyrmex_coronatus_CASENT0744365_processed.obj
3_Acromyrmex_lobicornis_CASENT0878007_processed	/rwthfs/rz/cluster/home/nao48500/SMILify/diagnostics/moonshot/bench50_clean/Acromyrmex_lobicornis_CASENT0878007_processed.obj
4_Anochetus_risii_CASENT0877608_processed	/rwthfs/rz/cluster/home/nao48500/SMILify/diagnostics/moonshot/bench50_clean/Anochetus_risii_CASENT0877608_processed.obj
5_Anochetus_risii_CASENT0877609_processed	/rwthfs/rz/cluster/home/nao48500/SMILify/diagnostics/moonshot/bench50_clean/Anochetus_risii_CASENT0877609_processed.obj
6_Aphaenogaster_pallida_CASENT0745235_processed	/rwthfs/rz/cluster/home/nao48500/SMILify/diagnostics/moonshot/bench50_clean/Aphaenogaster_pallida_CASENT0745235_processed.obj
7_Atopomyrmex_mocquerysi_CASENT0744784_processed	/rwthfs/rz/cluster/home/nao48500/SMILify/diagnostics/moonshot/bench50_clean/Atopomyrmex_mocquerysi_CASENT0744784_processed.obj
10_Cephalotes_minutus_CASENT0709253_processed	/rwthfs/rz/cluster/home/nao48500/SMILify/diagnostics/moonshot/bench50_clean/Cephalotes_minutus_CASENT0709253_processed.obj
11_Cephalotes_simillimus_CASENT0744408_processed	/rwthfs/rz/cluster/home/nao48500/SMILify/diagnostics/moonshot/bench50_clean/Cephalotes_simillimus_CASENT0744408_processed.obj
14_Cryptopone_sauteri_CASENT0743771_processed	/rwthfs/rz/cluster/home/nao48500/SMILify/diagnostics/moonshot/bench50_clean/Cryptopone_sauteri_CASENT0743771_processed.obj
16_Cyphomyrmex_cf.minutus_CASENT0744280_processed	/rwthfs/rz/cluster/home/nao48500/SMILify/diagnostics/moonshot/bench50_clean/Cyphomyrmex_cf.minutus_CASENT0744280_processed.obj
17_Dilobocondyla_fouqueti_CASENT0745576_processed	/rwthfs/rz/cluster/home/nao48500/SMILify/diagnostics/moonshot/bench50_clean/Dilobocondyla_fouqueti_CASENT0745576_processed.obj
19_Eciton_hamatum_CASENT0744580_processed	/rwthfs/rz/cluster/home/nao48500/SMILify/diagnostics/moonshot/bench50_clean/Eciton_hamatum_CASENT0744580_processed.obj
21_Eurhopalothrix_procera_CASENT0745605_processed	/rwthfs/rz/cluster/home/nao48500/SMILify/diagnostics/moonshot/bench50_clean/Eurhopalothrix_procera_CASENT0745605_processed.obj
22_Heteroponera_panamensis_CASENT0744055_processed	/rwthfs/rz/cluster/home/nao48500/SMILify/diagnostics/moonshot/bench50_clean/Heteroponera_panamensis_CASENT0744055_processed.obj
27_Mayriella_sp._CASENT0745610_processed	/rwthfs/rz/cluster/home/nao48500/SMILify/diagnostics/moonshot/bench50_clean/Mayriella_sp._CASENT0745610_processed.obj
28_Mesoponera_ambigua_CASENT0745584_processed	/rwthfs/rz/cluster/home/nao48500/SMILify/diagnostics/moonshot/bench50_clean/Mesoponera_ambigua_CASENT0745584_processed.obj
29_Myrmecina_ryukyuensis_OKENT0105085_processed	/rwthfs/rz/cluster/home/nao48500/SMILify/diagnostics/moonshot/bench50_clean/Myrmecina_ryukyuensis_OKENT0105085_processed.obj
30_Myrmecina_sp._CASENT0745613_processed	/rwthfs/rz/cluster/home/nao48500/SMILify/diagnostics/moonshot/bench50_clean/Myrmecina_sp._CASENT0745613_processed.obj
32_Odontomachus_troglodytes_CASENT0744970_processed	/rwthfs/rz/cluster/home/nao48500/SMILify/diagnostics/moonshot/bench50_clean/Odontomachus_troglodytes_CASENT0744970_processed.obj
33_Oxyopomyrmex_saulcyi_CASENT0745218_processed	/rwthfs/rz/cluster/home/nao48500/SMILify/diagnostics/moonshot/bench50_clean/Oxyopomyrmex_saulcyi_CASENT0745218_processed.obj
34_Polyrhachis_decemdentata_CASENT0744779_processed	/rwthfs/rz/cluster/home/nao48500/SMILify/diagnostics/moonshot/bench50_clean/Polyrhachis_decemdentata_CASENT0744779_processed.obj
36_Ponera_kohmoku_OKENT0105440_processed	/rwthfs/rz/cluster/home/nao48500/SMILify/diagnostics/moonshot/bench50_clean/Ponera_kohmoku_OKENT0105440_processed.obj
37_Ponera_tamon_OKENT0105154_processed	/rwthfs/rz/cluster/home/nao48500/SMILify/diagnostics/moonshot/bench50_clean/Ponera_tamon_OKENT0105154_processed.obj
38_Pseudolasius_sp._CASENT0878065_processed	/rwthfs/rz/cluster/home/nao48500/SMILify/diagnostics/moonshot/bench50_clean/Pseudolasius_sp._CASENT0878065_processed.obj
39_Pseudomyrmex_cf.solis_CASENT0744065_processed	/rwthfs/rz/cluster/home/nao48500/SMILify/diagnostics/moonshot/bench50_clean/Pseudomyrmex_cf.solis_CASENT0744065_processed.obj
42_Strumigenys_alberti_CASENT0878103_processed	/rwthfs/rz/cluster/home/nao48500/SMILify/diagnostics/moonshot/bench50_clean/Strumigenys_alberti_CASENT0878103_processed.obj
48_Temnothorax_congruus_OKENT0105443_processed	/rwthfs/rz/cluster/home/nao48500/SMILify/diagnostics/moonshot/bench50_clean/Temnothorax_congruus_OKENT0105443_processed.obj
