8_Carebara_trechideros_CASENT0877591_processed	/rwthfs/rz/cluster/home/nao48500/SMILify/diagnostics/moonshot/bench50_clean/Carebara_trechideros_CASENT0877591_processed.obj
9_Centromyrmex_brachycola_CASENT0744052_processed	/rwthfs/rz/cluster/home/nao48500/SMILify/diagnostics/moonshot/bench50_clean/Centromyrmex_brachycola_CASENT0744052_processed.obj
12_Cephalotes_spinosus_CASENT0744158_processed	/rwthfs/rz/cluster/home/nao48500/SMILify/diagnostics/moonshot/bench50_clean/Cephalotes_spinosus_CASENT0744158_processed.obj
13_Crematogaster_nawai_OKENT0105046_processed	/rwthfs/rz/cluster/home/nao48500/SMILify/diagnostics/moonshot/bench50_clean/Crematogaster_nawai_OKENT0105046_processed.obj
15_Cyphoidris_afrc-tz01_CASENT0744810_processed	/rwthfs/rz/cluster/home/nao48500/SMILify/diagnostics/moonshot/bench50_clean/Cyphoidris_afrc-tz01_CASENT0744810_processed.obj
18_Dorylus_fulvus_CASENT0745678_processed	/rwthfs/rz/cluster/home/nao48500/SMILify/diagnostics/moonshot/bench50_clean/Dorylus_fulvus_CASENT0745678_processed.obj
20_Ectatomma_brunneum_CASENT0744575_processed	/rwthfs/rz/cluster/home/nao48500/SMILify/diagnostics/moonshot/bench50_clean/Ectatomma_brunneum_CASENT0744575_processed.obj
23_Labidus_praedator_CASENT0744236_processed	/rwthfs/rz/cluster/home/nao48500/SMILify/diagnostics/moonshot/bench50_clean/Labidus_praedator_CASENT0744236_processed.obj
24_Labidus_praedator_CASENT0744237_processed	/rwthfs/rz/cluster/home/nao48500/SMILify/diagnostics/moonshot/bench50_clean/Labidus_praedator_CASENT0744237_processed.obj
25_Lasius_nr._fuliginosus_CASENT0878037_processed	/rwthfs/rz/cluster/home/nao48500/SMILify/diagnostics/moonshot/bench50_clean/Lasius_nr._fuliginosus_CASENT0878037_processed.obj
26_Lioponera_daikoku_OKENT0105067_processed	/rwthfs/rz/cluster/home/nao48500/SMILify/diagnostics/moonshot/bench50_clean/Lioponera_daikoku_OKENT0105067_processed.obj
31_Nesomyrmex_angulatus_CASENT0744820_processed	/rwthfs/rz/cluster/home/nao48500/SMILify/diagnostics/moonshot/bench50_clean/Nesomyrmex_angulatus_CASENT0744820_processed.obj
35_Polyrhachis_dives_CASENT0878093_processed	/rwthfs/rz/cluster/home/nao48500/SMILify/diagnostics/moonshot/bench50_clean/Polyrhachis_dives_CASENT0878093_processed.obj
40_Solenopsis_invicta_CASENT0744384_processed	/rwthfs/rz/cluster/home/nao48500/SMILify/diagnostics/moonshot/bench50_clean/Solenopsis_invicta_CASENT0744384_processed.obj
41_Stigmatomma_FHG02_CASENT0745561_processed	/rwthfs/rz/cluster/home/nao48500/SMILify/diagnostics/moonshot/bench50_clean/Stigmatomma_FHG02_CASENT0745561_processed.obj
43_Strumigenys_canina_OKENT0105288_processed	/rwthfs/rz/cluster/home/nao48500/SMILify/diagnostics/moonshot/bench50_clean/Strumigenys_canina_OKENT0105288_processed.obj
44_Strumigenys_crassicornis_CASENT0744273_processed	/rwthfs/rz/cluster/home/nao48500/SMILify/diagnostics/moonshot/bench50_clean/Strumigenys_crassicornis_CASENT0744273_processed.obj
45_Strumigenys_sp._appretiata_group_CASENT0744156_processed	/rwthfs/rz/cluster/home/nao48500/SMILify/diagnostics/moonshot/bench50_clean/Strumigenys_sp._appretiata_group_CASENT0744156_processed.obj
46_Strumigenys_stenorhina_OKENT0105268_processed	/rwthfs/rz/cluster/home/nao48500/SMILify/diagnostics/moonshot/bench50_clean/Strumigenys_stenorhina_OKENT0105268_processed.obj
47_Syllophopsis_sechellensis_OKENT0105212_processed	/rwthfs/rz/cluster/home/nao48500/SMILify/diagnostics/moonshot/bench50_clean/Syllophopsis_sechellensis_OKENT0105212_processed.obj
49_Temnothorax_sp._OKENT0105336_processed	/rwthfs/rz/cluster/home/nao48500/SMILify/diagnostics/moonshot/bench50_clean/Temnothorax_sp._OKENT0105336_processed.obj
50_Tetramorium_kraepelini_CASENT0744084_processed	/rwthfs/rz/cluster/home/nao48500/SMILify/diagnostics/moonshot/bench50_clean/Tetramorium_kraepelini_CASENT0744084_processed.obj
