mesh,stage,chamfer_l2,chamfer_l1,acc_mean,comp_mean,hausdorff_95,hausdorff_max,fscore@0.005,precision@0.005,recall@0.005,fscore@0.01,precision@0.01,recall@0.01,fscore@0.02,precision@0.02,recall@0.02,fscore@0.05,precision@0.05,recall@0.05,normal_consistency,normal_flip_frac,edge_ratio_mean,edge_ratio_std,edge_stretch_p95,edge_compress_p05,edge_logratio_absmean,area_ratio_mean,area_logratio_absmean,degenerate_tri_frac,tri_quality_mean,tri_quality_p05,deform_mag_mean,deform_mag_p95,deform_mag_max,dihedral_mean,dihedral_p99,folded_face_frac,midline_dev_mean,midline_dev_p95,midline_dev_mean_norm,midline_dev_excess,part_body_dist_mean,part_body_dist_p95,part_body_within_tau,part_head_dist_mean,part_head_dist_p95,part_head_within_tau,part_antenna_dist_mean,part_antenna_dist_p95,part_antenna_within_tau,part_mandible_dist_mean,part_mandible_dist_p95,part_mandible_within_tau,part_leg_dist_mean,part_leg_dist_p95,part_leg_within_tau,part_leg_distal_dist_mean,part_leg_distal_dist_p95,part_leg_distal_within_tau
Acanthostichus_aff.brevicornis_CASENT0744328_processed.obj,Stage_3_deform_fine,0.0006150314584374428,0.026143476366996765,0.01443951204419136,0.01170396339148283,0.0456242673099041,0.11122425645589828,0.16026632487773895,0.16003333032131195,0.16050000488758087,0.5134616494178772,0.5118666887283325,0.5150666832923889,0.8445326089859009,0.8228999972343445,0.8673333525657654,0.9779846668243408,0.9590333700180054,0.997700035572052,0.7444171905517578,0.2120666652917862,1.1487981081008911,2.1404130458831787,1.7468806505203247,0.6393046975135803,0.20849967002868652,5.5181498527526855,0.3925706744194031,0.0,0.7083031535148621,0.21649408340454102,0.0047888257540762424,0.014584069140255451,0.21394218504428864,13.34764289855957,71.37383270263672,0.005377921275794506,0.03548945486545563,0.08221234381198883,0.03565828874707222,-0.00023745745420455933,0.010583502240478992,0.022596806287765503,0.9283525347709656,0.00698942830786109,0.013810367323458195,0.9852738380432129,0.009662842378020287,0.016723310574889183,0.9834254384040833,0.0076302215456962585,0.014985794201493263,0.9947230219841003,0.009466473944485188,0.021480048075318336,0.9348441958427429,0.007427046075463295,0.013760068453848362,0.9951338171958923
Acromyrmex_coronatus_CASENT0744365_processed.obj,Stage_3_deform_fine,0.004537724424153566,0.05684144049882889,0.040863364934921265,0.015978077426552773,0.15690138936042786,0.28305935859680176,0.06694740056991577,0.0646333321928978,0.06943333148956299,0.286792129278183,0.2619999945163727,0.3167666792869568,0.6090573072433472,0.5159666538238525,0.7431333661079407,0.8457409143447876,0.7405666708946228,0.9857333302497864,0.5819171071052551,0.37496668100357056,1.2490683794021606,2.6587445735931396,2.0221633911132812,0.5887883901596069,0.244830921292305,5.183566093444824,0.5301769375801086,0.0,0.66700679063797,0.1663954108953476,0.006731878034770489,0.017234129831194878,0.21311870217323303,14.895625114440918,79.0863265991211,0.00664906669408083,0.08456817269325256,0.17661359906196594,0.08935565501451492,0.0017979517579078674,0.014517785049974918,0.039377544075250626,0.8065134286880493,0.013507857918739319,0.03348034992814064,0.8186838626861572,0.017479203641414642,0.07296764105558395,0.8066298365592957,0.006667453795671463,0.0118383364751935,1.0,0.013844383880496025,0.03642525523900986,0.851918637752533,0.00949386041611433,0.017374074086546898,0.9805352687835693
Acromyrmex_lobicornis_CASENT0878007_processed.obj,Stage_3_deform_fine,0.001105251256376505,0.0382361114025116,0.01885882392525673,0.019377287477254868,0.049836255609989166,0.11455539613962173,0.05877581983804703,0.0603666678071022,0.05726666748523712,0.2680109739303589,0.28636667132377625,0.2518666684627533,0.6435194611549377,0.6773999929428101,0.6128666996955872,0.9597457647323608,0.9506666660308838,0.968999981880188,0.6986913084983826,0.21043333411216736,1.298360824584961,2.4262120723724365,2.4131429195404053,0.5636639595031738,0.28601813316345215,4.129124164581299,0.5789132118225098,0.0,0.6529166102409363,0.15988808870315552,0.007305762264877558,0.019489265978336334,0.18994349241256714,16.78314971923828,92.17234802246094,0.010429908521473408,0.04290752485394478,0.11872006952762604,0.04531565681099892,-0.00026729702949523926,0.014747491106390953,0.03310364857316017,0.7961686253547668,0.017318518832325935,0.040679480880498886,0.6889093518257141,0.008846810087561607,0.014230119995772839,0.9944751858711243,0.009925900027155876,0.01766505092382431,0.9788918495178223,0.011324328370392323,0.022662246599793434,0.9278908371925354,0.01156961265951395,0.023001929745078087,0.9075425863265991
Anochetus_risii_CASENT0877608_processed.obj,Stage_3_deform_fine,0.00048023834824562073,0.023720283061265945,0.012340287677943707,0.011379994451999664,0.03591049462556839,0.0982542484998703,0.16501720249652863,0.16983333230018616,0.16046667098999023,0.5627297163009644,0.5814999938011169,0.5451333522796631,0.8750330805778503,0.865766704082489,0.8845000267028809,0.9865428805351257,0.9763666987419128,0.9969333410263062,0.76282799243927,0.16120000183582306,1.1338938474655151,1.5826209783554077,1.62990140914917,0.6873342990875244,0.18305231630802155,2.3237011432647705,0.39942285418510437,0.0,0.6827406883239746,0.1746179759502411,0.00426096236333251,0.01084909401834011,0.20874938368797302,13.571381568908691,71.15874481201172,0.004823832772672176,0.020458700135350227,0.04109418764710426,0.020654432475566864,0.00013574771583080292,0.008978121913969517,0.020118532702326775,0.9486590027809143,0.008181474171578884,0.01579844020307064,0.9875748157501221,0.006954192649573088,0.01322638988494873,1.0,0.007839645259082317,0.014923440292477608,1.0,0.01070911344140768,0.028561098501086235,0.9085758328437805,0.006479125004261732,0.012383608147501945,0.989051103591919
Anochetus_risii_CASENT0877609_processed.obj,Stage_3_deform_fine,0.005276344250887632,0.05813642591238022,0.039364006370306015,0.018772419542074203,0.18363334238529205,0.3185669481754303,0.05248214304447174,0.05223333463072777,0.05273333564400673,0.265184611082077,0.2623000144958496,0.26813334226608276,0.6230902671813965,0.5942000150680542,0.6549333333969116,0.8774164915084839,0.8009666800498962,0.9700000286102295,0.628804087638855,0.25780001282691956,1.2285609245300293,2.5431859493255615,2.085200071334839,0.6461206078529358,0.21686086058616638,4.891252040863037,0.4349181354045868,0.0,0.6804038882255554,0.19308991730213165,0.006632734555751085,0.016820581629872322,0.257202684879303,15.054448127746582,86.0700454711914,0.008865421637892723,0.039714984595775604,0.07990328967571259,0.04083963483572006,0.00016583502292633057,0.013769449666142464,0.0299468282610178,0.8295019268989563,0.011807446368038654,0.023418443277478218,0.9033594131469727,0.009255165234208107,0.01489346008747816,0.972375750541687,0.013100146315991879,0.028640473261475563,0.8522427678108215,0.016607288271188736,0.0438765287399292,0.8210147023200989,0.013437366113066673,0.027393950149416924,0.8479318618774414
Aphaenogaster_pallida_CASENT0745235_processed.obj,Stage_3_deform_fine,0.0006083141779527068,0.025722946971654892,0.013818317092955112,0.011904628947377205,0.045528147369623184,0.1168251559138298,0.15461941063404083,0.15610000491142273,0.15316666662693024,0.5421185493469238,0.5543666481971741,0.5303999781608582,0.8506695032119751,0.8355000019073486,0.8664000034332275,0.9771042466163635,0.9582333564758301,0.9967333674430847,0.7889268398284912,0.12823332846164703,1.1406549215316772,1.8713593482971191,1.6002556085586548,0.7046819925308228,0.17451614141464233,2.3963942527770996,0.36720457673072815,0.0,0.7265796065330505,0.18886800110340118,0.0045371693558990955,0.012926352210342884,0.12717853486537933,13.109753608703613,68.37838745117188,0.0047586457803845406,0.01396680437028408,0.04738985374569893,0.014106388203799725,2.7826987206935883e-05,0.012459889985620975,0.03328512981534004,0.8643678426742554,0.006969450041651726,0.013858618214726448,0.9783709049224854,0.009864132851362228,0.015392354689538479,1.0,0.00877357367426157,0.018861202523112297,0.963060736656189,0.010135973803699017,0.022196723148226738,0.9353592991828918,0.008137191645801067,0.0146621223539114,0.9683698415756226
Atopomyrmex_mocquerysi_CASENT0744784_processed.obj,Stage_3_deform_fine,0.0005108002806082368,0.024519357830286026,0.013614170253276825,0.010905188508331776,0.04018624871969223,0.10135184973478317,0.1826046109199524,0.18113332986831665,0.18410000205039978,0.5419414639472961,0.5286666750907898,0.555899977684021,0.8508654832839966,0.8118667006492615,0.8938000202178955,0.9879025816917419,0.9766666889190674,0.9994000196456909,0.7242851853370667,0.2847999930381775,1.2392867803573608,2.66048002243042,2.206929922103882,0.5908366441726685,0.2593156397342682,5.36276388168335,0.5171114802360535,0.0,0.6557897329330444,0.1802852749824524,0.004845956340432167,0.013079768046736717,0.13348931074142456,14.911191940307617,80.85735321044922,0.007594277150928974,0.020398683845996857,0.04486452415585518,0.02089606784284115,0.00032268092036247253,0.009633161127567291,0.021718157455325127,0.9356322288513184,0.005937504582107067,0.01043782103806734,1.0,0.0060805510729551315,0.011705595999956131,1.0,0.006394029129296541,0.013030597940087318,0.9947230219841003,0.009277405217289925,0.025313718244433403,0.91707444190979,0.006657158490270376,0.010828462429344654,0.9939172863960266
Carebara_trechideros_CASENT0877591_processed.obj,Stage_3_deform_fine,0.0006270937155932188,0.027336634695529938,0.014838285744190216,0.012498348951339722,0.04356676712632179,0.09783118963241577,0.15826359391212463,0.15896667540073395,0.15756666660308838,0.4688556492328644,0.4742666780948639,0.4635666608810425,0.8144100308418274,0.7886000275611877,0.8419666886329651,0.9807018637657166,0.9643666744232178,0.9976000189781189,0.6917741894721985,0.3253999948501587,1.201945185661316,1.8433879613876343,1.9742447137832642,0.621578574180603,0.23786304891109467,3.026146650314331,0.5014275908470154,0.0,0.6267184019088745,0.15176546573638916,0.0051217591390013695,0.014403977431356907,0.22966957092285156,14.28697395324707,79.04855346679688,0.006975001189857721,0.024705592542886734,0.055946849286556244,0.025988852605223656,0.000498572364449501,0.012470058165490627,0.029851838946342468,0.8586207032203674,0.006817722227424383,0.013094078749418259,1.0,0.007026339415460825,0.016063552349805832,0.972375750541687,0.008026695810258389,0.01818973943591118,0.9683377742767334,0.009322560392320156,0.022835195064544678,0.9299510717391968,0.0077726165764033794,0.01613583229482174,0.9781022071838379
Centromyrmex_brachycola_CASENT0744052_processed.obj,Stage_3_deform_fine,0.0005604010075330734,0.026408378034830093,0.01274897065013647,0.013659407384693623,0.034007832407951355,0.11849425733089447,0.13035698235034943,0.13393333554267883,0.1269666701555252,0.48894715309143066,0.5177666544914246,0.4631666839122772,0.8285930752754211,0.8516333699226379,0.8067666888237,0.9870977401733398,0.9855999946594238,0.9886000156402588,0.7869572639465332,0.218299999833107,1.1383380889892578,1.3514961004257202,1.7481741905212402,0.6679473519325256,0.20211203396320343,2.1915478706359863,0.3913091719150543,0.0,0.7211372256278992,0.2154948115348816,0.004934513941407204,0.011883947998285294,0.22519586980342865,13.838501930236816,65.25870513916016,0.0034875005949288607,0.021474620327353477,0.08344229310750961,0.02179182507097721,0.00026060454547405243,0.011390515603125095,0.025798607617616653,0.8950191736221313,0.012956637889146805,0.030259886756539345,0.8219051957130432,0.00815319549292326,0.014881344512104988,0.9834254384040833,0.010939395055174828,0.02773032709956169,0.8680739402770996,0.009335133247077465,0.019713595509529114,0.9515838623046875,0.008332264609634876,0.016359589993953705,0.9841849207878113
Cephalotes_minutus_CASENT0709253_processed.obj,Stage_3_deform_fine,0.00043279369128867984,0.022053273394703865,0.011400134302675724,0.010653139092028141,0.028912518173456192,0.10478182882070541,0.16456185281276703,0.16976666450500488,0.15966667234897614,0.6124710440635681,0.6345999836921692,0.5918333530426025,0.9038851261138916,0.9002333283424377,0.9075666666030884,0.986890435218811,0.9765999913215637,0.9973999857902527,0.8051633834838867,0.1768999993801117,1.215720295906067,2.5893380641937256,2.0024194717407227,0.6372881531715393,0.21596235036849976,5.4177422523498535,0.4015897214412689,0.0,0.762222409248352,0.25004860758781433,0.004348864778876305,0.010751432739198208,0.1653408408164978,13.562454223632812,73.16495513916016,0.0058016362600028515,0.028701448813080788,0.07731034606695175,0.029048023745417595,-0.0006608385592699051,0.008585185743868351,0.01695089600980282,0.9662835597991943,0.008343732915818691,0.015399347059428692,0.9829728603363037,0.005597931332886219,0.010093276388943195,1.0,0.00835462473332882,0.017758801579475403,0.9815303683280945,0.00943801924586296,0.02103349193930626,0.943085253238678,0.007552620954811573,0.012661132961511612,0.9902676343917847
Cephalotes_simillimus_CASENT0744408_processed.obj,Stage_3_deform_fine,0.0007619098760187626,0.031119581311941147,0.014528509229421616,0.01659107208251953,0.042366914451122284,0.09659954160451889,0.09685155749320984,0.09906666725873947,0.0947333350777626,0.3969411551952362,0.4192333519458771,0.3769000172615051,0.756043016910553,0.798466682434082,0.7179000377655029,0.9798609614372253,0.9845666885375977,0.9751999974250793,0.7460704445838928,0.2856000065803528,1.1737931966781616,1.5235954523086548,1.8447957038879395,0.6547760963439941,0.21172523498535156,2.2338345050811768,0.402947336435318,0.0,0.7344129085540771,0.23413226008415222,0.005279799923300743,0.012690726667642593,0.12790709733963013,14.235937118530273,73.04056549072266,0.005443108268082142,0.03619508072733879,0.0737849771976471,0.03681283816695213,0.0001317933201789856,0.012234669178724289,0.026888446882367134,0.8624521493911743,0.013524474576115608,0.031025318428874016,0.8242061734199524,0.009623228572309017,0.01662137173116207,0.9889503121376038,0.010525224730372429,0.02531091310083866,0.9182058572769165,0.011199912056326866,0.024941908195614815,0.9114087224006653,0.008888055570423603,0.016003509983420372,0.9939172863960266
Cephalotes_spinosus_CASENT0744158_processed.obj,Stage_3_deform_fine,0.00043388199992477894,0.02366209402680397,0.010756268166005611,0.012905826792120934,0.032603513449430466,0.08784037083387375,0.1550319343805313,0.16196666657924652,0.14866666495800018,0.5408665537834167,0.5916666984558105,0.49810001254081726,0.8644402027130127,0.9029666781425476,0.8290666937828064,0.995087206363678,0.9986667037010193,0.9915333390235901,0.8123639225959778,0.17630000412464142,1.6126675605773926,3.5704610347747803,3.8257193565368652,0.6020368337631226,0.32178354263305664,8.223194122314453,0.6252371072769165,0.0,0.7206424474716187,0.1993061751127243,0.005513307638466358,0.014255646616220474,0.14409607648849487,14.676774024963379,90.64787292480469,0.010169160552322865,0.02330676093697548,0.04856722801923752,0.02343890070915222,-0.0002884902060031891,0.010282028466463089,0.02556755393743515,0.9118773937225342,0.010739526711404324,0.021272342652082443,0.9401748776435852,0.006505558732897043,0.011444512754678726,1.0,0.01073764730244875,0.02300245128571987,0.9076517820358276,0.00823705643415451,0.016653919592499733,0.9719289541244507,0.007532051298767328,0.0128514114767313,1.0
Crematogaster_nawai_OKENT0105046_processed.obj,Stage_3_deform_fine,0.0007907302351668477,0.02975945919752121,0.015617621131241322,0.014141838066279888,0.044732216745615005,0.13679839670658112,0.10291306674480438,0.10490000247955322,0.10100000351667404,0.43128979206085205,0.44690001010894775,0.4167333245277405,0.7991328835487366,0.7997666597366333,0.7985000014305115,0.9738965630531311,0.9574666619300842,0.9909000396728516,0.7289443016052246,0.34933334589004517,1.3068288564682007,4.416943550109863,1.9110636711120605,0.6894325613975525,0.2091437727212906,7.534421920776367,0.44366294145584106,0.0,0.71720290184021,0.1938522607088089,0.005179481580853462,0.01392911933362484,0.1960713118314743,14.071420669555664,73.91571807861328,0.005834229756146669,0.056354161351919174,0.15604983270168304,0.05710373818874359,0.0009732767939567566,0.01154573354870081,0.025565968826413155,0.8919540643692017,0.009182609617710114,0.017278391867876053,0.9696272611618042,0.00974871963262558,0.0177987702190876,0.972375750541687,0.013295289129018784,0.03358013927936554,0.8073878884315491,0.010527623817324638,0.02493995986878872,0.9124388694763184,0.008905559778213501,0.019524069502949715,0.9610705375671387
Cryptopone_sauteri_CASENT0743771_processed.obj,Stage_3_deform_fine,0.000701255863532424,0.028927499428391457,0.015395735390484333,0.013531764037907124,0.0475396066904068,0.10252044349908829,0.10490477830171585,0.1060333326458931,0.10379999876022339,0.4298439025878906,0.43613332509994507,0.42373332381248474,0.8133097290992737,0.8048333525657654,0.8219666481018066,0.9742898941040039,0.9550999999046326,0.9942666888237,0.7775261998176575,0.26436665654182434,1.191870927810669,2.331724166870117,1.8743613958358765,0.5924792885780334,0.23098768293857574,4.307494640350342,0.4544607102870941,0.0,0.7136852145195007,0.18301625549793243,0.005690531339496374,0.015004288405179977,0.20391087234020233,14.168779373168945,73.51487731933594,0.005671262741088867,0.026175346225500107,0.045471757650375366,0.026566119864583015,6.678327918052673e-05,0.012130960822105408,0.026400160044431686,0.8927203416824341,0.012231647036969662,0.03156386688351631,0.8702254891395569,0.008987348526716232,0.018621740862727165,0.9751381874084473,0.017378535121679306,0.05812663957476616,0.7493404150009155,0.00894180778414011,0.01823275350034237,0.9621427059173584,0.010267360135912895,0.02187599427998066,0.941605806350708
Cyphoidris_afrc-tz01_CASENT0744810_processed.obj,Stage_3_deform_fine,0.0023552877828478813,0.05506609380245209,0.02710375376045704,0.0279623381793499,0.07558106631040573,0.169256791472435,0.024332601577043533,0.02446666732430458,0.02419999986886978,0.13681580126285553,0.14463333785533905,0.1298000067472458,0.45396187901496887,0.5033000111579895,0.41343334317207336,0.8738471269607544,0.8754333257675171,0.8722666501998901,0.6915442943572998,0.25146666169166565,1.1894950866699219,2.510934591293335,1.8587474822998047,0.6579673290252686,0.21419697999954224,5.028393745422363,0.44861483573913574,0.0,0.6776992678642273,0.18130916357040405,0.008228865452110767,0.02646639011800289,0.2721104025840759,16.074665069580078,90.13318634033203,0.010038786567747593,0.03323967009782791,0.12354724109172821,0.03428683802485466,0.0010178834199905396,0.02167915180325508,0.05263594165444374,0.6034482717514038,0.023138195276260376,0.05668111890554428,0.5467096567153931,0.018075525760650635,0.03304170072078705,0.6574586033821106,0.011483222246170044,0.02032828889787197,0.9472295641899109,0.013500076718628407,0.026145154610276222,0.8511460423469543,0.016158152371644974,0.033360667526721954,0.7372262477874756
Cyphomyrmex_cf.minutus_CASENT0744280_processed.obj,Stage_3_deform_fine,0.0025505670346319675,0.05615708976984024,0.026912931352853775,0.029244156554341316,0.07457274943590164,0.21859243512153625,0.020032446831464767,0.0201666671782732,0.019899999722838402,0.12502989172935486,0.13333334028720856,0.1177000030875206,0.44947072863578796,0.5070000290870667,0.4036666750907898,0.8728153109550476,0.8927333354949951,0.853766679763794,0.6764487624168396,0.3146333396434784,1.1716241836547852,2.102935791015625,1.7178066968917847,0.749284029006958,0.17870786786079407,3.3041627407073975,0.43111103773117065,0.0,0.6797289252281189,0.16518256068229675,0.007455308455973864,0.020023662596940994,0.2559569478034973,15.97637939453125,88.72762298583984,0.00968025904148817,0.019747577607631683,0.038844190537929535,0.01964622549712658,0.001005483791232109,0.019479982554912567,0.04031366854906082,0.6490421891212463,0.0187526922672987,0.034858494997024536,0.5973308682441711,0.015448175370693207,0.0323791466653347,0.7651934027671814,0.016413837671279907,0.03264912962913513,0.7071240544319153,0.01702100783586502,0.035281017422676086,0.7429822683334351,0.01570688746869564,0.035409409552812576,0.7676398754119873
Dilobocondyla_fouqueti_CASENT0745576_processed.obj,Stage_3_deform_fine,0.0008924566209316254,0.03210844472050667,0.01688600331544876,0.015222442336380482,0.05355493351817131,0.13185378909111023,0.09634512662887573,0.09870000183582306,0.0940999984741211,0.39618343114852905,0.41333332657814026,0.38040000200271606,0.7568336725234985,0.7663333415985107,0.7475666999816895,0.9657254815101624,0.9430666565895081,0.9894999861717224,0.7133945226669312,0.25270000100135803,1.2842886447906494,2.1580159664154053,2.437258005142212,0.6301656365394592,0.26100242137908936,3.3748857975006104,0.5062924027442932,0.0,0.7170720100402832,0.20639480650424957,0.005835236981511116,0.01750132441520691,0.1984912008047104,14.715776443481445,86.07029724121094,0.008963202126324177,0.03395935520529747,0.1178380623459816,0.03364463895559311,-0.0004445873200893402,0.013193042017519474,0.03083803504705429,0.8452107310295105,0.009306692518293858,0.01786305010318756,0.967326283454895,0.007763844449073076,0.012528260238468647,1.0,0.008220811374485493,0.016382059082388878,0.9736148118972778,0.00998146552592516,0.024723971262574196,0.9268606901168823,0.011846940964460373,0.029148021712899208,0.9002432823181152
Dorylus_fulvus_CASENT0745678_processed.obj,Stage_3_deform_fine,0.0005513279465958476,0.025908026844263077,0.013552728109061718,0.012355299666523933,0.04176666587591171,0.08398503810167313,0.1517058163881302,0.15299999713897705,0.15043333172798157,0.5228978395462036,0.5309000015258789,0.5151333212852478,0.83153235912323,0.8241000175476074,0.8391000032424927,0.9842037558555603,0.9717000126838684,0.9970333576202393,0.7750961184501648,0.23409999907016754,1.1226310729980469,1.46316397190094,1.6970930099487305,0.706633448600769,0.1821894347667694,1.5319492816925049,0.34494486451148987,0.0,0.7192478179931641,0.26080769300460815,0.003991102799773216,0.010274307802319527,0.10433778166770935,14.216623306274414,75.91947937011719,0.005736449733376503,0.019676387310028076,0.04736720025539398,0.020208725705742836,-0.0004998240619897842,0.011023805476725101,0.030097931623458862,0.882758617401123,0.010989002883434296,0.024185871705412865,0.9167050123214722,0.007848613895475864,0.015972621738910675,0.9751381874084473,0.015265065245330334,0.04682110249996185,0.767810046672821,0.008734959177672863,0.018147427588701248,0.9662632346153259,0.0073433793149888515,0.012773488648235798,0.9987834692001343
Eciton_hamatum_CASENT0744580_processed.obj,Stage_3_deform_fine,0.0006786175654269755,0.02793578803539276,0.015466821379959583,0.012468965724110603,0.046970121562480927,0.09674371033906937,0.16224752366542816,0.16566666960716248,0.15896667540073395,0.47846633195877075,0.47806668281555176,0.47886666655540466,0.8033817410469055,0.762066662311554,0.8494333624839783,0.9739826321601868,0.9571666717529297,0.9914000034332275,0.610993504524231,0.3587000072002411,2.882765769958496,5.193419456481934,11.40208911895752,0.613415539264679,0.6447969079017639,18.64971160888672,1.269967794418335,0.0,0.5564588308334351,0.10572606325149536,0.0062565794214606285,0.015574564225971699,0.2141277939081192,20.20822525024414,108.11866760253906,0.01665526069700718,0.020725952461361885,0.04620899260044098,0.021075623109936714,0.00023259036242961884,0.010645433329045773,0.025148190557956696,0.8919540643692017,0.00492710480466485,0.00869619008153677,1.0,0.006141906604170799,0.012622321024537086,1.0,0.005516874138265848,0.008702607825398445,1.0,0.014059515669941902,0.04338584467768669,0.7973216772079468,0.007161808665841818,0.013883010484278202,0.9817517995834351
Ectatomma_brunneum_CASENT0744575_processed.obj,Stage_3_deform_fine,0.001599217765033245,0.042939841747283936,0.023220475763082504,0.01971936784684658,0.07284694164991379,0.16506759822368622,0.047175273299217224,0.04780000075697899,0.0465666688978672,0.25337228178977966,0.2612000107765198,0.2460000067949295,0.623228907585144,0.6377000212669373,0.6094000339508057,0.9266650676727295,0.8902666568756104,0.9661666750907898,0.7013819217681885,0.2653000056743622,1.1151171922683716,0.9581207633018494,1.7510924339294434,0.6575822234153748,0.19381217658519745,1.6623907089233398,0.39379462599754333,0.0,0.6978296637535095,0.16729192435741425,0.006655419245362282,0.018087610602378845,0.16794224083423615,14.697932243347168,78.29497528076172,0.0069098141975700855,0.029058076441287994,0.071665458381176,0.02928146906197071,0.001509031280875206,0.018579212948679924,0.0610535703599453,0.7375479340553284,0.018409840762615204,0.04614593833684921,0.7027151584625244,0.012660124339163303,0.023284386843442917,0.9088398218154907,0.023778146132826805,0.06649535149335861,0.6121371984481812,0.013006157241761684,0.027289681136608124,0.8915786743164062,0.015361436642706394,0.04936704784631729,0.8333333134651184
Eurhopalothrix_procera_CASENT0745605_processed.obj,Stage_3_deform_fine,0.001862810691818595,0.04459091275930405,0.02463875338435173,0.019952157512307167,0.08445131033658981,0.18667197227478027,0.051189325749874115,0.052400000393390656,0.0500333346426487,0.26125067472457886,0.2721000015735626,0.2512333393096924,0.618360698223114,0.6312000155448914,0.6060333251953125,0.9189251065254211,0.8808000087738037,0.9605000019073486,0.6566958427429199,0.2942666709423065,1.1491212844848633,1.5638666152954102,1.8551820516586304,0.6313863396644592,0.2215522825717926,6.315451145172119,0.46491870284080505,0.0,0.6807985305786133,0.17295223474502563,0.007392475381493568,0.01925818808376789,0.1732991635799408,15.601837158203125,81.40158081054688,0.007952804677188396,0.04353336989879608,0.11132441461086273,0.044332489371299744,0.001552332192659378,0.016746386885643005,0.0405551940202713,0.7264367938041687,0.01856324076652527,0.053240787237882614,0.6994938254356384,0.008512433618307114,0.015725303441286087,0.991712749004364,0.0094055300578475,0.02049330063164234,0.9393140077590942,0.015411825850605965,0.04341430217027664,0.8269379734992981,0.012616525404155254,0.025181250646710396,0.9209245443344116
Heteroponera_panamensis_CASENT0744055_processed.obj,Stage_3_deform_fine,0.0025364505127072334,0.052240438759326935,0.027627095580101013,0.02461334317922592,0.0928870290517807,0.2595013678073883,0.036180559545755386,0.0364999994635582,0.035866666585206985,0.19737280905246735,0.20346666872501373,0.19163332879543304,0.5557681322097778,0.5878999829292297,0.5269666910171509,0.8792092204093933,0.8564000129699707,0.9032666683197021,0.7091626524925232,0.2785666584968567,1.1465353965759277,1.5151063203811646,1.7273701429367065,0.6902216076850891,0.1935058981180191,2.820225238800049,0.43663907051086426,0.0,0.6794029474258423,0.15889011323451996,0.007335782516747713,0.021794933825731277,0.2668279707431793,15.309876441955566,92.43156433105469,0.010690655559301376,0.030613670125603676,0.07988268882036209,0.03087790496647358,0.0005522854626178741,0.016738951206207275,0.04302969574928284,0.7494252920150757,0.019904211163520813,0.05404811352491379,0.6718822121620178,0.016296716406941414,0.040513306856155396,0.7596685290336609,0.030228663235902786,0.09883329272270203,0.546174168586731,0.016521355137228966,0.03966263309121132,0.8109709024429321,0.016170773655176163,0.039699263870716095,0.7688564658164978
Labidus_praedator_CASENT0744236_processed.obj,Stage_3_deform_fine,0.0011516183149069548,0.03162010759115219,0.020043374970555305,0.011576734483242035,0.07080492377281189,0.15297606587409973,0.1781216412782669,0.17346666753292084,0.18303333222866058,0.5076680779457092,0.4699999988079071,0.5519000291824341,0.7745603919029236,0.6987000107765198,0.8689000010490417,0.9470059275627136,0.9053333401679993,0.9927000403404236,0.6768602132797241,0.3122333288192749,1.4234280586242676,5.666778087615967,1.9563220739364624,0.6047130227088928,0.2471550554037094,10.158251762390137,0.5411137938499451,0.0,0.5948553085327148,0.11990614980459213,0.005460269749164581,0.015498984605073929,0.18719613552093506,13.932219505310059,75.46983337402344,0.006616473197937012,0.026376089081168175,0.06501592695713043,0.027351198717951775,0.0005697514861822128,0.007723730057477951,0.01805625855922699,0.9670498371124268,0.024879731237888336,0.06799441576004028,0.5039116740226746,0.005594110116362572,0.010458274744451046,1.0,0.007010928355157375,0.014182194136083126,0.9788918495178223,0.008227231912314892,0.02095998264849186,0.9459181427955627,0.009414794854819775,0.030105305835604668,0.9051094651222229
Labidus_praedator_CASENT0744237_processed.obj,Stage_3_deform_fine,0.0023666583001613617,0.04583381116390228,0.030501188710331917,0.015332621522247791,0.1055973619222641,0.17846351861953735,0.08516086637973785,0.08380000293254852,0.08656666427850723,0.34412169456481934,0.32686665654182434,0.36329999566078186,0.6625180840492249,0.5929999947547913,0.7505000233650208,0.8759884834289551,0.7846666574478149,0.9913666844367981,0.5896185040473938,0.32903334498405457,1.2173101902008057,1.8529176712036133,2.1132757663726807,0.6234592199325562,0.23729929327964783,2.4110209941864014,0.4749041497707367,0.0,0.7028907537460327,0.17788171768188477,0.006266903597861528,0.02207143045961857,0.2010727971792221,14.27759075164795,81.69878387451172,0.007855025120079517,0.01972818933427334,0.09312998503446579,0.020115608349442482,0.00048366375267505646,0.017968136817216873,0.06773511320352554,0.8068965673446655,0.007742678746581078,0.014566157013177872,0.993557333946228,0.008317936211824417,0.015511644072830677,0.9834254384040833,0.007983053103089333,0.014349250122904778,0.9920845031738281,0.010364493355154991,0.02237028442323208,0.9363893866539001,0.015000877901911736,0.057575520128011703,0.8284671306610107
Lasius_nr._fuliginosus_CASENT0878037_processed.obj,Stage_3_deform_fine,0.0003859918797388673,0.02100369893014431,0.010448306798934937,0.010555392131209373,0.028158584609627724,0.10083834081888199,0.22819481790065765,0.23319999873638153,0.22339999675750732,0.6414421796798706,0.6729333400726318,0.612766683101654,0.898267924785614,0.906000018119812,0.890666663646698,0.9913249015808105,0.9849333167076111,0.9977999925613403,0.7753672003746033,0.16973333060741425,1.0612260103225708,0.719429612159729,1.524271845817566,0.6556382179260254,0.16704420745372772,1.4347625970840454,0.32238447666168213,0.0,0.7518985867500305,0.2361365705728531,0.003795529715716839,0.01095553208142519,0.2263493537902832,13.377877235412598,70.59002685546875,0.0047586457803845406,0.0354505330324173,0.08314439654350281,0.03554562106728554,0.0007342398166656494,0.007879558019340038,0.015063413418829441,0.9850574731826782,0.005951579660177231,0.01069390494376421,1.0,0.00838615745306015,0.012491992674767971,1.0,0.00632098875939846,0.011346765793859959,1.0,0.008762703277170658,0.018997641280293465,0.9577646255493164,0.010129299946129322,0.027099501341581345,0.9318735003471375
Lioponera_daikoku_OKENT0105067_processed.obj,Stage_3_deform_fine,0.002330915769562125,0.04861932247877121,0.028469152748584747,0.02015017159283161,0.0997857078909874,0.18994808197021484,0.04519990459084511,0.045133333653211594,0.045266665518283844,0.23061658442020416,0.23046666383743286,0.2307666689157486,0.6025338172912598,0.5901333689689636,0.6154666543006897,0.8942237496376038,0.8387666940689087,0.9575333595275879,0.7108330726623535,0.29136666655540466,1.0733094215393066,0.8280342221260071,1.5596072673797607,0.7058840990066528,0.1715366095304489,1.4383206367492676,0.3689092993736267,0.0,0.6274363994598389,0.1354367882013321,0.0071136015467345715,0.01785765215754509,0.17497926950454712,14.758280754089355,80.52483367919922,0.007789837662130594,0.04813650995492935,0.10092339664697647,0.04871654883027077,0.0007106326520442963,0.015695467591285706,0.03468048945069313,0.7900383472442627,0.019009621813893318,0.048919737339019775,0.6723424196243286,0.008995230309665203,0.016643716022372246,0.9834254384040833,0.011278457008302212,0.02200043573975563,0.9208443760871887,0.0193500816822052,0.05926042050123215,0.7110481858253479,0.013703840784728527,0.02970992960035801,0.8990267515182495
Mayriella_sp._CASENT0745610_processed.obj,Stage_3_deform_fine,0.0016577222850173712,0.04301709681749344,0.02330969274044037,0.01970740221440792,0.0754893496632576,0.19506637752056122,0.05017929896712303,0.05063333362340927,0.04973333328962326,0.25630509853363037,0.2662999927997589,0.24703334271907806,0.6268124580383301,0.6466000080108643,0.6082000136375427,0.9280329942703247,0.8927666544914246,0.9661999940872192,0.6959261298179626,0.36523333191871643,1.123422622680664,3.2086710929870605,1.7254520654678345,0.6249011754989624,0.20566248893737793,3.5609190464019775,0.42035454511642456,0.0,0.7275999784469604,0.19685882329940796,0.006975223775953054,0.01849689893424511,0.14743275940418243,14.957707405090332,75.51836395263672,0.005312734749168158,0.040959592908620834,0.07817410677671432,0.041447460651397705,0.0011877790093421936,0.017876122146844864,0.042427655309438705,0.6865900754928589,0.01326037384569645,0.02903536520898342,0.8605614304542542,0.010807869024574757,0.023281339555978775,0.9143646955490112,0.013799597509205341,0.029208607971668243,0.8126649260520935,0.01524352841079235,0.0388064868748188,0.8140612840652466,0.012741783633828163,0.02420247718691826,0.8868613243103027
Mesoponera_ambigua_CASENT0745584_processed.obj,Stage_3_deform_fine,0.001705822767689824,0.043228425085544586,0.02332538366317749,0.019903039559721947,0.07299059629440308,0.18979088962078094,0.04926484450697899,0.04956666752696037,0.0489666685461998,0.25205349922180176,0.2596000134944916,0.2449333369731903,0.6253523230552673,0.6332666873931885,0.6176333427429199,0.9273596405982971,0.9005333185195923,0.9558333158493042,0.700489342212677,0.23783333599567413,1.1695239543914795,2.130350112915039,1.8008596897125244,0.6932092905044556,0.20269718766212463,2.2990338802337646,0.42640411853790283,0.0,0.663785994052887,0.173517644405365,0.006861208472400904,0.01844472438097,0.1818251609802246,15.290262222290039,82.57286071777344,0.007789837662130594,0.06324740499258041,0.10090944916009903,0.06298518180847168,-0.0006380453705787659,0.017088133841753006,0.047731321305036545,0.7505747079849243,0.02035490795969963,0.05550360679626465,0.6336861848831177,0.013045544736087322,0.020887121558189392,0.9226519465446472,0.012293766252696514,0.025120440870523453,0.8680739402770996,0.011542044579982758,0.022744735702872276,0.9199073314666748,0.01530491467565298,0.043719034641981125,0.8394160270690918
Myrmecina_ryukyuensis_OKENT0105085_processed.obj,Stage_3_deform_fine,0.0009532170952297747,0.028669487684965134,0.016733484342694283,0.011936002410948277,0.060142405331134796,0.17677755653858185,0.13607186079025269,0.13733333349227905,0.13483333587646484,0.5033404231071472,0.5080333352088928,0.4987333416938782,0.8440401554107666,0.8128666877746582,0.8777000308036804,0.9648801684379578,0.9367666840553284,0.9947333335876465,0.7845308184623718,0.20876666903495789,1.2173540592193604,4.525924205780029,1.8713710308074951,0.7041950821876526,0.19961421191692352,2.8896420001983643,0.3936625123023987,0.0,0.7444498538970947,0.22113734483718872,0.004803106654435396,0.014737870544195175,0.1925603300333023,13.092120170593262,67.06011962890625,0.0049867997877299786,0.01306962687522173,0.03170756250619888,0.013231482356786728,-0.00019819475710391998,0.009516427293419838,0.019702058285474777,0.9528735876083374,0.008087021298706532,0.015045654959976673,0.9903359413146973,0.0064417580142617226,0.011419029906392097,1.0,0.008000520057976246,0.014951389282941818,0.9947230219841003,0.012647285126149654,0.041621048003435135,0.8691733479499817,0.00880785658955574,0.016172686591744423,0.9841849207878113
Myrmecina_sp._CASENT0745613_processed.obj,Stage_3_deform_fine,0.0013032503193244338,0.03829627484083176,0.02083016000688076,0.017466116696596146,0.06780561804771423,0.14875288307666779,0.06754238903522491,0.06826666742563248,0.06683333218097687,0.3055625557899475,0.3136666715145111,0.29786667227745056,0.6807601451873779,0.6828666925430298,0.6786666512489319,0.9463161826133728,0.914900004863739,0.9799667000770569,0.7289974093437195,0.2188333421945572,1.3462607860565186,5.879946708679199,2.300152063369751,0.5970402359962463,0.26467862725257874,18.827983856201172,0.542998194694519,0.0,0.6997169852256775,0.19792382419109344,0.007341995369642973,0.01897404156625271,0.2262120097875595,15.100343704223633,76.52496337890625,0.006420912221074104,0.02518092468380928,0.0847129300236702,0.02505348064005375,-0.00044616125524044037,0.013595485128462315,0.03279079496860504,0.8532567024230957,0.01874461956322193,0.048594873398542404,0.6783248782157898,0.007397313602268696,0.014255981892347336,0.9861878752708435,0.011726973578333855,0.023668356239795685,0.8891820907592773,0.013948079198598862,0.03967449441552162,0.8416173458099365,0.012325787916779518,0.02321605756878853,0.8929440379142761
Nesomyrmex_angulatus_CASENT0744820_processed.obj,Stage_3_deform_fine,0.0017378192860633135,0.04314403980970383,0.024514898657798767,0.01862913928925991,0.0807686373591423,0.20140759646892548,0.05315912514925003,0.05380000174045563,0.052533332258462906,0.26728957891464233,0.27363333106040955,0.2612333297729492,0.6413177847862244,0.6357666850090027,0.6469666957855225,0.9220094680786133,0.8726666569709778,0.9772666692733765,0.6934006810188293,0.3245333433151245,1.10598623752594,0.9724355340003967,1.6999843120574951,0.6519102454185486,0.1964571624994278,1.5085638761520386,0.3871719539165497,0.0,0.7117874622344971,0.19275808334350586,0.006386265624314547,0.019194666296243668,0.15536880493164062,14.985979080200195,82.93737030029297,0.007985398173332214,0.018268359825015068,0.044185739010572433,0.018134968355298042,-3.883615136146545e-06,0.018920181319117546,0.05247487127780914,0.7084291577339172,0.013534128665924072,0.03430002182722092,0.8554993271827698,0.012100539170205593,0.02218574658036232,0.8950276374816895,0.02142474055290222,0.061155203729867935,0.6622691750526428,0.011616833508014679,0.023143915459513664,0.9217100143432617,0.012001456692814827,0.030870340764522552,0.9197080135345459
Odontomachus_troglodytes_CASENT0744970_processed.obj,Stage_3_deform_fine,0.00040252390317618847,0.02202042192220688,0.011302225291728973,0.01071819569915533,0.032295409590005875,0.12408590316772461,0.2093075066804886,0.2123333364725113,0.2063666731119156,0.6042860150337219,0.6215000152587891,0.5879999995231628,0.8846706748008728,0.878333330154419,0.8910999894142151,0.9925994277000427,0.9868333339691162,0.9984333515167236,0.7489026188850403,0.16513334214687347,1.1344088315963745,1.1154518127441406,1.6478215456008911,0.7527419924736023,0.16817879676818848,1.7361336946487427,0.3596632480621338,0.0,0.6764397621154785,0.16574649512767792,0.003623792203143239,0.008761006407439709,0.11441639810800552,13.138703346252441,67.19779205322266,0.0038460285868495703,0.042416129261255264,0.07482751458883286,0.0431511215865612,-0.0004278011620044708,0.00890506710857153,0.02027249149978161,0.9467433094978333,0.007403976283967495,0.014604471623897552,0.9990796446800232,0.005738628096878529,0.009431065060198307,0.9889503121376038,0.007228232454508543,0.013144140131771564,1.0,0.009418482892215252,0.024227047339081764,0.9235127568244934,0.007175849284976721,0.014711322262883186,0.9841849207878113
Oxyopomyrmex_saulcyi_CASENT0745218_processed.obj,Stage_3_deform_fine,0.0012902708258479834,0.03886289894580841,0.02032419480383396,0.01853870414197445,0.06242498755455017,0.13139016926288605,0.06285223364830017,0.0646333321928978,0.0611666664481163,0.30033960938453674,0.314300000667572,0.2875666618347168,0.6771488189697266,0.6848000288009644,0.6696666479110718,0.9389312863349915,0.9151333570480347,0.9639999866485596,0.7260985970497131,0.3553999960422516,1.1277244091033936,1.9646188020706177,1.7171196937561035,0.7119339108467102,0.1813945323228836,1.6924993991851807,0.3702147901058197,0.0,0.7375632524490356,0.2149834781885147,0.0053691803477704525,0.01450132392346859,0.1347825974225998,14.832364082336426,81.48339080810547,0.007431309670209885,0.01735079288482666,0.055166564881801605,0.017276428639888763,0.00040854141116142273,0.013169538229703903,0.029287533834576607,0.8463601469993591,0.013398856855928898,0.03299188241362572,0.8320294618606567,0.010610202327370644,0.01874607801437378,0.961326003074646,0.02246125601232052,0.06222684308886528,0.6385224461555481,0.012342404574155807,0.026012523099780083,0.9085758328437805,0.01301378384232521,0.024481022730469704,0.8588807582855225
Polyrhachis_decemdentata_CASENT0744779_processed.obj,Stage_3_deform_fine,0.0008506928570568562,0.03186316043138504,0.015511736273765564,0.016351426020264626,0.04518602043390274,0.12403704971075058,0.08820782601833344,0.08973333239555359,0.08673333376646042,0.3921585977077484,0.4153333306312561,0.3714333474636078,0.7601583003997803,0.799833357334137,0.7242333292961121,0.9683545827865601,0.9596999883651733,0.9771666526794434,0.7664873600006104,0.241266667842865,1.2506266832351685,3.7123522758483887,2.1324265003204346,0.6389157176017761,0.23454782366752625,3.594090700149536,0.4660623371601105,0.0,0.7246379256248474,0.22359105944633484,0.005865136627107859,0.014559111557900906,0.257703959941864,14.523017883300781,73.57793426513672,0.005997197236865759,0.04569939896464348,0.10392861813306808,0.046540744602680206,0.0005318261682987213,0.013256961479783058,0.03323115035891533,0.8601532578468323,0.014183550141751766,0.028193430975079536,0.8246663808822632,0.009728919714689255,0.0170306283980608,0.9861878752708435,0.007602240424603224,0.01368016842752695,1.0,0.00930439680814743,0.018546421080827713,0.9618851542472839,0.009613987058401108,0.01979413814842701,0.9574209451675415
Polyrhachis_dives_CASENT0878093_processed.obj,Stage_3_deform_fine,0.0010481462813913822,0.036273516714572906,0.01717996411025524,0.019093550741672516,0.0453566275537014,0.18543997406959534,0.05348140373826027,0.0554666668176651,0.051633335649967194,0.2852528989315033,0.30773332715034485,0.2658333480358124,0.6860882043838501,0.7477333545684814,0.6338333487510681,0.9646329283714294,0.9639999866485596,0.9652667045593262,0.7888532876968384,0.14890000224113464,1.1428660154342651,1.1731022596359253,1.8395445346832275,0.6620811820030212,0.20534464716911316,2.0882456302642822,0.4580675959587097,0.0,0.6801294088363647,0.17846867442131042,0.006710780784487724,0.016445839777588844,0.21270035207271576,15.017118453979492,75.32682037353516,0.00648609921336174,0.010421828366816044,0.0389915369451046,0.010743692517280579,0.000929967500269413,0.014885356649756432,0.034943144768476486,0.8034483194351196,0.018701553344726562,0.04576283320784569,0.6718822121620178,0.014087369665503502,0.021256007254123688,0.8895028233528137,0.010092051699757576,0.016541708260774612,0.9920845031738281,0.012593427672982216,0.02415555529296398,0.8838527202606201,0.019041020423173904,0.05860770493745804,0.7688564658164978
Ponera_kohmoku_OKENT0105440_processed.obj,Stage_3_deform_fine,0.0009365290170535445,0.034099727869033813,0.017604807391762733,0.01649492047727108,0.05139800161123276,0.12141865491867065,0.08147765696048737,0.08330000191926956,0.07973333448171616,0.34131860733032227,0.35786667466163635,0.3262333273887634,0.7254393100738525,0.7321333289146423,0.7188666462898254,0.9631387591362,0.9461333155632019,0.9807666540145874,0.721602201461792,0.3342333436012268,1.1080354452133179,0.9842952489852905,1.7920657396316528,0.6310573816299438,0.2137032151222229,1.8662047386169434,0.43140602111816406,0.0,0.6785404682159424,0.19035197794437408,0.006038408726453781,0.017278997227549553,0.2246488481760025,14.834325790405273,74.49347686767578,0.005540888756513596,0.017572227865457535,0.04392734915018082,0.017882756888866425,0.0002651996910572052,0.013794537633657455,0.031246446073055267,0.8160919547080994,0.015923820436000824,0.04061285778880119,0.7505752444267273,0.009578390046954155,0.01649145595729351,0.9834254384040833,0.008268616162240505,0.014843367971479893,0.9973615407943726,0.010407835245132446,0.022056587040424347,0.9348441958427429,0.010165205225348473,0.01917986385524273,0.9549878239631653
Ponera_tamon_OKENT0105154_processed.obj,Stage_3_deform_fine,0.0005062509444542229,0.023922890424728394,0.013277977705001831,0.010644912719726562,0.04081791639328003,0.12944647669792175,0.18487690389156342,0.186966672539711,0.18283332884311676,0.5684830546379089,0.5598999857902527,0.5773333311080933,0.8679721355438232,0.8341667056083679,0.9046333432197571,0.9849188923835754,0.9706000089645386,0.999666690826416,0.8010403513908386,0.30880001187324524,1.2371110916137695,3.9382498264312744,1.9531221389770508,0.6427979469299316,0.22239148616790771,11.193830490112305,0.42144882678985596,0.0,0.7394957542419434,0.2149190604686737,0.004580753389745951,0.015535503625869751,0.21820944547653198,13.477073669433594,70.53919219970703,0.005149767268449068,0.038300201296806335,0.08029201626777649,0.039062123745679855,-7.562339305877686e-07,0.008625248447060585,0.017987262457609177,0.9678161144256592,0.006389853078871965,0.011899545788764954,1.0,0.007600867655128241,0.01699267327785492,0.9668508768081665,0.006329401861876249,0.010681110434234142,1.0,0.008201051503419876,0.02126690000295639,0.944115400314331,0.008371432311832905,0.019833024591207504,0.9501216411590576
Pseudolasius_sp._CASENT0878065_processed.obj,Stage_3_deform_fine,0.001974673243239522,0.043770235031843185,0.025244031101465225,0.01852620393037796,0.09208634495735168,0.202604740858078,0.05433202534914017,0.05460000038146973,0.05406666547060013,0.2797570526599884,0.2838999927043915,0.2757333219051361,0.6574264168739319,0.6553000211715698,0.6595667004585266,0.9175609350204468,0.8703666925430298,0.9701666831970215,0.7287154793739319,0.2444666624069214,1.273787021636963,14.413777351379395,1.8275537490844727,0.676145076751709,0.20391350984573364,17.5572509765625,0.4388422966003418,0.0,0.7025884389877319,0.17099995911121368,0.006953387055546045,0.02187305875122547,0.39971286058425903,13.818909645080566,72.82169342041016,0.0050193932838737965,0.08545316755771637,0.24586567282676697,0.08742323517799377,-0.00045771896839141846,0.01736094430088997,0.04758402332663536,0.7475095987319946,0.011120057664811611,0.02166052907705307,0.9286700487136841,0.009715507738292217,0.01721852459013462,0.980663001537323,0.011793618090450764,0.02618047036230564,0.8918206095695496,0.01570109650492668,0.04134234040975571,0.8333762884140015,0.012983979657292366,0.023551950231194496,0.9063260555267334
Pseudomyrmex_cf.solis_CASENT0744065_processed.obj,Stage_3_deform_fine,0.000704985810443759,0.02632870152592659,0.015765490010380745,0.01056321058422327,0.055192731320858,0.1297500729560852,0.176674485206604,0.17543333768844604,0.17793333530426025,0.5540939569473267,0.5321999788284302,0.5778666734695435,0.8442803025245667,0.7850333452224731,0.9132000207901001,0.9673610925674438,0.9384000301361084,0.9981666803359985,0.7630183696746826,0.2763333320617676,1.2890770435333252,2.26298189163208,2.292003870010376,0.6380710005760193,0.2494625747203827,3.174680233001709,0.4930531084537506,0.0,0.7371388077735901,0.22069822251796722,0.00492385309189558,0.015504109673202038,0.21398107707500458,13.45744800567627,73.78684997558594,0.005606075748801231,0.014262668788433075,0.03973645344376564,0.01441095769405365,-0.0001198919489979744,0.00863224733620882,0.017527883872389793,0.9689655303955078,0.006489134393632412,0.012090368196368217,0.9976990222930908,0.0065046944655478,0.010739302262663841,1.0,0.008164651691913605,0.015100090764462948,0.9841688871383667,0.010956422425806522,0.035906415432691574,0.8928663730621338,0.006227012723684311,0.011782215908169746,0.9939172863960266
Solenopsis_invicta_CASENT0744384_processed.obj,Stage_3_deform_fine,0.0012977353762835264,0.040612950921058655,0.021021509543061256,0.019591443240642548,0.056204602122306824,0.1342407464981079,0.05252569541335106,0.053166668862104416,0.051899999380111694,0.2580612301826477,0.26489999890327454,0.25156667828559875,0.620781660079956,0.6218000054359436,0.6197666525840759,0.9469021558761597,0.9323333501815796,0.9619333148002625,0.6379473805427551,0.3842333257198334,1.1576976776123047,1.312696933746338,1.8293589353561401,0.7438787817955017,0.18963350355625153,1.8588321208953857,0.409730464220047,0.0,0.6615968346595764,0.1710914671421051,0.0060244337655603886,0.014501286670565605,0.2025410383939743,14.915231704711914,78.1774673461914,0.00664906669408083,0.05115025117993355,0.18646711111068726,0.052057456225156784,6.413087248802185e-05,0.01827745884656906,0.04703036695718765,0.6842911839485168,0.014686192385852337,0.030666153877973557,0.7887712717056274,0.008888508193194866,0.013962735421955585,0.9779005646705627,0.009447271935641766,0.016223598271608353,0.9894459247589111,0.013975320383906364,0.035064611583948135,0.8251352310180664,0.013733387924730778,0.03014981560409069,0.8734793066978455
Stigmatomma_FHG02_CASENT0745561_processed.obj,Stage_3_deform_fine,0.001896533416584134,0.0432274304330349,0.02612665668129921,0.017100773751735687,0.0925401970744133,0.17079071700572968,0.06253189593553543,0.06283333152532578,0.0622333325445652,0.29253003001213074,0.2901333272457123,0.2949666678905487,0.6658099889755249,0.6326000094413757,0.7027000188827515,0.9116036891937256,0.8487333655357361,0.9845333695411682,0.6742438673973083,0.2547000050544739,1.1128146648406982,1.1895383596420288,1.6308417320251465,0.672721803188324,0.19268985092639923,2.315335273742676,0.41146859526634216,0.0,0.6458746790885925,0.17837443947792053,0.0063827247358858585,0.018801698461174965,0.28000539541244507,15.118474960327148,78.79408264160156,0.006975001189857721,0.027324683964252472,0.1347992718219757,0.027374714612960815,-1.9762665033340454e-05,0.01948394440114498,0.06272730231285095,0.7141762375831604,0.01084898877888918,0.022311508655548096,0.9286700487136841,0.009330380707979202,0.017707858234643936,0.9640884399414062,0.021417735144495964,0.06896072626113892,0.7018470168113708,0.013358961790800095,0.03399712219834328,0.8521761894226074,0.010245810262858868,0.019710607826709747,0.9525547623634338
Strumigenys_alberti_CASENT0878103_processed.obj,Stage_3_deform_fine,0.002295144833624363,0.046308115124702454,0.028374096378684044,0.01793402060866356,0.10018091648817062,0.19746160507202148,0.05768329277634621,0.057733334600925446,0.057633332908153534,0.29311782121658325,0.29100000858306885,0.29526665806770325,0.6414066553115845,0.6101000308990479,0.6761000156402588,0.8956902623176575,0.8288666605949402,0.9742333292961121,0.6700113415718079,0.22709999978542328,1.5058379173278809,3.296518087387085,3.3534531593322754,0.7457377314567566,0.26445770263671875,7.953804016113281,0.5649101138114929,0.0,0.7084509134292603,0.2219085991382599,0.006134550087153912,0.015531372278928757,0.15025657415390015,15.361431121826172,86.89909362792969,0.00922395009547472,0.019887832924723625,0.03804529830813408,0.020066935569047928,0.0008834600448608398,0.012319428846240044,0.028292616829276085,0.8773946762084961,0.019241491332650185,0.055601757019758224,0.6852278113365173,0.009197301231324673,0.01645720563828945,0.9972376227378845,0.011562539264559746,0.022433895617723465,0.9208443760871887,0.016663726419210434,0.04867871105670929,0.822044849395752,0.013945138081908226,0.02488485351204872,0.9063260555267334
Strumigenys_canina_OKENT0105288_processed.obj,Stage_3_deform_fine,0.0009562617633491755,0.0341874435544014,0.018112866207957268,0.01607457920908928,0.05222906172275543,0.12323839962482452,0.07561437040567398,0.0760333314538002,0.07519999891519547,0.3365924656391144,0.3440333306789398,0.32946667075157166,0.732490599155426,0.7269333600997925,0.7381333708763123,0.964985191822052,0.944266676902771,0.9866333603858948,0.7179189920425415,0.30230000615119934,1.2921726703643799,2.795781373977661,2.375208854675293,0.6113014221191406,0.26506975293159485,3.972501516342163,0.5177988409996033,0.0,0.6730043292045593,0.17138898372650146,0.006198510993272066,0.01686076819896698,0.2263147532939911,16.114856719970703,88.59999084472656,0.00968025904148817,0.010635406710207462,0.03682832047343254,0.010898775421082973,0.0008397819474339485,0.01493282150477171,0.03502017259597778,0.7831417918205261,0.00869840383529663,0.015783967450261116,0.9875748157501221,0.009895777329802513,0.01662081480026245,0.9889503121376038,0.018817076459527016,0.058751896023750305,0.7229551672935486,0.010334568098187447,0.021069156005978584,0.935874342918396,0.011839602142572403,0.024612385779619217,0.9014598727226257
Strumigenys_crassicornis_CASENT0744273_processed.obj,Stage_3_deform_fine,0.0032733434345573187,0.05438569560647011,0.03493405133485794,0.019451644271612167,0.12474319338798523,0.2280762940645218,0.04614999517798424,0.046133335679769516,0.046166665852069855,0.23542572557926178,0.23180000483989716,0.23916666209697723,0.5824379324913025,0.5460667014122009,0.6240000128746033,0.8641961216926575,0.7786666750907898,0.9708333611488342,0.6297743916511536,0.3138999938964844,1.145468831062317,1.552474856376648,1.7546741962432861,0.676575243473053,0.19795852899551392,2.0298616886138916,0.4067052900791168,0.0,0.7019115686416626,0.19348928332328796,0.006912965327501297,0.019868215546011925,0.15058602392673492,14.8004150390625,79.1580810546875,0.006975001189857721,0.05931639298796654,0.1183706521987915,0.06111656501889229,0.0004989355802536011,0.01986587420105934,0.04723739996552467,0.634865939617157,0.01373022049665451,0.029304584488272667,0.8334100246429443,0.009802000597119331,0.014868831261992455,0.9972376227378845,0.012821166776120663,0.02967393584549427,0.8812665343284607,0.01675126515328884,0.05579010397195816,0.8166366219520569,0.013401896692812443,0.02725771628320217,0.8649634718894958
Strumigenys_sp._appretiata_group_CASENT0744156_processed.obj,Stage_3_deform_fine,0.0006457612616941333,0.027238596230745316,0.014229414984583855,0.013009182177484035,0.0375162735581398,0.14193731546401978,0.1142234206199646,0.1169000044465065,0.11166666448116302,0.46630859375,0.48376667499542236,0.4500666856765747,0.8321979641914368,0.8282666802406311,0.8361666798591614,0.9847419261932373,0.9745333194732666,0.9951666593551636,0.7695105671882629,0.2635999917984009,1.3348100185394287,2.795658588409424,2.2488510608673096,0.659024715423584,0.23750634491443634,4.295833110809326,0.4711625874042511,0.0,0.7229077816009521,0.2059517353773117,0.00511500658467412,0.01340083871036768,0.171270951628685,14.410073280334473,80.28013610839844,0.0076920571736991405,0.013082833960652351,0.03614149987697601,0.013105008751153946,-0.0002977736294269562,0.010891258716583252,0.02172856777906418,0.9260536432266235,0.010476522147655487,0.021588101983070374,0.9240681529045105,0.011416435241699219,0.03260628134012222,0.8729282021522522,0.011194569058716297,0.02408447675406933,0.9102903008460999,0.010595780797302723,0.027014032006263733,0.9062580466270447,0.009190640412271023,0.016982967033982277,0.9635036587715149
Strumigenys_stenorhina_OKENT0105268_processed.obj,Stage_3_deform_fine,0.002186290454119444,0.03393002599477768,0.025171197950839996,0.008758828975260258,0.11897777765989304,0.20840606093406677,0.23700714111328125,0.23016667366027832,0.24426667392253876,0.626874566078186,0.5726333260536194,0.692466676235199,0.8330898880958557,0.7366999983787537,0.9585000276565552,0.9134127497673035,0.8407666683197021,0.9998000264167786,0.714459240436554,0.2956666648387909,1.0555416345596313,0.6715089082717896,1.4152798652648926,0.7540385127067566,0.14266778528690338,1.4913039207458496,0.33418792486190796,0.0,0.706626296043396,0.18876245617866516,0.0034799689892679453,0.008885067887604237,0.06192415580153465,12.623601913452148,62.11429214477539,0.0029008181300014257,0.02215227298438549,0.08413154631853104,0.02276615984737873,0.0004529375582933426,0.006991582922637463,0.01489232387393713,0.9796935319900513,0.009127705357968807,0.018195191398262978,0.9650253057479858,0.005621008109301329,0.009522042237222195,1.0,0.008863648399710655,0.02040618471801281,0.9445910453796387,0.011333774775266647,0.04313541576266289,0.9103785753250122,0.006493214052170515,0.012397154234349728,0.970802903175354
Syllophopsis_sechellensis_OKENT0105212_processed.obj,Stage_3_deform_fine,0.0010849725222215056,0.030118487775325775,0.019696911796927452,0.010421575978398323,0.07372798770666122,0.15810464322566986,0.18091100454330444,0.17603333294391632,0.186066672205925,0.5352449417114258,0.4994000196456909,0.5766333341598511,0.8145332932472229,0.7321333289146423,0.9178333282470703,0.9400985240936279,0.8879666924476624,0.9987333416938782,0.7227418422698975,0.2682333290576935,1.417264461517334,3.0441372394561768,2.7968204021453857,0.6363356709480286,0.27618151903152466,5.208113670349121,0.5487120151519775,0.0,0.7204146385192871,0.2136734575033188,0.005101241171360016,0.016315946355462074,0.20270031690597534,13.684060096740723,78.4146728515625,0.007235748693346977,0.054758377373218536,0.11987993866205215,0.056037336587905884,-0.0006787888705730438,0.009262779727578163,0.022175442427396774,0.9348658919334412,0.006389396730810404,0.011872229166328907,0.999539852142334,0.007248817011713982,0.01302848756313324,0.991712749004364,0.006319861393421888,0.010455907322466373,1.0,0.010942659340798855,0.035327646881341934,0.8982745409011841,0.007392393425107002,0.01420618873089552,0.9878345131874084
Temnothorax_congruus_OKENT0105443_processed.obj,Stage_3_deform_fine,0.0005484704161062837,0.02440318837761879,0.01299905776977539,0.011404130607843399,0.04193202778697014,0.09910188615322113,0.17989061772823334,0.18119999766349792,0.1785999983549118,0.5814502239227295,0.5909333229064941,0.572266697883606,0.8613593578338623,0.8487333655357361,0.8743667006492615,0.9801400303840637,0.9665666818618774,0.994100034236908,0.7732694745063782,0.2624000012874603,1.2837070226669312,2.188434600830078,2.260648012161255,0.7403251528739929,0.20600345730781555,3.4947938919067383,0.39773592352867126,0.0,0.7769692540168762,0.2515897750854492,0.0037222092505544424,0.009775001555681229,0.14755825698375702,13.223305702209473,70.279541015625,0.005149767268449068,0.024510860443115234,0.05483855679631233,0.024539021775126457,3.387965261936188e-05,0.008235651068389416,0.017637290060520172,0.9689655303955078,0.007300577592104673,0.013210893608629704,0.9986194372177124,0.007398414425551891,0.01334881130605936,0.9972376227378845,0.010498618707060814,0.0238371379673481,0.9182058572769165,0.010592671111226082,0.028165314346551895,0.9108936786651611,0.008127528242766857,0.01600600592792034,0.9574209451675415
Temnothorax_sp._OKENT0105336_processed.obj,Stage_3_deform_fine,0.0008764597587287426,0.0319257453083992,0.016390159726142883,0.015535585582256317,0.044904205948114395,0.1537279635667801,0.09178334474563599,0.09463333338499069,0.08910000324249268,0.3878480792045593,0.413833349943161,0.3649333417415619,0.761145293712616,0.7738333344459534,0.7488666772842407,0.9739683866500854,0.960266649723053,0.9880666732788086,0.7214493155479431,0.42766666412353516,1.4124270677566528,3.9432451725006104,2.871777057647705,0.6810870170593262,0.2684675455093384,5.3940110206604,0.5124568939208984,0.0,0.7429361343383789,0.2294028252363205,0.005609204061329365,0.016010049730539322,0.1612113118171692,14.761204719543457,87.47833251953125,0.009484698064625263,0.02665044739842415,0.05664284899830818,0.0268086064606905,-0.0006331838667392731,0.011366396211087704,0.025450674816966057,0.9003831744194031,0.01087484136223793,0.02609957568347454,0.9070409536361694,0.010765153914690018,0.022169778123497963,0.9254143834114075,0.018760208040475845,0.05913182348012924,0.7255936861038208,0.009948650375008583,0.02151520550251007,0.940252423286438,0.009812099859118462,0.021745042875409126,0.9318735003471375
Tetramorium_kraepelini_CASENT0744084_processed.obj,Stage_3_deform_fine,0.0010574206244200468,0.034997858107089996,0.018003243952989578,0.016994614154100418,0.05303391069173813,0.16150321066379547,0.0748606026172638,0.07823333144187927,0.07176666706800461,0.32709604501724243,0.3519333302974701,0.30553334951400757,0.7224808931350708,0.7489333152770996,0.6978333592414856,0.9627745151519775,0.9441333413124084,0.9821666479110718,0.7063108682632446,0.3451666831970215,1.2162187099456787,4.12308931350708,1.9917733669281006,0.6216769218444824,0.230887770652771,4.727487087249756,0.47203654050827026,0.0,0.7021512389183044,0.18865948915481567,0.006303361617028713,0.017227903008461,0.17109498381614685,14.712078094482422,75.23881530761719,0.005377921275794506,0.014136516489088535,0.031200310215353966,0.013959487900137901,0.0002061259001493454,0.011683677323162556,0.024950668215751648,0.9015325903892517,0.018752483651041985,0.04940932244062424,0.6787850856781006,0.010012968443334103,0.017832299694418907,0.980663001537323,0.017659587785601616,0.05753055587410927,0.7810026407241821,0.011420076712965965,0.026025405153632164,0.9041978120803833,0.008937876671552658,0.016581600531935692,0.9829683899879456
