sid,stage,region,A_prod,I_cse,delta
Aenictus_ceylonicus_CASENT0878084,H0_body,antenna,27.479863966573134,19.232140101768145,-8.247723864804989
Aenictus_ceylonicus_CASENT0878084,H0_body,body_axis,23.044173338816304,25.168624570749458,2.124451231933154
Aenictus_ceylonicus_CASENT0878084,H0_body,coxa,26.214973489738668,23.348810833188082,-2.8661626565505856
Aenictus_ceylonicus_CASENT0878084,H0_body,leg_distal,30.630245916765034,23.963346093443096,-6.666899823321938
Aenictus_ceylonicus_CASENT0878084,H0_body,leg_proximal,37.351426157683726,30.327619386871273,-7.0238067708124525
Aenictus_ceylonicus_CASENT0878084,H0_body,mandible,54.94971910576266,52.7494584726903,-2.200260633072361
Aenictus_ceylonicus_CASENT0878084,H1_legs,antenna,32.87565391942799,23.114788343219704,-9.760865576208285
Aenictus_ceylonicus_CASENT0878084,H1_legs,body_axis,24.136159344233466,23.286196592967702,-0.8499627512657639
Aenictus_ceylonicus_CASENT0878084,H1_legs,coxa,18.789333199624377,20.744812276985478,1.955479077361101
Aenictus_ceylonicus_CASENT0878084,H1_legs,leg_distal,36.4888601906049,15.601394067659404,-20.887466122945497
Aenictus_ceylonicus_CASENT0878084,H1_legs,leg_proximal,16.262459308832376,13.132498622549457,-3.129960686282919
Aenictus_ceylonicus_CASENT0878084,H1_legs,mandible,58.522043992621725,54.15845511385239,-4.363588878769335
Aenictus_ceylonicus_CASENT0878084,H2_joint,antenna,25.34544408707208,20.13819340795905,-5.207250679113031
Aenictus_ceylonicus_CASENT0878084,H2_joint,body_axis,22.766353235441994,23.071538064060917,0.3051848286189234
Aenictus_ceylonicus_CASENT0878084,H2_joint,coxa,14.931778682950368,20.784393229969428,5.85261454701906
Aenictus_ceylonicus_CASENT0878084,H2_joint,leg_distal,45.72795987272594,14.925146475835819,-30.802813396890123
Aenictus_ceylonicus_CASENT0878084,H2_joint,leg_proximal,15.123191866676345,14.416833013303558,-0.7063588533727874
Aenictus_ceylonicus_CASENT0878084,H2_joint,mandible,59.45614504257816,54.69885479919676,-4.757290243381398
Aenictus_ceylonicus_CASENT0878084,Stage_2_deform_coarse,antenna,13.441373689584102,25.602092941388566,12.160719251804464
Aenictus_ceylonicus_CASENT0878084,Stage_2_deform_coarse,body_axis,19.967364473904826,19.220215327181098,-0.7471491467237286
Aenictus_ceylonicus_CASENT0878084,Stage_2_deform_coarse,coxa,12.081769065069986,17.456983385010812,5.3752143199408255
Aenictus_ceylonicus_CASENT0878084,Stage_2_deform_coarse,leg_distal,39.73617651806479,11.125179175862781,-28.610997342202005
Aenictus_ceylonicus_CASENT0878084,Stage_2_deform_coarse,leg_proximal,12.981099767489559,9.865701188478127,-3.1153985790114316
Aenictus_ceylonicus_CASENT0878084,Stage_2_deform_coarse,mandible,49.81346949278014,49.034411167540945,-0.7790583252391983
Aenictus_ceylonicus_CASENT0878084,Stage_3_deform_fine,antenna,12.71345160235157,25.783901958290603,13.070450355939032
Aenictus_ceylonicus_CASENT0878084,Stage_3_deform_fine,body_axis,19.836094856682298,18.840673911503945,-0.9954209451783527
Aenictus_ceylonicus_CASENT0878084,Stage_3_deform_fine,coxa,10.399389454825279,17.25116057036924,6.851771115543961
Aenictus_ceylonicus_CASENT0878084,Stage_3_deform_fine,leg_distal,40.89169727316392,12.319677955164257,-28.57201931799966
Aenictus_ceylonicus_CASENT0878084,Stage_3_deform_fine,leg_proximal,12.201269770350061,9.736178521577036,-2.4650912487730245
Aenictus_ceylonicus_CASENT0878084,Stage_3_deform_fine,mandible,48.915956421908184,48.66255750587399,-0.2533989160341932
Aphaenogaster_gracillima_OKENT0105348,H0_body,antenna,33.28765386885994,18.096945850680523,-15.190708018179418
Aphaenogaster_gracillima_OKENT0105348,H0_body,body_axis,23.015832220904105,23.134879867319764,0.1190476464156589
Aphaenogaster_gracillima_OKENT0105348,H0_body,coxa,15.581196028841712,13.887189021372185,-1.6940070074695264
Aphaenogaster_gracillima_OKENT0105348,H0_body,leg_distal,47.82602056951441,38.63454262077374,-9.191477948740669
Aphaenogaster_gracillima_OKENT0105348,H0_body,leg_proximal,25.294464964692224,23.051674995887236,-2.2427899688049884
Aphaenogaster_gracillima_OKENT0105348,H0_body,mandible,46.926122541452024,29.237812150849063,-17.68831039060296
Aphaenogaster_gracillima_OKENT0105348,H1_legs,antenna,37.519884131165426,17.61623612877599,-19.903648002389435
Aphaenogaster_gracillima_OKENT0105348,H1_legs,body_axis,25.24516271391015,23.090282138014185,-2.154880575895966
Aphaenogaster_gracillima_OKENT0105348,H1_legs,coxa,15.246576709402769,13.337283431114072,-1.9092932782886969
Aphaenogaster_gracillima_OKENT0105348,H1_legs,leg_distal,36.06807672588118,28.97726339560172,-7.090813330279456
Aphaenogaster_gracillima_OKENT0105348,H1_legs,leg_proximal,11.08432816859686,16.44379598335387,5.359467814757009
Aphaenogaster_gracillima_OKENT0105348,H1_legs,mandible,55.481672916070956,29.55995270832037,-25.921720207750585
Aphaenogaster_gracillima_OKENT0105348,H2_joint,antenna,41.79196517330443,17.10421968247515,-24.687745490829283
Aphaenogaster_gracillima_OKENT0105348,H2_joint,body_axis,25.866931181076353,23.89095273418694,-1.975978446889414
Aphaenogaster_gracillima_OKENT0105348,H2_joint,coxa,14.277769719489145,13.710939124402705,-0.5668305950864401
Aphaenogaster_gracillima_OKENT0105348,H2_joint,leg_distal,36.4496553526366,29.554286917495357,-6.89536843514124
Aphaenogaster_gracillima_OKENT0105348,H2_joint,leg_proximal,10.505319309051501,17.18031071955689,6.674991410505388
Aphaenogaster_gracillima_OKENT0105348,H2_joint,mandible,59.263477590140894,29.44372857667861,-29.819749013462285
Aphaenogaster_gracillima_OKENT0105348,Stage_2_deform_coarse,antenna,37.35377524663337,27.532359710947308,-9.82141553568606
Aphaenogaster_gracillima_OKENT0105348,Stage_2_deform_coarse,body_axis,22.088068244740725,27.394214320070883,5.306146075330158
Aphaenogaster_gracillima_OKENT0105348,Stage_2_deform_coarse,coxa,9.945917977626722,10.220649493692678,0.27473151606595536
Aphaenogaster_gracillima_OKENT0105348,Stage_2_deform_coarse,leg_distal,16.64613315614371,45.938742311305894,29.292609155162186
Aphaenogaster_gracillima_OKENT0105348,Stage_2_deform_coarse,leg_proximal,6.239899946218802,9.719044237261436,3.4791442910426333
Aphaenogaster_gracillima_OKENT0105348,Stage_2_deform_coarse,mandible,53.24451430737943,34.092344647037116,-19.152169660342317
Aphaenogaster_gracillima_OKENT0105348,Stage_3_deform_fine,antenna,33.59633515306516,26.89521392700387,-6.701121226061293
Aphaenogaster_gracillima_OKENT0105348,Stage_3_deform_fine,body_axis,22.641027190234325,28.018966570621064,5.377939380386739
Aphaenogaster_gracillima_OKENT0105348,Stage_3_deform_fine,coxa,10.326921909993528,10.817836714019956,0.49091480402642773
Aphaenogaster_gracillima_OKENT0105348,Stage_3_deform_fine,leg_distal,14.02354173333201,48.70154180938883,34.67800007605682
Aphaenogaster_gracillima_OKENT0105348,Stage_3_deform_fine,leg_proximal,6.230376798141084,13.01143067987464,6.781053881733557
Aphaenogaster_gracillima_OKENT0105348,Stage_3_deform_fine,mandible,46.26910714792454,33.61753487852455,-12.651572269399985
Cataglyphis_iberica_CASENT0745158,H0_body,antenna,49.69362874478878,49.64096333844594,-0.05266540634283956
Cataglyphis_iberica_CASENT0745158,H0_body,body_axis,39.42957814667373,28.619667605740897,-10.80991054093283
Cataglyphis_iberica_CASENT0745158,H0_body,coxa,9.539641552631771,8.333374310928209,-1.2062672417035625
Cataglyphis_iberica_CASENT0745158,H0_body,leg_distal,35.679524691597344,34.17852308400497,-1.5010016075923716
Cataglyphis_iberica_CASENT0745158,H0_body,leg_proximal,37.26870576907064,29.417668927793994,-7.851036841276649
Cataglyphis_iberica_CASENT0745158,H0_body,mandible,48.803774379006434,17.425327996826113,-31.37844638218032
Cataglyphis_iberica_CASENT0745158,H1_legs,antenna,50.24108629547029,50.47000551571217,0.2289192202418775
Cataglyphis_iberica_CASENT0745158,H1_legs,body_axis,39.37663243845713,26.150785710862564,-13.225846727594565
Cataglyphis_iberica_CASENT0745158,H1_legs,coxa,11.125896804453042,8.146877998049144,-2.9790188064038983
Cataglyphis_iberica_CASENT0745158,H1_legs,leg_distal,29.776091460096154,27.29765425626121,-2.478437203834943
Cataglyphis_iberica_CASENT0745158,H1_legs,leg_proximal,17.110703018791032,20.432922738057876,3.322219719266844
Cataglyphis_iberica_CASENT0745158,H1_legs,mandible,51.02233917513106,17.49024346619974,-33.53209570893132
Cataglyphis_iberica_CASENT0745158,H2_joint,antenna,55.39935907140423,51.597511428230256,-3.8018476431739714
Cataglyphis_iberica_CASENT0745158,H2_joint,body_axis,36.70939481180496,24.15520231738417,-12.554192494420793
Cataglyphis_iberica_CASENT0745158,H2_joint,coxa,13.111901362307643,7.685853619747522,-5.4260477425601215
Cataglyphis_iberica_CASENT0745158,H2_joint,leg_distal,30.014120825907757,26.37065806290161,-3.643462763006145
Cataglyphis_iberica_CASENT0745158,H2_joint,leg_proximal,15.658933182184702,21.23549311088368,5.576559928698979
Cataglyphis_iberica_CASENT0745158,H2_joint,mandible,52.92285910088133,18.74785423978516,-34.17500486109617
Cataglyphis_iberica_CASENT0745158,Stage_2_deform_coarse,antenna,55.52568607235653,52.92940291684021,-2.5962831555163177
Cataglyphis_iberica_CASENT0745158,Stage_2_deform_coarse,body_axis,41.55516575784026,22.99037312532616,-18.5647926325141
Cataglyphis_iberica_CASENT0745158,Stage_2_deform_coarse,coxa,11.612525500386047,7.781137880119087,-3.83138762026696
Cataglyphis_iberica_CASENT0745158,Stage_2_deform_coarse,leg_distal,28.77032521744088,30.850981431659807,2.0806562142189264
Cataglyphis_iberica_CASENT0745158,Stage_2_deform_coarse,leg_proximal,6.727725806814678,19.046335934717206,12.318610127902527
Cataglyphis_iberica_CASENT0745158,Stage_2_deform_coarse,mandible,53.054909887243916,22.732581439779477,-30.32232844746444
Cataglyphis_iberica_CASENT0745158,Stage_3_deform_fine,antenna,55.19768756212097,54.1700421008231,-1.0276454612978654
Cataglyphis_iberica_CASENT0745158,Stage_3_deform_fine,body_axis,42.260887860857444,22.194934979883012,-20.065952880974432
Cataglyphis_iberica_CASENT0745158,Stage_3_deform_fine,coxa,11.564094722480755,7.62661182565433,-3.937482896826425
Cataglyphis_iberica_CASENT0745158,Stage_3_deform_fine,leg_distal,26.776679735842976,33.32781623404574,6.551136498202766
Cataglyphis_iberica_CASENT0745158,Stage_3_deform_fine,leg_proximal,7.287671912958165,19.325838049882158,12.038166136923994
Cataglyphis_iberica_CASENT0745158,Stage_3_deform_fine,mandible,53.69469229953057,23.5243868791691,-30.170305420361473
Cephalotes_atratus_CASENT0744612,H0_body,body_axis,62.651727432194726,54.2211610680672,-8.430566364127529
Cephalotes_atratus_CASENT0744612,H0_body,coxa,25.54469859213862,27.397190605715156,1.852492013576537
Cephalotes_atratus_CASENT0744612,H0_body,leg_distal,72.95546571003167,83.77775808075626,10.822292370724583
Cephalotes_atratus_CASENT0744612,H0_body,leg_proximal,43.965958298035446,53.97061439296223,10.004656094926787
Cephalotes_atratus_CASENT0744612,H0_body,mandible,42.461908671710425,36.72374594619644,-5.7381627255139875
Cephalotes_atratus_CASENT0744612,H1_legs,body_axis,53.838158097007515,53.89142717672928,0.05326907972176542
Cephalotes_atratus_CASENT0744612,H1_legs,coxa,18.066292279081626,23.238008396800524,5.171716117718898
Cephalotes_atratus_CASENT0744612,H1_legs,leg_distal,46.86390145468758,84.09596333459348,37.2320618799059
Cephalotes_atratus_CASENT0744612,H1_legs,leg_proximal,18.74818438512925,33.71743848963085,14.969254104501601
Cephalotes_atratus_CASENT0744612,H1_legs,mandible,40.08490374895211,37.31734321280274,-2.767560536149368
Cephalotes_atratus_CASENT0744612,H2_joint,body_axis,44.41146280082527,54.033431056883394,9.621968256058125
Cephalotes_atratus_CASENT0744612,H2_joint,coxa,19.314680708736326,22.656644255948137,3.3419635472118117
Cephalotes_atratus_CASENT0744612,H2_joint,leg_distal,51.192066176610616,84.57286931785963,33.38080314124901
Cephalotes_atratus_CASENT0744612,H2_joint,leg_proximal,17.92853506602033,32.04694710659623,14.118412040575897
Cephalotes_atratus_CASENT0744612,H2_joint,mandible,36.604718090243814,38.78316907333427,2.178450983090457
Cephalotes_atratus_CASENT0744612,Stage_2_deform_coarse,body_axis,40.29949842124543,63.05345114477864,22.75395272353321
Cephalotes_atratus_CASENT0744612,Stage_2_deform_coarse,coxa,12.72053657254107,39.852038439525195,27.131501866984124
Cephalotes_atratus_CASENT0744612,Stage_2_deform_coarse,leg_distal,57.577098603515246,107.40013400705782,49.82303540354257
Cephalotes_atratus_CASENT0744612,Stage_2_deform_coarse,leg_proximal,12.764003686935268,38.00678570118834,25.242782014253073
Cephalotes_atratus_CASENT0744612,Stage_2_deform_coarse,mandible,39.87908985261048,57.17664594651175,17.29755609390127
Cephalotes_atratus_CASENT0744612,Stage_3_deform_fine,body_axis,37.6889198543573,66.96132705615253,29.272407201795225
Cephalotes_atratus_CASENT0744612,Stage_3_deform_fine,coxa,13.118819203345957,43.695675988773154,30.576856785427196
Cephalotes_atratus_CASENT0744612,Stage_3_deform_fine,leg_distal,56.27795280763302,110.34087153967108,54.062918732038064
Cephalotes_atratus_CASENT0744612,Stage_3_deform_fine,leg_proximal,12.876055656133405,38.77404934313836,25.897993687004956
Cephalotes_atratus_CASENT0744612,Stage_3_deform_fine,mandible,37.57863888881948,65.56850409113609,27.989865202316615
Cyphomyrmex_major_CASENT0745147,H0_body,antenna,36.28932421721952,32.259684521724765,-4.029639695494758
Cyphomyrmex_major_CASENT0745147,H0_body,body_axis,34.6915510287726,23.349431702682462,-11.342119326090138
Cyphomyrmex_major_CASENT0745147,H0_body,coxa,28.342531141805637,16.533280711375596,-11.80925043043004
Cyphomyrmex_major_CASENT0745147,H0_body,leg_distal,61.93927434097392,62.761021703223584,0.8217473622496669
Cyphomyrmex_major_CASENT0745147,H0_body,leg_proximal,33.26715032485412,30.86232593229551,-2.404824392558613
Cyphomyrmex_major_CASENT0745147,H0_body,mandible,23.05481754193075,34.61527670911253,11.56045916718178
Cyphomyrmex_major_CASENT0745147,H1_legs,antenna,37.23145660810317,33.68115352842583,-3.5503030796773416
Cyphomyrmex_major_CASENT0745147,H1_legs,body_axis,33.88774160093627,23.26940631282135,-10.618335288114924
Cyphomyrmex_major_CASENT0745147,H1_legs,coxa,20.80829591457925,8.783522644931177,-12.024773269648074
Cyphomyrmex_major_CASENT0745147,H1_legs,leg_distal,31.527865851954733,33.45642793677175,1.9285620848170204
Cyphomyrmex_major_CASENT0745147,H1_legs,leg_proximal,22.580215429780143,11.604972372156334,-10.975243057623809
Cyphomyrmex_major_CASENT0745147,H1_legs,mandible,26.646252665801807,37.14675762397666,10.500504958174854
Cyphomyrmex_major_CASENT0745147,H2_joint,antenna,40.70453078332826,33.255347768791374,-7.449183014536885
Cyphomyrmex_major_CASENT0745147,H2_joint,body_axis,30.479630761850576,22.473623472464386,-8.00600728938619
Cyphomyrmex_major_CASENT0745147,H2_joint,coxa,16.491876186592883,8.23254245051228,-8.259333736080603
Cyphomyrmex_major_CASENT0745147,H2_joint,leg_distal,31.45409434367906,29.38600226217459,-2.0680920815044708
Cyphomyrmex_major_CASENT0745147,H2_joint,leg_proximal,18.87048727775726,12.314197163799747,-6.5562901139575125
Cyphomyrmex_major_CASENT0745147,H2_joint,mandible,26.022860159881834,37.02069986209115,10.997839702209316
Cyphomyrmex_major_CASENT0745147,Stage_2_deform_coarse,antenna,50.8338543446803,48.89084555201108,-1.943008792669218
Cyphomyrmex_major_CASENT0745147,Stage_2_deform_coarse,body_axis,23.923587206994256,20.778022155086354,-3.1455650519079015
Cyphomyrmex_major_CASENT0745147,Stage_2_deform_coarse,coxa,16.8949757920651,14.587506242790596,-2.3074695492745043
Cyphomyrmex_major_CASENT0745147,Stage_2_deform_coarse,leg_distal,32.506654062983884,48.819634374951626,16.312980311967742
Cyphomyrmex_major_CASENT0745147,Stage_2_deform_coarse,leg_proximal,18.356968289714267,11.93975444099992,-6.417213848714347
Cyphomyrmex_major_CASENT0745147,Stage_2_deform_coarse,mandible,22.763444570443223,36.3897642115254,13.62631964108218
Cyphomyrmex_major_CASENT0745147,Stage_3_deform_fine,antenna,51.722643456988145,48.12783782818287,-3.5948056288052754
Cyphomyrmex_major_CASENT0745147,Stage_3_deform_fine,body_axis,24.069442652832212,20.45555294397401,-3.6138897088582027
Cyphomyrmex_major_CASENT0745147,Stage_3_deform_fine,coxa,16.443895626448278,14.873049737035714,-1.5708458894125634
Cyphomyrmex_major_CASENT0745147,Stage_3_deform_fine,leg_distal,31.43008348674789,51.642259499046475,20.212176012298585
Cyphomyrmex_major_CASENT0745147,Stage_3_deform_fine,leg_proximal,19.443554002972395,12.09175447639741,-7.351799526574984
Cyphomyrmex_major_CASENT0745147,Stage_3_deform_fine,mandible,25.81768127533724,35.251521681600465,9.433840406263226
Discothyrea_patrizii_CASENT0744991,H0_body,antenna,74.16673513038428,48.67735900928654,-25.48937612109774
Discothyrea_patrizii_CASENT0744991,H0_body,body_axis,40.57019911626224,28.388853995628065,-12.181345120634173
Discothyrea_patrizii_CASENT0744991,H0_body,coxa,20.383265305583702,11.343858655544716,-9.039406650038986
Discothyrea_patrizii_CASENT0744991,H0_body,leg_distal,78.8107243573083,73.80685753345536,-5.003866823852945
Discothyrea_patrizii_CASENT0744991,H0_body,leg_proximal,21.438570346746534,27.996436019123788,6.557865672377254
Discothyrea_patrizii_CASENT0744991,H0_body,mandible,61.385033177687035,36.05867642917453,-25.326356748512502
Discothyrea_patrizii_CASENT0744991,H1_legs,antenna,75.98929659815296,48.299913422248316,-27.689383175904645
Discothyrea_patrizii_CASENT0744991,H1_legs,body_axis,36.05596894452193,29.036048472730993,-7.019920471790936
Discothyrea_patrizii_CASENT0744991,H1_legs,coxa,14.137632339793045,9.033793701303908,-5.103838638489137
Discothyrea_patrizii_CASENT0744991,H1_legs,leg_distal,62.39692484218397,61.52795048069074,-0.8689743614932297
Discothyrea_patrizii_CASENT0744991,H1_legs,leg_proximal,13.133812054017445,16.591478432274155,3.457666378256709
Discothyrea_patrizii_CASENT0744991,H1_legs,mandible,60.16623964757735,37.06664275156245,-23.0995968960149
Discothyrea_patrizii_CASENT0744991,H2_joint,antenna,80.2886140717013,51.352295885731785,-28.93631818596952
Discothyrea_patrizii_CASENT0744991,H2_joint,body_axis,34.61619688787275,31.203080827483934,-3.4131160603888198
Discothyrea_patrizii_CASENT0744991,H2_joint,coxa,13.22665049224925,9.36263796570384,-3.8640125265454106
Discothyrea_patrizii_CASENT0744991,H2_joint,leg_distal,64.29922522046857,61.35178565616184,-2.947439564306734
Discothyrea_patrizii_CASENT0744991,H2_joint,leg_proximal,15.297986109139613,17.650534112430147,2.3525480032905346
Discothyrea_patrizii_CASENT0744991,H2_joint,mandible,59.79671598748137,36.98342789799823,-22.813288089483137
Discothyrea_patrizii_CASENT0744991,Stage_2_deform_coarse,antenna,83.58532830011994,52.58717447622812,-30.99815382389182
Discothyrea_patrizii_CASENT0744991,Stage_2_deform_coarse,body_axis,45.62051717549571,39.11235856181981,-6.508158613675903
Discothyrea_patrizii_CASENT0744991,Stage_2_deform_coarse,coxa,5.507354340476877,12.571639853070854,7.064285512593977
Discothyrea_patrizii_CASENT0744991,Stage_2_deform_coarse,leg_distal,72.55448833085126,67.38082552335906,-5.173662807492192
Discothyrea_patrizii_CASENT0744991,Stage_2_deform_coarse,leg_proximal,12.051685334470172,28.188694155971067,16.137008821500896
Discothyrea_patrizii_CASENT0744991,Stage_2_deform_coarse,mandible,61.02116140899087,56.964361074978335,-4.056800334012536
Discothyrea_patrizii_CASENT0744991,Stage_3_deform_fine,antenna,85.50976064331286,56.84768889174622,-28.662071751566636
Discothyrea_patrizii_CASENT0744991,Stage_3_deform_fine,body_axis,46.05692997883441,40.683416683817434,-5.373513295016977
Discothyrea_patrizii_CASENT0744991,Stage_3_deform_fine,coxa,5.782377329766663,12.37023258904533,6.587855259278666
Discothyrea_patrizii_CASENT0744991,Stage_3_deform_fine,leg_distal,71.58185567280388,75.74484122256187,4.162985549757991
Discothyrea_patrizii_CASENT0744991,Stage_3_deform_fine,leg_proximal,10.653118728213487,27.13836541524132,16.485246687027832
Discothyrea_patrizii_CASENT0744991,Stage_3_deform_fine,mandible,61.88726567034974,61.50289016588217,-0.3843755044675703
Eciton_burchellii_CASENT0744558,H0_body,antenna,51.735527755349956,79.82264197563202,28.087114220282068
Eciton_burchellii_CASENT0744558,H0_body,body_axis,81.99653254828314,47.001124536569385,-34.99540801171376
Eciton_burchellii_CASENT0744558,H0_body,coxa,53.18781283821533,33.436488573570024,-19.751324264645305
Eciton_burchellii_CASENT0744558,H0_body,leg_distal,137.5863107669702,60.543835591100425,-77.04247517586978
Eciton_burchellii_CASENT0744558,H0_body,leg_proximal,77.5992878251867,55.14651921844919,-22.452768606737514
Eciton_burchellii_CASENT0744558,H0_body,mandible,49.68767802893328,18.95820856487946,-30.729469464053818
Eciton_burchellii_CASENT0744558,H1_legs,antenna,45.81641356771339,80.90427116833747,35.08785760062408
Eciton_burchellii_CASENT0744558,H1_legs,body_axis,79.14480340776491,46.08370792995021,-33.0610954778147
Eciton_burchellii_CASENT0744558,H1_legs,coxa,52.89815469264372,31.160752498133018,-21.737402194510704
Eciton_burchellii_CASENT0744558,H1_legs,leg_distal,145.20887186988315,63.56749164138884,-81.64138022849431
Eciton_burchellii_CASENT0744558,H1_legs,leg_proximal,65.0477219460666,42.67819879317964,-22.369523152886963
Eciton_burchellii_CASENT0744558,H1_legs,mandible,46.74028889694056,19.807043812285336,-26.933245084655226
Eciton_burchellii_CASENT0744558,H2_joint,antenna,46.36432079337515,76.70241992554065,30.338099132165503
Eciton_burchellii_CASENT0744558,H2_joint,body_axis,77.78204391075681,46.21439665353633,-31.56764725722048
Eciton_burchellii_CASENT0744558,H2_joint,coxa,53.02779003778645,30.526087412153345,-22.501702625633108
Eciton_burchellii_CASENT0744558,H2_joint,leg_distal,145.01078474278765,63.17929786025382,-81.83148688253382
Eciton_burchellii_CASENT0744558,H2_joint,leg_proximal,65.97523124568578,39.26467669741248,-26.710554548273294
Eciton_burchellii_CASENT0744558,H2_joint,mandible,46.1285893626469,20.214571305536122,-25.914018057110777
Eciton_burchellii_CASENT0744558,Stage_2_deform_coarse,antenna,52.37634585165801,79.17761667619028,26.801270824532274
Eciton_burchellii_CASENT0744558,Stage_2_deform_coarse,body_axis,75.45175502832,41.183582330727326,-34.26817269759267
Eciton_burchellii_CASENT0744558,Stage_2_deform_coarse,coxa,58.965450818916196,28.103450209180263,-30.862000609735933
Eciton_burchellii_CASENT0744558,Stage_2_deform_coarse,leg_distal,156.60635452086515,76.46419008785291,-80.14216443301224
Eciton_burchellii_CASENT0744558,Stage_2_deform_coarse,leg_proximal,70.23912916617705,54.65974339898878,-15.57938576718827
Eciton_burchellii_CASENT0744558,Stage_2_deform_coarse,mandible,49.986430049100505,13.598637294815125,-36.38779275428538
Eciton_burchellii_CASENT0744558,Stage_3_deform_fine,antenna,54.651899906332034,82.02159397858206,27.369694072250027
Eciton_burchellii_CASENT0744558,Stage_3_deform_fine,body_axis,75.59224408570489,41.71675669224762,-33.87548739345727
Eciton_burchellii_CASENT0744558,Stage_3_deform_fine,coxa,56.00640584669782,29.052199418571558,-26.95420642812626
Eciton_burchellii_CASENT0744558,Stage_3_deform_fine,leg_distal,157.53501147735687,72.57317093703851,-84.96184054031836
Eciton_burchellii_CASENT0744558,Stage_3_deform_fine,leg_proximal,71.40304583892232,54.31332516063094,-17.089720678291386
Eciton_burchellii_CASENT0744558,Stage_3_deform_fine,mandible,50.70006207154366,14.150326361253102,-36.54973571029056
Formica_cf.fusca_CASENT0878139,H0_body,antenna,40.262853167352674,9.485252437823583,-30.77760072952909
Formica_cf.fusca_CASENT0878139,H0_body,body_axis,29.92223606634957,21.36694170857356,-8.55529435777601
Formica_cf.fusca_CASENT0878139,H0_body,coxa,13.770424715867938,18.379106537551777,4.60868182168384
Formica_cf.fusca_CASENT0878139,H0_body,leg_distal,124.84893089365455,38.972844971269375,-85.87608592238519
Formica_cf.fusca_CASENT0878139,H0_body,leg_proximal,36.65741551267323,31.678588437810912,-4.97882707486232
Formica_cf.fusca_CASENT0878139,H0_body,mandible,16.00320120614445,16.730101602143623,0.7269003959991736
Formica_cf.fusca_CASENT0878139,H1_legs,antenna,37.404606400776224,11.18163839092655,-26.222968009849673
Formica_cf.fusca_CASENT0878139,H1_legs,body_axis,27.28556483243322,19.933456237859875,-7.352108594573345
Formica_cf.fusca_CASENT0878139,H1_legs,coxa,17.986536967331187,7.951006879462078,-10.035530087869109
Formica_cf.fusca_CASENT0878139,H1_legs,leg_distal,118.22715849643917,13.502168542525274,-104.7249899539139
Formica_cf.fusca_CASENT0878139,H1_legs,leg_proximal,12.59225560364172,10.672566009707436,-1.919689593934283
Formica_cf.fusca_CASENT0878139,H1_legs,mandible,17.54317963224298,18.820345656998498,1.2771660247555197
Formica_cf.fusca_CASENT0878139,H2_joint,antenna,34.65030038228375,12.376995177179523,-22.27330520510423
Formica_cf.fusca_CASENT0878139,H2_joint,body_axis,22.777312913133812,20.172358072088258,-2.6049548410455543
Formica_cf.fusca_CASENT0878139,H2_joint,coxa,17.387849021066632,7.220735186200298,-10.167113834866335
Formica_cf.fusca_CASENT0878139,H2_joint,leg_distal,119.05906490990871,12.142598937555393,-106.91646597235332
Formica_cf.fusca_CASENT0878139,H2_joint,leg_proximal,13.202557659655753,11.253202031401807,-1.9493556282539455
Formica_cf.fusca_CASENT0878139,H2_joint,mandible,14.554023921747188,17.8672717279687,3.3132478062215114
Formica_cf.fusca_CASENT0878139,Stage_2_deform_coarse,antenna,62.92032840799137,11.894414391464936,-51.025914016526436
Formica_cf.fusca_CASENT0878139,Stage_2_deform_coarse,body_axis,20.126349778026064,18.770191507622204,-1.35615827040386
Formica_cf.fusca_CASENT0878139,Stage_2_deform_coarse,coxa,10.911581069432318,9.494389654789403,-1.4171914146429145
Formica_cf.fusca_CASENT0878139,Stage_2_deform_coarse,leg_distal,110.85652494914915,14.39120066862032,-96.46532428052883
Formica_cf.fusca_CASENT0878139,Stage_2_deform_coarse,leg_proximal,25.281563248003835,10.150090357719229,-15.131472890284606
Formica_cf.fusca_CASENT0878139,Stage_2_deform_coarse,mandible,10.13384727852768,16.154294021670314,6.020446743142633
Formica_cf.fusca_CASENT0878139,Stage_3_deform_fine,antenna,67.45272232342262,18.195313233756448,-49.25740908966617
Formica_cf.fusca_CASENT0878139,Stage_3_deform_fine,body_axis,19.253811799484883,18.080012302649266,-1.173799496835617
Formica_cf.fusca_CASENT0878139,Stage_3_deform_fine,coxa,9.981058754750327,9.26239134073905,-0.7186674140112768
Formica_cf.fusca_CASENT0878139,Stage_3_deform_fine,leg_distal,109.58518022263847,15.046839668880438,-94.53834055375803
Formica_cf.fusca_CASENT0878139,Stage_3_deform_fine,leg_proximal,28.234254186282396,11.053755272192461,-17.180498914089934
Formica_cf.fusca_CASENT0878139,Stage_3_deform_fine,mandible,8.840720453763856,15.344212206804945,6.503491753041089
Gigantiops_destructor_CASENT0745031,H0_body,antenna,32.517664229753784,59.45598225545327,26.938318025699488
Gigantiops_destructor_CASENT0745031,H0_body,body_axis,29.04337642170187,21.86990974829791,-7.173466673403958
Gigantiops_destructor_CASENT0745031,H0_body,coxa,18.65702467812423,23.34804313332084,4.691018455196609
Gigantiops_destructor_CASENT0745031,H0_body,leg_distal,77.39777606006591,59.616782688319596,-17.780993371746312
Gigantiops_destructor_CASENT0745031,H0_body,leg_proximal,37.0477099375485,30.5324620493753,-6.515247888173196
Gigantiops_destructor_CASENT0745031,H0_body,mandible,18.004569131184052,9.671585243408975,-8.332983887775077
Gigantiops_destructor_CASENT0745031,H1_legs,antenna,39.08407638907149,59.93790152772508,20.85382513865359
Gigantiops_destructor_CASENT0745031,H1_legs,body_axis,25.6063843019185,18.317232807318142,-7.2891514946003575
Gigantiops_destructor_CASENT0745031,H1_legs,coxa,16.25528684962114,20.132008246054394,3.876721396433254
Gigantiops_destructor_CASENT0745031,H1_legs,leg_distal,41.17046501189844,28.516596405245384,-12.65386860665306
Gigantiops_destructor_CASENT0745031,H1_legs,leg_proximal,21.594082157072393,13.477771079668479,-8.116311077403914
Gigantiops_destructor_CASENT0745031,H1_legs,mandible,19.501579427884575,11.164181015424665,-8.33739841245991
Gigantiops_destructor_CASENT0745031,H2_joint,antenna,36.20459597715776,54.74536165322314,18.540765676065384
Gigantiops_destructor_CASENT0745031,H2_joint,body_axis,25.50401228517252,17.40773325054305,-8.096279034629472
Gigantiops_destructor_CASENT0745031,H2_joint,coxa,14.692044947191755,20.432419480584624,5.740374533392869
Gigantiops_destructor_CASENT0745031,H2_joint,leg_distal,41.04911525641079,30.02187663250937,-11.027238623901422
Gigantiops_destructor_CASENT0745031,H2_joint,leg_proximal,19.59148881877334,11.553686017842045,-8.037802800931294
Gigantiops_destructor_CASENT0745031,H2_joint,mandible,20.91591525495475,11.843091595666541,-9.07282365928821
Gigantiops_destructor_CASENT0745031,Stage_2_deform_coarse,antenna,19.607310358282067,53.70760850157731,34.10029814329525
Gigantiops_destructor_CASENT0745031,Stage_2_deform_coarse,body_axis,22.5902386254795,19.2708197145362,-3.319418910943302
Gigantiops_destructor_CASENT0745031,Stage_2_deform_coarse,coxa,7.5349974932383965,19.336823893622967,11.80182640038457
Gigantiops_destructor_CASENT0745031,Stage_2_deform_coarse,leg_distal,43.162380594290966,41.23743287630068,-1.9249477179902854
Gigantiops_destructor_CASENT0745031,Stage_2_deform_coarse,leg_proximal,13.654652755014487,11.373286279001803,-2.2813664760126837
Gigantiops_destructor_CASENT0745031,Stage_2_deform_coarse,mandible,7.847031451576197,10.308589713025611,2.4615582614494143
Gigantiops_destructor_CASENT0745031,Stage_3_deform_fine,antenna,19.16042088079679,52.57035631140241,33.40993543060563
Gigantiops_destructor_CASENT0745031,Stage_3_deform_fine,body_axis,23.47579195628182,19.350362788398368,-4.125429167883453
Gigantiops_destructor_CASENT0745031,Stage_3_deform_fine,coxa,5.840422856700605,19.241113743858502,13.400690887157896
Gigantiops_destructor_CASENT0745031,Stage_3_deform_fine,leg_distal,41.889586082309535,41.73658497893333,-0.1530011033762051
Gigantiops_destructor_CASENT0745031,Stage_3_deform_fine,leg_proximal,12.532270858305816,11.922110704208011,-0.6101601540978052
Gigantiops_destructor_CASENT0745031,Stage_3_deform_fine,mandible,7.928078157241058,9.648631284117565,1.7205531268765073
Leptogenys_peuqueti_CASENT0741327,H0_body,antenna,110.96872836765215,85.7556450304147,-25.21308333723745
Leptogenys_peuqueti_CASENT0741327,H0_body,body_axis,39.72546318009619,43.2025101167348,3.477046936638608
Leptogenys_peuqueti_CASENT0741327,H0_body,coxa,16.78516294228034,14.859026142858262,-1.9261367994220784
Leptogenys_peuqueti_CASENT0741327,H0_body,leg_distal,133.29282917495988,104.04667579863178,-29.246153376328095
Leptogenys_peuqueti_CASENT0741327,H0_body,leg_proximal,34.207320349879105,35.693440717485025,1.4861203676059205
Leptogenys_peuqueti_CASENT0741327,H0_body,mandible,47.328476047752694,44.4556715448654,-2.8728045028872913
Leptogenys_peuqueti_CASENT0741327,H1_legs,antenna,121.02655529601411,80.11991210511933,-40.90664319089478
Leptogenys_peuqueti_CASENT0741327,H1_legs,body_axis,51.573915279690596,42.4538879682302,-9.120027311460397
Leptogenys_peuqueti_CASENT0741327,H1_legs,coxa,22.688936121371338,18.51980194000803,-4.169134181363308
Leptogenys_peuqueti_CASENT0741327,H1_legs,leg_distal,72.30779658304773,105.43416659190275,33.12637000885502
Leptogenys_peuqueti_CASENT0741327,H1_legs,leg_proximal,33.375473755791795,26.450225801068154,-6.925247954723641
Leptogenys_peuqueti_CASENT0741327,H1_legs,mandible,56.569563540875045,47.64209594406822,-8.927467596806828
Leptogenys_peuqueti_CASENT0741327,H2_joint,antenna,126.36893687991206,89.90699386329514,-36.461943016616914
Leptogenys_peuqueti_CASENT0741327,H2_joint,body_axis,54.57616225307942,43.12132416893843,-11.454838084140988
Leptogenys_peuqueti_CASENT0741327,H2_joint,coxa,19.886214987879374,18.908859257167492,-0.9773557307118814
Leptogenys_peuqueti_CASENT0741327,H2_joint,leg_distal,74.97756607977654,106.50760636157615,31.530040281799614
Leptogenys_peuqueti_CASENT0741327,H2_joint,leg_proximal,26.7391761579529,26.811219156818222,0.07204299886532084
Leptogenys_peuqueti_CASENT0741327,H2_joint,mandible,56.743493919535986,48.64250725025935,-8.100986669276637
Leptogenys_peuqueti_CASENT0741327,Stage_2_deform_coarse,antenna,91.6954117463884,89.95906001392682,-1.7363517324615856
Leptogenys_peuqueti_CASENT0741327,Stage_2_deform_coarse,body_axis,44.220279395358155,44.21506908362834,-0.0052103117298116786
Leptogenys_peuqueti_CASENT0741327,Stage_2_deform_coarse,coxa,15.573363702080188,15.060038743415143,-0.513324958665045
Leptogenys_peuqueti_CASENT0741327,Stage_2_deform_coarse,leg_distal,70.63348625093086,101.97540657795207,31.341920327021214
Leptogenys_peuqueti_CASENT0741327,Stage_2_deform_coarse,leg_proximal,29.719176119231065,24.950489334099824,-4.768686785131241
Leptogenys_peuqueti_CASENT0741327,Stage_2_deform_coarse,mandible,42.31038818622721,36.459871496541524,-5.8505166896856835
Leptogenys_peuqueti_CASENT0741327,Stage_3_deform_fine,antenna,91.49436233361246,93.72404767921921,2.229685345606754
Leptogenys_peuqueti_CASENT0741327,Stage_3_deform_fine,body_axis,44.85572669716368,44.28098665277381,-0.5747400443898698
Leptogenys_peuqueti_CASENT0741327,Stage_3_deform_fine,coxa,16.07993796556323,15.812544884158875,-0.2673930814043537
Leptogenys_peuqueti_CASENT0741327,Stage_3_deform_fine,leg_distal,71.30341501186125,101.26675472390758,29.963339712046334
Leptogenys_peuqueti_CASENT0741327,Stage_3_deform_fine,leg_proximal,29.720197745688044,24.99482472738487,-4.7253730183031735
Leptogenys_peuqueti_CASENT0741327,Stage_3_deform_fine,mandible,42.80605581046516,34.10603347760316,-8.700022332861998
Odontomachus_bauri_CASENT0878072,H0_body,antenna,81.32910418803381,77.11972375424104,-4.209380433792774
Odontomachus_bauri_CASENT0878072,H0_body,body_axis,23.214420898217863,21.264380248810912,-1.9500406494069509
Odontomachus_bauri_CASENT0878072,H0_body,coxa,29.766790109103244,24.477820041044854,-5.28897006805839
Odontomachus_bauri_CASENT0878072,H0_body,leg_distal,103.79523590510728,94.80946703945558,-8.985768865651693
Odontomachus_bauri_CASENT0878072,H0_body,leg_proximal,36.86442656439798,32.54760537738414,-4.3168211870138435
Odontomachus_bauri_CASENT0878072,H0_body,mandible,32.643325033772804,31.963582931146775,-0.6797421026260295
Odontomachus_bauri_CASENT0878072,H1_legs,antenna,82.2729174966744,75.74983741451194,-6.523080082162451
Odontomachus_bauri_CASENT0878072,H1_legs,body_axis,22.911542548231893,21.39129190404935,-1.5202506441825427
Odontomachus_bauri_CASENT0878072,H1_legs,coxa,25.485412795262274,17.781131470793998,-7.704281324468276
Odontomachus_bauri_CASENT0878072,H1_legs,leg_distal,94.92004730565382,90.58411174076984,-4.335935564883982
Odontomachus_bauri_CASENT0878072,H1_legs,leg_proximal,21.629017868170063,11.948347348066251,-9.680670520103812
Odontomachus_bauri_CASENT0878072,H1_legs,mandible,38.37183634304521,32.991999949446246,-5.379836393598964
Odontomachus_bauri_CASENT0878072,H2_joint,antenna,72.22322730249084,79.08435687880355,6.861129576312706
Odontomachus_bauri_CASENT0878072,H2_joint,body_axis,21.73339347244864,20.66953372758813,-1.0638597448605083
Odontomachus_bauri_CASENT0878072,H2_joint,coxa,24.939564540593704,16.67510269377691,-8.264461846816793
Odontomachus_bauri_CASENT0878072,H2_joint,leg_distal,94.68213835228919,90.0522417893837,-4.629896562905486
Odontomachus_bauri_CASENT0878072,H2_joint,leg_proximal,20.615053814068578,11.576511735662477,-9.0385420784061
Odontomachus_bauri_CASENT0878072,H2_joint,mandible,38.21079432505238,31.75163317041007,-6.459161154642313
Odontomachus_bauri_CASENT0878072,Stage_2_deform_coarse,antenna,76.69851016466173,76.51230394210157,-0.18620622256015906
Odontomachus_bauri_CASENT0878072,Stage_2_deform_coarse,body_axis,16.080287888685056,25.80194487921678,9.721656990531724
Odontomachus_bauri_CASENT0878072,Stage_2_deform_coarse,coxa,18.713097267701603,18.748773672537013,0.035676404835410125
Odontomachus_bauri_CASENT0878072,Stage_2_deform_coarse,leg_distal,89.43678870963042,95.51599166392482,6.079202954294402
Odontomachus_bauri_CASENT0878072,Stage_2_deform_coarse,leg_proximal,17.574317641546127,13.3867544138345,-4.187563227711626
Odontomachus_bauri_CASENT0878072,Stage_2_deform_coarse,mandible,22.155244976870737,30.48519530046997,8.329950323599235
Odontomachus_bauri_CASENT0878072,Stage_3_deform_fine,antenna,75.59472974719849,75.01256330728573,-0.5821664399127542
Odontomachus_bauri_CASENT0878072,Stage_3_deform_fine,body_axis,15.408293974124732,26.9604983293528,11.552204355228067
Odontomachus_bauri_CASENT0878072,Stage_3_deform_fine,coxa,16.391558900004103,19.695726245060808,3.3041673450567046
Odontomachus_bauri_CASENT0878072,Stage_3_deform_fine,leg_distal,88.71878948338069,94.37306341279401,5.654273929413321
Odontomachus_bauri_CASENT0878072,Stage_3_deform_fine,leg_proximal,15.423534341385713,16.039643474425088,0.6161091330393749
Odontomachus_bauri_CASENT0878072,Stage_3_deform_fine,mandible,20.80123303161651,30.032346752930597,9.231113721314088
