specimen,stage,chamfer_l2,chamfer_l2_sd_sampling,fscore@0.01,fscore@0.01_sd_sampling,fscore@0.01bboxdiag,pen_hard_triples,pen_soft,pen_gaster_legs_hard,pen_unique_verts,gwn_gaster_legs_inside,rank_chamfer_of20,rank_fscore_of20
01,init,0.005576231144368648,5.57869634644414e-05,0.15642711520195007,0.0009433579339692522,0.37443140149116516,18.0,16.904605865478516,0.0,18,0.0,1,13
02,init,0.009182125329971313,7.385003894518552e-05,0.18219034075737,0.001962253268269073,0.4285770654678345,18.0,16.904605865478516,0.0,18,0.0,13,8
03,init,0.007914143800735473,3.188677439469564e-05,0.20529932677745819,0.0017972530151215715,0.41368982195854187,18.0,16.904605865478516,0.0,18,0.0,6,5
04,init,0.007948756404221057,3.00283409403732e-05,0.15976889431476593,0.0020935208196110333,0.37087979912757874,18.0,16.904605865478516,0.0,18,0.0,7,12
05,init,0.008862247131764889,7.351207766290293e-05,0.11254449188709259,0.002028515495561949,0.37048718333244324,18.0,16.904605865478516,0.0,18,0.0,10,19
06,init,0.008177000284194946,4.7995673386095694e-05,0.17077309191226958,0.0010993632867386325,0.36651933193206787,18.0,16.904605865478516,0.0,18,0.0,8,9
07,init,0.006756053119897842,2.5351739807481282e-05,0.16468047201633454,0.0008261479742161047,0.39765456318855286,18.0,16.904605865478516,0.0,18,0.0,3,11
08,init,0.011465273797512054,6.0193594564835325e-05,0.15301740765571595,0.001956708171904887,0.3163694143295288,18.0,16.904605865478516,0.0,18,0.0,16,15
09,init,0.011849795654416084,4.682551545188872e-05,0.170480814576149,0.0022652373729407176,0.35093915462493896,18.0,16.904605865478516,0.0,18,0.0,17,10
10,init,0.013053878955543042,2.9628541866426795e-05,0.10986705273389816,0.000871486912666183,0.2513582408428192,18.0,16.904605865478516,0.0,18,0.0,19,20
11,init,0.00867965016514063,6.683393333081787e-05,0.12936644554138182,0.0007490228789021761,0.3185560405254364,18.0,16.904605865478516,0.0,18,0.0,9,17
12,init,0.012123963050544261,9.068850824052056e-05,0.1141255259513855,0.0012991312977335627,0.2741060256958008,18.0,16.904605865478516,0.0,18,0.0,18,18
13,init,0.013482892327010632,8.664827322631875e-05,0.1486089587211609,0.001298940102113809,0.3822087347507477,18.0,16.904605865478516,0.0,18,0.0,20,16
14,init,0.010866859927773476,9.843212353982055e-05,0.20410031080245972,0.0015830473941972315,0.41111594438552856,18.0,16.904605865478516,0.0,18,0.0,14,6
15,init,0.009111510589718819,4.8660946697113346e-05,0.24011787474155427,0.0017044776302412976,0.4721205532550812,18.0,16.904605865478516,0.0,18,0.0,12,2
16,init,0.007309560477733612,2.0185031616560506e-05,0.23338593542575836,0.0004927030485888676,0.45965951681137085,18.0,16.904605865478516,0.0,18,0.0,5,3
17,init,0.011208320781588555,4.6166114433971743e-05,0.18630585968494415,0.0014088707487319749,0.3885771632194519,18.0,16.904605865478516,0.0,18,0.0,15,7
18,init,0.008984273858368396,3.573197253371573e-05,0.24070723354816437,0.0011409616991264438,0.47968757152557373,18.0,16.904605865478516,0.0,18,0.0,11,1
19,init,0.006559862941503525,3.371760096026839e-05,0.15498754680156707,0.0012170906219929137,0.36134737730026245,18.0,16.904605865478516,0.0,18,0.0,2,14
20,init,0.007019839342683553,3.716055435611701e-05,0.2322234570980072,0.0013965719417951392,0.48682597279548645,18.0,16.904605865478516,0.0,18,0.0,4,4
01,H0_body,0.0004630170820746571,2.7112079618381086e-06,0.5439596891403198,0.002226126843634314,0.8812098503112793,49.0,46.772239685058594,0.0,49,0.0,4,1
02,H0_body,0.0006816718028858304,3.4784166394672796e-06,0.43684443831443787,0.0016330771980457121,0.8484954833984375,9.0,11.480324745178223,0.0,9,0.0,15,14
03,H0_body,0.0004262103058863431,2.402175977058205e-06,0.5239280939102173,0.0025204480975300845,0.8806514143943787,51.0,51.092376708984375,0.0,51,0.0,2,2
04,H0_body,0.00044447644613683225,4.1114222567933704e-06,0.5034897089004516,0.0017198384384783199,0.8731829524040222,52.0,55.95105743408203,0.0,52,0.0,3,6
05,H0_body,0.0006845386466011405,1.641250790076198e-05,0.4647150218486786,0.002001547033399022,0.8936677575111389,77.0,79.98709106445312,0.0,77,0.0,16,10
06,H0_body,0.00041170406620949507,1.4007860643354236e-06,0.5078292846679687,0.002119532875038374,0.8851838111877441,49.0,53.572296142578125,0.0,49,0.0,1,4
07,H0_body,0.0005399952991865575,2.736884568449928e-06,0.48526762127876283,0.001178517943082658,0.8858149647712708,92.0,88.22579956054688,0.0,92,0.0,10,8
08,H0_body,0.0005294110509566963,6.370421618934111e-06,0.4882060468196869,0.0017026755133154755,0.8090366125106812,62.0,56.197105407714844,0.0,62,0.0,9,7
09,H0_body,0.000509123201481998,4.635953559751582e-06,0.4635121822357178,0.001433118446805181,0.8509501814842224,39.0,40.565921783447266,0.0,39,0.0,6,12
10,H0_body,0.0007662670221179723,4.185645004671803e-06,0.37785638570785524,0.0009657064203145435,0.7421973943710327,370.0,389.40643310546875,50.0,321,0.0,20,19
11,H0_body,0.0006897812709212303,2.2072317483321633e-06,0.36276728510856626,0.002718486707404747,0.774479329586029,180.0,198.69898986816406,31.0,161,0.0,17,20
12,H0_body,0.0006982682505622506,3.416561934719965e-06,0.40502403378486634,0.0023276256779216045,0.7379943132400513,646.0,679.3504638671875,196.0,548,152.0,18,18
13,H0_body,0.0006045867456123232,4.374447556519165e-06,0.43275474905967715,0.001938891951643533,0.8323826789855957,83.0,87.21942138671875,0.0,83,0.0,12,17
14,H0_body,0.0006791221909224987,7.557868957788506e-06,0.43632441759109497,0.0017791147745433971,0.8221454620361328,501.0,564.437744140625,164.0,411,128.0,14,15
15,H0_body,0.0006116123287938536,2.0340888055595314e-06,0.46376296877861023,0.0015949889522179513,0.8481700420379639,68.0,71.36913299560547,0.0,68,0.0,13,11
16,H0_body,0.0005205241963267326,1.3170650661302935e-06,0.5037383675575257,0.001177275966455544,0.851069450378418,54.0,66.18733978271484,0.0,54,0.0,7,5
17,H0_body,0.0007439015666022897,2.9908122340178253e-06,0.4333030700683594,0.001361319116124246,0.7772903442382812,77.0,99.5396499633789,0.0,77,0.0,19,16
18,H0_body,0.0005233489442616701,1.5900147704344775e-06,0.46300058960914614,0.0033624608128062267,0.8353869318962097,65.0,80.14488983154297,0.0,65,0.0,8,13
19,H0_body,0.0004706119420006871,4.651960357149308e-06,0.5204636216163635,0.0017699149224086397,0.8669593334197998,45.0,55.254173278808594,0.0,45,0.0,5,3
20,H0_body,0.0005582803976722061,5.197661527633138e-06,0.46601064801216124,0.002983255063945216,0.8500684499740601,67.0,63.60911560058594,0.0,67,0.0,11,9
01,H1_legs,0.0002999956486746669,1.5706059883452093e-06,0.6560000419616699,0.0020120619629268783,0.9391700625419617,61.0,58.907928466796875,0.0,61,0.0,1,1
02,H1_legs,0.0007249629008583725,3.952710532686887e-06,0.4760890960693359,0.0019513044286184372,0.8285964727401733,16.0,17.004541397094727,0.0,16,0.0,10,17
03,H1_legs,0.0004215276974719018,2.188932274706669e-06,0.5619351744651795,0.002498422060283769,0.8920482397079468,42.0,46.40031433105469,0.0,41,0.0,2,4
04,H1_legs,0.0004456659662537277,1.1826956959278334e-06,0.562144935131073,0.0017601687253649648,0.8849993944168091,54.0,60.82914733886719,0.0,54,0.0,3,3
05,H1_legs,0.0006329344003461301,3.6437818351269847e-06,0.4951733410358429,0.0003078197978785987,0.8796794414520264,79.0,81.040283203125,0.0,79,0.0,7,14
06,H1_legs,0.000583995133638382,5.45950171908502e-06,0.5225732207298279,0.0028579820372909167,0.8468425869941711,42.0,46.980918884277344,0.0,42,0.0,4,11
07,H1_legs,0.0006127413129433989,1.6440233680376965e-06,0.5397691488265991,0.00160186852081299,0.8626455664634705,77.0,77.0816650390625,0.0,77,0.0,5,7
08,H1_legs,0.0006888348842039704,1.0241433806269944e-06,0.5593183994293213,0.0013306944457291147,0.7802109718322754,40.0,37.872169494628906,0.0,40,0.0,9,5
09,H1_legs,0.0006585202529095114,3.300908169489246e-06,0.5022180914878845,0.0021240747874101246,0.7950469851493835,35.0,38.06411361694336,0.0,35,0.0,8,13
10,H1_legs,0.0014491224195808173,4.695870776959409e-06,0.41812989115715027,0.001657974086974153,0.6438924074172974,65.0,65.10304260253906,0.0,65,0.0,20,19
11,H1_legs,0.0012839444214478135,9.336193773905943e-06,0.4127023994922638,0.0020210898896633337,0.6586506962776184,103.0,98.2724380493164,2.0,103,0.0,19,20
12,H1_legs,0.0011278188554570078,5.234382259208647e-06,0.4475669741630554,0.0018993187334903371,0.6569526791572571,484.0,490.95159912109375,106.0,410,67.0,18,18
13,H1_legs,0.0010415553580969573,3.3430606546050945e-06,0.4867240905761719,0.0015829699713684356,0.7493513226509094,51.0,52.79078674316406,0.0,51,0.0,17,16
14,H1_legs,0.0009453835897147656,6.682022998171771e-06,0.5172208905220032,0.0017631739399308784,0.7729907631874084,37.0,42.77520751953125,0.0,37,0.0,16,12
15,H1_legs,0.0007867052569054067,2.8216019258265753e-06,0.5367676138877868,0.0016790827196296902,0.8252484798431396,68.0,67.04570007324219,0.0,68,0.0,13,8
16,H1_legs,0.0008236635010689497,1.3692698471861517e-06,0.5327223777770996,0.001354354035207705,0.7781575918197632,42.0,47.236270904541016,0.0,42,0.0,14,9
17,H1_legs,0.0008652266813442111,5.457048393370712e-06,0.4928702414035797,0.0020977197191689744,0.7706118226051331,51.0,58.192562103271484,0.0,50,0.0,15,15
18,H1_legs,0.0007664795964956283,6.329801366270775e-06,0.5522210240364075,0.0029418426233254807,0.777097225189209,40.0,48.91730499267578,0.0,40,0.0,12,6
19,H1_legs,0.0006298757274635136,1.8618955637091413e-06,0.5655659794807434,0.0015397630110022327,0.8455895185470581,49.0,53.12207794189453,0.0,49,0.0,6,2
20,H1_legs,0.0007542127859778702,5.2215498728258965e-06,0.530616307258606,0.0017633064564344055,0.8182157874107361,52.0,50.49518585205078,0.0,52,0.0,11,10
01,H2_joint,0.0003065106167923659,2.0544742512311268e-06,0.6636375546455383,0.0016920012679258977,0.9385997653007507,24.0,23.844371795654297,0.0,24,0.0,1,1
02,H2_joint,0.0007596243987791241,7.203712606842664e-06,0.4773551940917969,0.0019440404588231663,0.8214470744132996,15.0,17.700532913208008,0.0,15,0.0,13,17
03,H2_joint,0.000392527919029817,2.10269173602151e-06,0.5851456642150878,0.001394613495514305,0.9045795798301697,31.0,35.85739517211914,0.0,30,0.0,2,2
04,H2_joint,0.0004367748682852834,1.7550541998987919e-06,0.5534437656402588,0.0013607202710186083,0.87774258852005,40.0,45.73689270019531,0.0,40,0.0,3,5
05,H2_joint,0.0006376184523105621,4.5241128112666845e-06,0.49038012623786925,0.0016974309162071817,0.8779439926147461,60.0,65.03411865234375,0.0,60,0.0,7,16
06,H2_joint,0.0005796299199573695,3.1582641314478927e-06,0.5235660076141357,0.0016262471369918356,0.8367581367492676,30.0,31.502290725708008,0.0,30,0.0,5,10
07,H2_joint,0.0006170273874886334,1.3789480544734822e-06,0.5425306797027588,0.001884824587029792,0.8527491688728333,69.0,73.02119445800781,0.0,69,0.0,6,7
08,H2_joint,0.000671398057602346,1.576422270213838e-06,0.5631364345550537,0.0011020832229194394,0.7691437005996704,24.0,23.335460662841797,0.0,24,0.0,9,3
09,H2_joint,0.0006617393577471375,3.4949473724538615e-06,0.4966107547283173,0.002103312526184793,0.7748574614524841,26.0,28.146818161010742,0.0,26,0.0,8,15
10,H2_joint,0.001439508399926126,3.9812437776498725e-06,0.42934042811393736,0.0030556274296549683,0.6349743008613586,48.0,64.8993148803711,0.0,48,0.0,20,20
11,H2_joint,0.001145047415047884,3.091172911946991e-06,0.43460442423820494,0.002160621475549344,0.6671346426010132,104.0,120.63701629638672,1.0,103,0.0,19,19
12,H2_joint,0.0010397262405604125,3.983239852199672e-06,0.468155974149704,0.0011640258205171331,0.6902430057525635,584.0,632.3663330078125,210.0,496,161.0,18,18
13,H2_joint,0.0008876130450516939,3.402353799776008e-06,0.5084058046340942,0.001787644141291878,0.7599281072616577,46.0,51.45391845703125,0.0,46,0.0,16,14
14,H2_joint,0.0008887374540790915,7.720856086941551e-06,0.525403618812561,0.0014946277558983813,0.7832176685333252,36.0,39.513954162597656,0.0,36,0.0,17,9
15,H2_joint,0.0007868469692766666,3.6829491235893557e-06,0.5347844958305359,0.0012997887878954239,0.8247925639152527,40.0,41.99748611450195,0.0,40,0.0,15,8
16,H2_joint,0.0007726514828391373,2.2405357227050323e-06,0.5205295562744141,0.0019540709315151706,0.7804602980613708,40.0,45.07329559326172,0.0,40,0.0,14,11
17,H2_joint,0.0007192651857621968,4.244864096997303e-06,0.5147749781608582,0.0030438919693255555,0.781335175037384,34.0,45.76930618286133,0.0,33,0.0,12,12
18,H2_joint,0.0007008790038526058,7.337988278629983e-06,0.5457939028739929,0.0032562424378572933,0.786385178565979,31.0,43.16714859008789,0.0,31,0.0,10,6
19,H2_joint,0.0005771297030150891,2.1643964918860846e-06,0.5592142939567566,0.002821687689850339,0.842357337474823,26.0,34.010467529296875,0.0,26,0.0,4,4
20,H2_joint,0.0007091557257808745,4.396978939876131e-06,0.5109379768371582,0.0023377496412110917,0.8144795894622803,37.0,36.30607604980469,0.0,37,0.0,11,13
01,Stage_2_deform_coarse,8.707228116691112e-05,7.793785699209969e-07,0.9133169651031494,0.002073276105620799,0.9969999194145203,2.0,14.205973625183105,0.0,2,0.0,10,13
02,Stage_2_deform_coarse,0.00010908089461736381,1.0788987063270268e-06,0.8791384220123291,0.0011569607899987856,0.9945932030677795,1.0,10.172074317932129,0.0,1,0.0,20,20
03,Stage_2_deform_coarse,9.931197710102423e-05,2.1215049112699643e-07,0.8953437089920044,0.0010312852269840553,0.9941927194595337,0.0,1.338560700416565,0.0,0,0.0,18,17
04,Stage_2_deform_coarse,9.588181710569188e-05,5.476251081808462e-07,0.8913646221160889,0.0012592672985152012,0.9961453676223755,1.0,3.0334882736206055,0.0,1,0.0,14,18
05,Stage_2_deform_coarse,9.812231437535956e-05,6.312530728068002e-07,0.8957691311836242,0.0013006729365165784,0.9972496032714844,0.0,5.160148620605469,0.0,0,0.0,15,16
06,Stage_2_deform_coarse,9.872951050056144e-05,3.7642332943727857e-07,0.8896856784820557,0.00048548427498378255,0.9941486716270447,1.0,2.5666613578796387,0.0,1,0.0,16,19
07,Stage_2_deform_coarse,0.00010001092596212402,7.351560025904467e-07,0.8975001573562622,0.001824190369048332,0.9948996901512146,0.0,7.913656234741211,0.0,0,0.0,19,15
08,Stage_2_deform_coarse,7.79759167926386e-05,7.559597130573541e-07,0.9340051293373108,0.0004870901365102257,0.9952498078346252,0.0,2.0966567993164062,0.0,0,0.0,5,4
09,Stage_2_deform_coarse,9.101138130063191e-05,4.2493808605926984e-07,0.9149064421653748,0.0005955481365496122,0.9933486580848694,1.0,4.638976097106934,0.0,1,0.0,12,12
10,Stage_2_deform_coarse,7.183930283645168e-05,7.606581952027843e-07,0.943050491809845,0.0009129854436772169,0.9947439432144165,8.0,17.69258689880371,0.0,8,0.0,3,3
11,Stage_2_deform_coarse,7.477993640350177e-05,4.1624637214059414e-07,0.9282758235931396,0.000702240605970471,0.9977999925613403,23.0,27.050323486328125,0.0,23,0.0,4,6
12,Stage_2_deform_coarse,6.656882469542324e-05,3.207320147255185e-07,0.9508764624595643,0.00079534591616496,0.9933992028236389,33.0,39.278358459472656,0.0,33,0.0,1,2
13,Stage_2_deform_coarse,8.303993672598153e-05,7.523595749331464e-07,0.929261302947998,0.0011780572139760339,0.9946486949920654,3.0,12.819355010986328,0.0,3,0.0,8,5
14,Stage_2_deform_coarse,8.209761726902798e-05,4.768082436461225e-07,0.9237052917480468,0.0011444051479228843,0.996749758720398,9.0,14.443321228027344,0.0,9,0.0,6,9
15,Stage_2_deform_coarse,8.535023516742513e-05,6.608495810749471e-07,0.9276386022567749,0.0012634108005000516,0.9960998296737671,1.0,11.094185829162598,0.0,1,0.0,9,7
16,Stage_2_deform_coarse,8.751266723265872e-05,3.5907500940118197e-07,0.9150653600692749,0.0009964489391155187,0.9970971345901489,1.0,8.41734790802002,0.0,1,0.0,11,11
17,Stage_2_deform_coarse,9.265053959097713e-05,5.63484990558502e-07,0.9152503609657288,0.0008503481751451537,0.9943429827690125,0.0,3.9535365104675293,0.0,0,0.0,13,10
18,Stage_2_deform_coarse,7.09458501660265e-05,2.0179106550926393e-07,0.9518276453018188,0.0006499041427384057,0.9987491369247437,6.0,9.588817596435547,0.0,6,0.0,2,1
19,Stage_2_deform_coarse,8.268005913123489e-05,5.321601846815294e-07,0.9270488142967224,0.0006538945427760156,0.9969967603683472,0.0,2.1228420734405518,0.0,0,0.0,7,8
20,Stage_2_deform_coarse,9.922920726239682e-05,9.486922053121746e-07,0.901850962638855,0.0014500870473324596,0.9952955842018127,0.0,4.0185747146606445,0.0,0,0.0,17,14
01,Stage_3_deform_fine,7.916269678389653e-05,6.920645132076007e-07,0.9223067045211792,0.0018571470415114138,0.9979495406150818,2.0,14.827473640441895,0.0,2,0.0,11,13
02,Stage_3_deform_fine,9.877260599751025e-05,4.0215934216340985e-07,0.89747554063797,0.0016270096248066654,0.9947496652603149,4.0,15.852304458618164,0.0,4,0.0,20,20
03,Stage_3_deform_fine,8.517568203387782e-05,3.1489828090106063e-07,0.9122305750846863,0.001643566682097183,0.9955475926399231,0.0,1.435577392578125,0.0,0,0.0,14,16
04,Stage_3_deform_fine,8.791237487457693e-05,5.55489967498785e-07,0.9077576041221619,0.0006908979100001493,0.9961959719657898,1.0,3.646240711212158,0.0,1,0.0,16,18
05,Stage_3_deform_fine,8.85376299265772e-05,6.020154470695852e-07,0.9118346452713013,0.0007012622535453644,0.9980996251106262,0.0,4.566593170166016,0.0,0,0.0,17,17
06,Stage_3_deform_fine,8.913588098948821e-05,2.666836045652605e-07,0.901349687576294,0.00014401281292008086,0.9937991499900818,1.0,2.8444366455078125,0.0,1,0.0,18,19
07,Stage_3_deform_fine,8.925878792069853e-05,6.27595682310666e-07,0.9155601263046265,0.0016969720495160281,0.9949991106987,1.0,10.553262710571289,0.0,1,0.0,19,15
08,Stage_3_deform_fine,6.855539977550507e-05,8.136784704259254e-07,0.9492333889007568,0.0008468186375626478,0.9957985281944275,0.0,3.511115074157715,0.0,0,0.0,5,4
09,Stage_3_deform_fine,8.080102998064831e-05,8.108162546731463e-07,0.9261541128158569,0.0010968515674769086,0.9952499866485596,2.0,7.59428596496582,0.0,2,0.0,13,12
10,Stage_3_deform_fine,5.900953838136047e-05,7.327159166242434e-07,0.9595540165901184,0.001165889350819313,0.9976999163627625,3.0,11.505806922912598,0.0,3,0.0,2,3
11,Stage_3_deform_fine,6.294041377259418e-05,3.858621210036131e-07,0.9484884142875671,0.0012796812576901535,0.9973992109298706,9.0,14.124405860900879,0.0,9,0.0,4,5
12,Stage_3_deform_fine,5.131987782078795e-05,5.445903662221812e-07,0.9727986335754395,0.0012235858348117903,0.9964994788169861,10.0,17.933963775634766,0.0,10,0.0,1,1
13,Stage_3_deform_fine,7.02499906765297e-05,7.696379663057524e-07,0.9470609903335572,0.0010046401337108928,0.9961999654769897,6.0,14.119033813476562,0.0,6,0.0,6,6
14,Stage_3_deform_fine,7.206075242720545e-05,2.8241628445091643e-07,0.9397311806678772,0.00116444344734656,0.9961494207382202,6.0,19.289400100708008,0.0,6,0.0,7,8
15,Stage_3_deform_fine,7.29506093193777e-05,7.850878712236558e-07,0.9392744183540345,0.000666776339804393,0.9961472153663635,5.0,17.3114070892334,0.0,5,0.0,9,9
16,Stage_3_deform_fine,7.567268912680447e-05,5.567185571908809e-07,0.9358800292015076,0.0003969775279381381,0.996496319770813,0.0,12.036757469177246,0.0,0,0.0,10,11
17,Stage_3_deform_fine,8.022431284189224e-05,6.599503703167349e-07,0.9364280462265014,0.0007954838737525585,0.9942465424537659,1.0,7.756280422210693,0.0,1,0.0,12,10
18,Stage_3_deform_fine,6.117677548900247e-05,1.7070986846892021e-07,0.9630116820335388,0.0012118730380805541,0.9976496696472168,5.0,8.858107566833496,0.0,5,0.0,3,2
19,Stage_3_deform_fine,7.251547212945297e-05,4.50356831636817e-07,0.9450935363769531,0.0011442858886616147,0.9973487257957458,1.0,3.680222511291504,0.0,1,0.0,8,7
20,Stage_3_deform_fine,8.648544899187982e-05,4.80811784310126e-07,0.9201293110847473,0.0012000214897235828,0.9953993558883667,0.0,6.259707450866699,0.0,0,0.0,15,14
