genus,n,subfamily,ecology,cephalic_index,head_flatness,mandible_index,mandible_slenderness,scape_index,funiculus_scape,head_mesosoma,mesosoma_slenderness,gaster_mesosoma,gaster_slenderness,petiole_index,waist_constriction,hindfemur_index,tibia_femur,foreleg_hindleg
pheidole,39,Myrmicinae,,1.01704,0.73617,1.08005,2.93823,1.04283,1.42659,0.82805,2.08361,1.40545,1.72848,0.23197,0.28953,0.96857,0.67762,0.95223
tetramorium,37,Myrmicinae,,1.07641,0.70326,1.07552,3.01774,1.01845,1.34853,0.85367,1.82918,1.63572,1.83484,0.26445,0.29152,1.12771,0.62401,0.87060
strumigenys,33,Myrmicinae,trap-jaw,0.83468,0.73839,1.06876,4.59727,0.98453,1.52409,0.89506,2.12853,1.43984,1.74910,0.25670,0.31586,0.97701,0.66991,0.78486
cephalotes,28,Myrmicinae,arboreal,1.32080,0.56216,1.08749,3.01677,0.72061,1.55381,0.83455,1.72827,1.81576,1.63680,0.18697,0.16535,0.99770,0.70768,0.92413
dorylus,21,Dorylinae,army ant,0.98212,0.76062,1.01228,2.87866,0.92100,1.45808,0.72725,2.10545,1.76833,2.38262,0.16809,0.22915,0.93264,0.69711,0.80979
neivamyrmex,17,Dorylinae,army ant,0.88394,0.81368,0.67298,2.81876,1.14472,1.12679,0.71995,2.37831,1.34861,2.29112,0.21397,0.37823,1.00872,0.66236,0.68094
camponotus,16,Formicinae,,0.87173,0.90501,0.89868,2.93003,1.07548,1.31256,0.91722,1.87389,1.64636,1.76289,0.17170,0.18033,1.17878,0.59317,0.77881
temnothorax,16,,,0.98105,0.75955,1.08140,3.02273,1.06255,1.37508,0.75772,1.92564,1.69266,1.72620,0.25697,0.26992,0.92840,0.58859,0.89417
hypoponera,14,Ponerinae,,0.84775,0.83485,0.98239,3.53589,1.03615,1.53832,0.91167,1.90588,1.77885,2.31042,0.19667,0.25760,1.00479,0.68243,0.86800
aphaenogaster,11,Myrmicinae,,0.76265,0.99089,0.95578,3.41615,1.30657,1.40544,0.74683,2.37526,1.52276,1.99817,0.34375,0.49523,1.11670,0.63834,0.75395
labidus,11,Dorylinae,army ant,0.88181,0.82487,0.77996,2.84414,1.15402,1.23846,0.78732,2.27916,1.27634,1.81321,0.21222,0.30469,1.20724,0.76099,0.76876
solenopsis,11,Myrmicinae,,1.09684,0.74948,1.33648,2.64439,1.15272,1.26950,0.78167,1.93058,1.65839,1.69621,0.25094,0.25714,1.10297,0.54870,0.90847
acromyrmex,10,Myrmicinae,leafcutter/fungus-grower,1.25600,0.68236,0.84680,2.90342,0.83398,1.35534,0.87488,1.84516,1.23010,1.59354,0.24861,0.32783,1.24651,0.65174,0.68521
cyphomyrmex,10,Myrmicinae,leafcutter/fungus-grower,1.21551,0.67858,1.23219,2.70838,0.89368,1.70662,0.94559,1.92886,1.35689,1.51742,0.23071,0.26204,1.42167,0.58953,0.79428
formica,10,Formicinae,,1.03979,0.74530,0.70366,3.10448,1.01541,1.30970,0.65143,2.23243,1.33887,1.57477,0.12521,0.14569,0.90908,0.66282,0.79640
leptogenys,10,Ponerinae,,0.79958,0.79885,0.94339,3.13310,1.36093,1.20585,0.64530,2.54365,1.62905,3.21212,0.18901,0.35576,1.01573,0.65130,0.77105
dolichoderus,9,Dolichoderinae,arboreal,0.90957,0.78551,1.24041,3.36580,1.25026,1.31518,0.73663,2.15312,1.74298,1.70172,0.19684,0.18972,0.96425,0.69084,0.77872
eciton,9,Dorylinae,army ant,0.93905,0.91304,0.69308,3.34151,1.58466,1.07713,0.67282,2.39457,1.38040,2.79951,0.20316,0.40926,0.96207,0.63257,1.05727
odontomachus,9,Ponerinae,trap-jaw,0.68393,0.80248,0.58753,5.36055,0.79238,1.64009,0.93870,2.83059,1.29728,2.44974,0.18227,0.33178,0.88278,0.55445,0.72891
stigmatomma,9,Amblyoponinae,,0.89654,0.79538,0.89155,2.90052,0.95413,1.48303,0.82529,2.06352,2.00847,2.97174,0.19635,0.28405,0.86956,0.78580,0.92257
carebara,8,Myrmicinae,,0.98759,0.75133,0.98554,3.02464,1.07762,1.40707,0.90955,2.04275,1.37704,1.75498,0.17652,0.23901,1.28775,0.63539,0.66887
crematogaster,8,Myrmicinae,,0.94280,0.79656,0.82788,2.65430,0.95118,1.35597,0.84779,2.02409,1.73178,1.67899,0.17769,0.16980,0.80019,0.82292,0.99078
lasius,8,Formicinae,,1.03984,0.69284,1.04109,2.62762,0.94543,1.55336,0.75206,2.08394,1.37496,1.47732,0.18702,0.18551,1.12632,0.68731,0.72763
megaponera,8,,,0.87133,0.83591,0.99413,2.95281,1.11959,1.47467,0.85116,2.02833,1.41910,1.71966,0.17473,0.20413,1.06342,0.70968,0.84331
neoponera,8,Ponerinae,,0.88599,0.78783,0.93624,3.35642,1.34531,1.20555,0.71148,2.16314,1.74175,2.51179,0.17972,0.25861,0.89110,0.79997,0.85376
polyrhachis,8,Formicinae,arboreal,1.05176,0.78292,0.92585,2.88934,1.28558,1.06009,0.73671,1.69178,1.59453,1.53982,0.22337,0.21635,1.25204,0.65737,0.71208
pristomyrmex,8,Myrmicinae,,1.11038,0.73538,0.92631,2.60294,0.92563,1.49147,0.94751,1.69726,1.36719,1.32562,0.24845,0.24392,0.95756,0.64568,0.82655
acropyga,7,Formicinae,,1.04226,0.72183,1.04057,2.54516,1.05892,1.50164,0.80878,1.72070,1.85581,1.93070,0.14628,0.14822,0.89952,0.76571,0.99311
mycetophylax,7,,,1.15897,0.66377,0.97535,2.82051,0.91256,1.55495,0.94334,1.80776,1.38218,1.77945,0.25124,0.34411,1.00744,0.76518,0.95670
parasyscia,7,,,0.89145,0.86088,0.80338,3.20426,0.88005,1.40594,0.86586,1.75682,1.98767,2.41027,0.20520,0.25006,1.07282,0.49434,0.73136
ponera,7,Ponerinae,,0.94219,0.82361,1.17690,3.64481,0.96156,1.49363,0.69125,1.85794,1.85984,2.41617,0.20899,0.27327,0.87031,0.62274,0.81549
aenictus,6,Dorylinae,army ant,0.90769,0.75144,0.48924,2.59745,0.93667,1.29340,0.67277,2.58503,1.12033,1.88018,0.18717,0.31580,0.93802,0.61558,0.57302
anochetus,6,Ponerinae,trap-jaw,0.94641,0.72254,0.89023,3.81190,1.01950,1.49821,0.80562,2.29485,1.48431,2.40644,0.15499,0.24508,0.87777,0.74051,1.01900
meranoplus,6,Myrmicinae,,1.05568,0.80233,0.81417,2.32057,1.08372,1.29239,1.01368,1.73015,2.04202,1.40010,0.23171,0.15231,1.40685,0.68267,0.77613
myrmecina,6,,,0.97167,0.74823,1.10384,2.78835,1.00467,1.31369,0.88606,1.80010,1.88861,1.67342,0.27944,0.24865,1.02877,0.56862,0.84440
myrmica,6,Myrmicinae,,0.87665,0.81985,1.20900,3.20343,1.10862,1.47282,0.82889,1.71154,1.93989,2.21465,0.32536,0.36620,1.19184,0.66154,0.80370
pseudomyrmex,6,Pseudomyrmecinae,arboreal,1.05777,0.82153,0.96865,3.08123,0.83595,1.26105,0.66166,2.23614,1.71308,2.82128,0.23104,0.37073,0.94755,0.56752,0.66458
typhlomyrmex,6,Ectatomminae,,1.02013,0.76666,1.19017,2.88424,0.96459,1.55147,0.83912,1.93019,1.96989,2.52516,0.21787,0.28948,1.12490,0.63384,0.87428
acanthostichus,5,Dorylinae,,1.03134,0.81349,1.11440,3.32028,0.78207,1.80208,0.71614,2.06460,2.13973,2.93261,0.23178,0.31092,0.93146,0.68086,1.00461
blepharidatta,5,,,0.88680,0.82103,0.81069,2.61633,1.11376,1.21435,0.94118,1.88922,1.67273,2.38813,0.31522,0.43496,1.36445,0.52305,0.56260
bothroponera,5,,,1.13439,0.64638,1.18187,2.95334,1.12501,1.22170,0.65805,1.78348,1.65106,1.71092,0.17057,0.18223,1.07954,0.68284,0.70849
cerapachys,5,Dorylinae,,0.82424,0.95905,0.71900,2.93881,1.20468,1.05047,0.82036,1.85341,1.85075,2.49638,0.17823,0.23192,0.87616,0.75455,1.00082
gnamptogenys,5,Ectatomminae,,0.98347,0.81827,1.14163,2.76321,0.87521,1.74987,0.84971,1.49824,1.57831,1.74405,0.20653,0.22622,1.15044,0.55873,0.64425
nomamyrmex,5,Dorylinae,army ant,0.96499,0.75451,0.67208,2.90099,0.91937,1.29603,0.67665,2.21245,1.17439,2.02484,0.20690,0.34857,0.94096,0.59377,0.62283
sericomyrmex,5,,,1.05223,0.84332,0.83515,2.01555,1.02296,1.12534,0.95029,1.99048,1.37955,1.70387,0.24612,0.30941,1.32722,0.51405,0.81736
tapinoma,5,Dolichoderinae,,0.88012,0.74469,1.08867,2.99887,1.11061,1.40694,0.89068,2.14971,1.72876,1.60348,0.20635,0.19049,1.03007,0.66463,0.86401
