v1,v2,distance,deg_v1,deg_v2,is_border_v1,is_border_v2,cc_v1,cc_v2,same_component,normal_dot,chain_match_length,chain_direction,one_ring_position_match_fraction,near_genuine_near_touch,near_touch_min_dist,in_mindist0_loop_v1,in_mindist0_loop_v2,classification,classification_reason
v11031,v13536,0,6,4,True,True,0,0,True,0,3,multiway_resolved,1,False,999,False,False,A,multiway_cluster_unambiguous_full_match
v13535,v13537,0,5,4,True,True,0,0,True,0,3,multiway_resolved,1,False,999,False,False,A,multiway_cluster_unambiguous_full_match
v10074,v13406,0,4,3,True,True,0,0,True,0,3,multiway_resolved,1,False,999,False,False,A,multiway_cluster_unambiguous_full_match
v13404,v13405,0,3,5,True,True,0,0,True,0,3,multiway_resolved,1,False,999,False,False,A,multiway_cluster_unambiguous_full_match
v9241,v13289,0,3,3,True,True,0,0,True,0,3,multiway_resolved,1,False,999,False,False,A,multiway_cluster_unambiguous_full_match
v13287,v13288,0,4,3,True,True,0,0,True,0,3,multiway_resolved,1,False,999,False,False,A,multiway_cluster_unambiguous_full_match
v10785,v13499,0,7,4,True,True,0,0,True,0,3,multiway_resolved,1,False,999,False,False,A,multiway_cluster_unambiguous_full_match
v13500,v13501,0,3,3,True,True,0,0,True,0,3,multiway_resolved,1,False,999,False,False,A,multiway_cluster_unambiguous_full_match
v8283,v13161,0,4,3,True,True,0,0,True,0,3,multiway_resolved,1,False,999,False,False,A,multiway_cluster_unambiguous_full_match
v13159,v13160,0,3,3,True,True,0,0,True,0,3,multiway_resolved,1,False,999,False,False,A,multiway_cluster_unambiguous_full_match
v11081,v13545,0,4,4,True,True,0,0,True,0,3,multiway_resolved,1,False,999,False,False,A,multiway_cluster_unambiguous_full_match
v13543,v13544,0,3,3,True,True,0,0,True,0,3,multiway_resolved,1,False,999,False,False,A,multiway_cluster_unambiguous_full_match
v9177,v13276,0,3,3,True,True,0,0,True,0,3,multiway_resolved,1,False,999,False,False,A,multiway_cluster_unambiguous_full_match
v13277,v13278,0,4,3,True,True,0,0,True,0,3,multiway_resolved,1,False,999,False,False,A,multiway_cluster_unambiguous_full_match
v6422,v12981,0,6,4,True,True,0,0,True,0,3,multiway_resolved,1,False,999,False,False,A,multiway_cluster_unambiguous_full_match
v12980,v12982,0,5,3,True,True,0,0,True,0,3,multiway_resolved,1,False,999,False,False,A,multiway_cluster_unambiguous_full_match
v3371,v12689,0,7,3,True,True,0,0,True,0,3,multiway_resolved,1,False,999,False,False,A,multiway_cluster_unambiguous_full_match
v12688,v12690,0,3,3,True,True,0,0,True,0,3,multiway_resolved,1,False,999,False,False,A,multiway_cluster_unambiguous_full_match
v11635,v13588,0,4,4,True,True,1,1,True,0,3,multiway_resolved,1,False,999,False,False,A,multiway_cluster_unambiguous_full_match
v13587,v13589,0,4,2,True,True,1,1,True,0,3,multiway_resolved,1,False,999,False,False,A,multiway_cluster_unambiguous_full_match
v9579,v13329,0,3,2,True,True,0,0,True,0,3,multiway_resolved,1,False,999,False,False,A,multiway_cluster_unambiguous_full_match
v13327,v13328,0,4,3,True,True,0,0,True,0,3,multiway_resolved,1,False,999,False,False,A,multiway_cluster_unambiguous_full_match
