step,direction,v1,v2,loop1,loop2,comp1,comp2,mult1,mult2,edge_len1,edge_len2,normal_dot1,normal_dot2,stop_reason
0,A_pred1_succ2,v13242,v13241,41,17,0,0,1,1,4.17597,2.96289,-0.772554,-0.772554,POSITION_MISMATCH(dist=3.583042)
0,B_pred2_succ1,v8891,v8890,17,41,0,0,1,1,4.17597,2.96289,0.795264,0.795264,POSITION_MISMATCH(dist=3.583042)
0,C_samedir_forward,v8890,v13241,41,17,0,0,1,1,2.96289,2.96289,0.372176,0.372176,OK
1,C_samedir_forward,v13204,v8541,41,17,0,0,1,1,1.8245,1.8245,-0.960744,-0.960744,OK
2,C_samedir_forward,v13200,v8516,41,17,0,0,1,1,5.6906,5.6906,-0.91625,-0.91625,OK
3,C_samedir_forward,v8889,v13240,41,17,0,0,1,1,5.15494,5.15494,-0.985217,-0.985217,OK
4,C_samedir_forward,v8881,v13239,41,17,0,0,1,1,5.73036,5.73036,-0.999388,-0.999388,OK
5,C_samedir_forward,v9467,v13311,41,17,0,0,1,1,3.68541,3.68541,-0.995659,-0.995659,OK
6,C_samedir_forward,v13376,v9866,41,17,0,0,1,1,3.1771,3.1771,-0.98006,-0.98006,OK
7,C_samedir_forward,v13412,v10111,41,17,0,0,1,1,5.12474,5.12474,-0.987161,-0.987161,OK
8,C_samedir_forward,v10455,v13464,41,17,0,0,1,1,5.03785,5.03785,-0.976783,-0.976783,OK
9,C_samedir_forward,v13374,v9862,41,17,0,0,1,1,3.90868,3.90868,-0.773948,-0.773948,OK
10,C_samedir_forward,v10571,v13477,41,17,0,0,1,1,3.82399,3.82399,-0.961996,-0.961996,OK
11,C_samedir_forward,v13378,v9876,41,17,0,0,1,1,5.43663,5.43663,-0.98905,-0.98905,OK
12,C_samedir_forward,v9738,v13353,41,17,0,0,1,1,4.69568,4.69568,-0.987544,-0.987544,OK
13,C_samedir_forward,v13242,v8891,41,17,0,0,1,1,5.69306,5.69306,-0.983566,-0.983566,OK
14,C_samedir_forward,v9195,v13279,41,17,0,0,1,1,4.17597,4.17597,0.152773,0.152773,WRAPPED_AROUND_SELF(loop_shorter_than_walk)
0,D_samedir_backward,v13242,v8891,41,17,0,0,1,1,4.17597,4.17597,-0.983566,-0.983566,OK
1,D_samedir_backward,v9738,v13353,41,17,0,0,1,1,5.69306,5.69306,-0.987544,-0.987544,OK
2,D_samedir_backward,v13378,v9876,41,17,0,0,1,1,4.69568,4.69568,-0.98905,-0.98905,OK
3,D_samedir_backward,v10571,v13477,41,17,0,0,1,1,5.43663,5.43663,-0.961996,-0.961996,OK
4,D_samedir_backward,v13374,v9862,41,17,0,0,1,1,3.82399,3.82399,-0.773948,-0.773948,OK
5,D_samedir_backward,v10455,v13464,41,17,0,0,1,1,3.90868,3.90868,-0.976783,-0.976783,OK
6,D_samedir_backward,v13412,v10111,41,17,0,0,1,1,5.03785,5.03785,-0.987161,-0.987161,OK
7,D_samedir_backward,v13376,v9866,41,17,0,0,1,1,5.12474,5.12474,-0.98006,-0.98006,OK
8,D_samedir_backward,v9467,v13311,41,17,0,0,1,1,3.1771,3.1771,-0.995659,-0.995659,OK
9,D_samedir_backward,v8881,v13239,41,17,0,0,1,1,3.68541,3.68541,-0.999388,-0.999388,OK
10,D_samedir_backward,v8889,v13240,41,17,0,0,1,1,5.73036,5.73036,-0.985217,-0.985217,OK
11,D_samedir_backward,v13200,v8516,41,17,0,0,1,1,5.15494,5.15494,-0.91625,-0.91625,OK
12,D_samedir_backward,v13204,v8541,41,17,0,0,1,1,5.6906,5.6906,-0.960744,-0.960744,OK
13,D_samedir_backward,v8890,v13241,41,17,0,0,1,1,1.8245,1.8245,0.372176,0.372176,OK
14,D_samedir_backward,v9195,v13279,41,17,0,0,1,1,2.96289,2.96289,0.152773,0.152773,WRAPPED_AROUND_SELF(loop_shorter_than_walk)
