loop_id,patch_id,outcome,length,home_component,perimeter,bbox_dx,bbox_dy,bbox_dz,bbox_diag,diag_ratio_to_mesh,is_large_boundary,max_planarity_dev,rms_planarity_dev,loop_self_intersects,n_loop_self_intersecting_segment_pairs,min_dist_to_nonadjacent_surface,n_other_components_projected_inside,other_components_inside_ids
0,0,SUCCESS,5,0,11.7004,2.95502,4.49415,1.28448,5.52986,0.0181577,False,0.583909,0.413849,False,0,0.000000,0,
1,1,SUCCESS,81,0,211.613,18.001,30.9843,21.4092,41.7422,0.137063,False,9.48625,2.79734,True,27,0.000000,0,
2,-1,REJECTED_EMPTY_RESULT,4,0,10.1099,2.00896,0.629953,1.39833,2.52747,0.0082991,False,0.699167,0.699167,True,2,inf,0,
3,-1,REJECTED_EMPTY_RESULT,4,0,8.01445,1.52173,0.815736,1.01655,2.00361,0.00657899,False,0.508274,0.508274,True,2,inf,0,
4,2,SUCCESS,227,0,663.925,46.5437,64.1169,56.7365,97.4491,0.31998,True,28.0316,9.31147,True,175,0.000000,4,6;7;9;13
5,-1,REJECTED_EMPTY_RESULT,4,0,13.9126,1.66422,1.66021,2.56351,3.47814,0.0114207,False,1.28175,1.28175,True,2,inf,0,
6,3,SUCCESS,6,0,19.2534,5.03602,2.85309,5.58443,8.04285,0.0264092,False,1.33137,0.773843,False,0,inf,0,
7,4,SUCCESS,12,0,34.23,2.73095,2.58783,4.49278,5.86004,0.0192418,False,3.53325,1.60781,True,54,inf,0,
8,-1,REJECTED_EMPTY_RESULT,4,0,6.64282,0.411808,1.53899,0.468914,1.66071,0.00545303,False,0.234457,0.234457,True,2,inf,0,
9,-1,REJECTED_EMPTY_RESULT,4,0,16.1755,2.03003,3.18554,1.44366,4.04387,0.0132783,False,0.721828,0.721828,True,2,inf,0,
10,5,SUCCESS,13,0,22.2918,4.44701,4.13949,5.05677,7.90457,0.0259552,False,1.11988,0.555872,True,10,inf,0,
11,6,SUCCESS,6,0,17.0454,5.97603,2.75406,4.17719,7.79402,0.0255921,False,0.985745,0.623803,False,0,inf,1,9
12,-1,REJECTED_EMPTY_RESULT,4,0,9.72569,1.01866,0.860582,2.03311,2.43142,0.00798373,False,1.01656,1.01656,True,2,inf,0,
13,-1,REJECTED_EMPTY_RESULT,4,0,12.5894,0.145203,1.1907,2.9098,3.14735,0.0103345,False,1.4549,1.4549,True,2,inf,0,
14,-1,REJECTED_EMPTY_RESULT,4,0,7.72912,1.72578,0.867073,0.0598812,1.93228,0.00634476,False,0.0299406,0.0299406,True,2,inf,0,
15,7,SUCCESS,20,0,72.6549,0.60923,5.91662,9.192,10.9485,0.0359502,False,5.30629,2.89624,True,74,inf,0,
16,8,SUCCESS,8,0,17.2832,0.701395,1.73471,2.36911,3.01892,0.0099128,False,1.71233,0.994209,True,20,inf,0,
17,9,SUCCESS,15,0,66.1224,3.07472,8.85192,19.4958,21.6309,0.0710265,False,1.71132,0.781207,False,0,0.000000,0,
18,10,SUCCESS,16,0,73.8939,12.2395,12.4788,12.1584,21.2921,0.069914,False,4.70725,1.98113,True,3,0.000000,0,
19,-1,REJECTED_EMPTY_RESULT,4,0,7.90086,0.026413,1.11044,1.63331,1.97521,0.00648574,False,0.816656,0.816656,True,2,inf,0,
20,11,SUCCESS,8,0,18.5521,1.84611,1.70415,2.88637,3.82667,0.0125651,False,1.5729,1.0287,True,20,inf,0,
21,12,SUCCESS,110,0,383.631,33.5031,53.7365,69.0916,93.7215,0.30774,True,21.6237,8.5055,True,3,0.000000,3,4;8;10
22,13,SUCCESS,62,0,177.697,17.1706,19.2639,31.3748,40.624,0.133391,False,6.78372,3.49025,True,14,inf,0,
23,-1,REJECTED_EMPTY_RESULT,4,0,8.77139,1.17415,1.38627,1.2281,2.19285,0.00720036,False,0.614048,0.614048,True,2,inf,0,
24,14,SUCCESS,8,0,17.52,1.04973,0.629864,3.93703,4.12297,0.013538,False,2.03684,1.39363,True,20,inf,0,
25,-1,REJECTED_EMPTY_RESULT,4,0,2.91972,0.334675,0.537741,0.362801,0.72993,0.00239677,False,0.1814,0.1814,True,2,inf,0,
26,15,SUCCESS,15,0,42.4414,12.0358,5.44757,10.8869,17.119,0.0562114,False,2.06174,0.797947,False,0,0.000000,0,
27,16,SUCCESS,31,0,78.5788,9.3171,7.00921,17.0296,20.6384,0.0677676,False,4.36752,2.19227,True,28,0.000000,0,
28,17,SUCCESS,34,0,90.7803,11.2332,13.755,12.2432,21.5703,0.0708275,False,6.20406,3.12749,True,17,0.000000,0,
29,18,SUCCESS,4,0,10.2534,1.20444,1.01205,4.85832,5.10668,0.0167681,False,2.66812,1.73422,True,2,0.000000,0,
30,19,SUCCESS,4,0,10.2534,1.20444,1.01205,4.85832,5.10668,0.0167681,False,2.66812,1.73422,True,2,0.000000,0,
31,20,SUCCESS,4,0,9.04282,3.57047,1.97591,1.67769,4.41215,0.0144876,False,0.876059,0.59432,True,2,0.000000,0,
32,-1,REJECTED_EMPTY_RESULT,6,0,11.6668,1.6457,1.15565,3.61977,4.14084,0.0135967,False,2.60383,1.22156,True,9,inf,0,
33,-1,REJECTED_EMPTY_RESULT,4,0,11.3938,1.68703,1.26646,1.91409,2.84846,0.00935308,False,0.957043,0.957043,True,2,0.000000,0,
34,-1,REJECTED_EMPTY_RESULT,4,0,10.6241,1.6842,2.03348,0.287888,2.65602,0.00872121,False,0.143944,0.143944,True,2,inf,0,
35,-1,REJECTED_EMPTY_RESULT,4,0,13.1127,0.641716,0.605689,3.15717,3.27817,0.0107641,False,1.57859,1.57859,True,2,inf,0,
36,21,SUCCESS,4,0,14.7985,0.725838,4.78888,4.09338,6.34161,0.0208231,False,2.83168,1.64641,True,2,0.000000,0,
37,-1,REJECTED_EMPTY_RESULT,4,0,7.33501,1.49588,0.650526,0.837738,1.83375,0.00602124,False,0.418869,0.418869,True,2,inf,0,
38,-1,REJECTED_EMPTY_RESULT,4,0,8.30525,0.4067,1.56704,1.30002,2.07631,0.0068177,False,0.650009,0.650009,True,2,inf,0,
39,-1,REJECTED_EMPTY_RESULT,4,0,13.7917,0.344582,1.2136,3.20883,3.44792,0.0113215,False,1.60441,1.60441,True,2,inf,0,
40,22,SUCCESS,4,0,14.7985,0.725838,4.78888,4.09338,6.34161,0.0208231,False,2.83168,1.64641,True,2,0.000000,0,
41,23,SUCCESS,15,0,66.1224,3.07472,8.85192,19.4958,21.6309,0.0710265,False,1.71132,0.781207,False,0,0.000000,0,
42,-1,REJECTED_EMPTY_RESULT,4,0,5.5301,0.0718536,1.14077,0.777718,1.38252,0.0045396,False,0.388859,0.388859,True,2,inf,0,
43,24,SUCCESS,4,0,9.04282,3.57047,1.97591,1.67769,4.41215,0.0144876,False,0.876059,0.59432,True,2,0.000000,0,
44,-1,REJECTED_EMPTY_RESULT,4,0,9.02475,1.33422,1.54153,0.966398,2.25619,0.00740833,False,0.483199,0.483199,True,2,inf,0,
45,25,SUCCESS,27,0,80.5456,8.99777,11.1386,12.1683,18.7909,0.061701,False,2.318,1.13039,True,30,0.000000,0,
46,-1,REJECTED_EMPTY_RESULT,4,0,4.91413,0.302689,0.47014,1.09391,1.22853,0.00403396,False,0.546955,0.546955,True,2,inf,0,
47,26,SUCCESS,52,0,147.408,19.7603,14.7843,23.7344,34.2399,0.112429,False,4.02122,2.00311,True,71,0.000000,0,
48,27,SUCCESS,158,0,552.221,51.4003,44.6446,61.976,92.066,0.302305,True,19.1714,7.68829,True,15,0.000000,3,3;5;10
49,28,SUCCESS,4,0,8.34141,1.18263,3.23494,1.34107,3.6962,0.0121367,False,0.902508,0.527845,True,2,0.000000,0,
50,29,SUCCESS,4,0,8.34141,1.18263,3.23494,1.34107,3.6962,0.0121367,False,0.902508,0.527845,True,2,0.000000,0,
51,30,SUCCESS,8,0,17.989,4.73592,3.77589,1.56388,6.25556,0.0205405,False,0.520988,0.371716,True,5,0.000000,0,
52,31,SUCCESS,23,0,53.3194,17.7281,7.94312,4.25701,19.8872,0.065301,False,1.7971,0.813359,True,10,0.000000,0,
53,-1,REJECTED_EMPTY_RESULT,4,0,4.31405,0.731907,0.234903,0.756521,1.07851,0.00354137,False,0.378261,0.378261,True,2,inf,0,
54,32,SUCCESS,14,0,44.686,7.58102,10.0746,12.3749,17.6666,0.0580093,False,2.72746,1.31513,False,0,0.000000,0,
55,33,SUCCESS,110,0,381.537,33.5031,53.7365,69.0916,93.7215,0.30774,True,21.6439,8.4957,True,3,0.000000,3,4;8;10
56,34,SUCCESS,8,0,20.133,1.5791,3.43153,2.66583,4.62338,0.0151812,False,1.79441,1.04943,True,20,inf,0,
57,-1,REJECTED_EMPTY_RESULT,4,0,9.63655,0.146835,1.77886,1.61804,2.40914,0.00791055,False,0.809019,0.809019,True,2,inf,0,
58,-1,REJECTED_EMPTY_RESULT,4,0,6.49472,0.180099,1.03288,1.23979,1.62368,0.00533145,False,0.619893,0.619893,True,2,inf,0,
59,35,SUCCESS,13,0,39.6155,4.28508,12.2802,4.19381,13.6658,0.0448724,False,1.90051,0.953789,True,5,inf,1,7
60,-1,REJECTED_EMPTY_RESULT,4,0,12.3227,0.336449,0.666847,2.98877,3.08068,0.0101156,False,1.49438,1.49438,True,2,inf,0,
61,-1,REJECTED_EMPTY_RESULT,4,0,7.54096,0.507248,1.75063,0.481786,1.88524,0.0061903,False,0.240893,0.240893,True,2,inf,0,
62,-1,REJECTED_EMPTY_RESULT,4,0,12.8851,0.470604,2.38148,2.11747,3.22127,0.0105772,False,1.05873,1.05873,True,2,inf,0,
63,-1,REJECTED_EMPTY_RESULT,4,0,2.86884,0.702286,0.124938,0.0746727,0.71721,0.00235501,False,0.0373363,0.0373363,True,2,inf,0,
64,-1,REJECTED_EMPTY_RESULT,4,0,11.5335,2.62074,0.580149,1.05306,2.88337,0.00946771,False,0.526529,0.526529,True,2,inf,0,
65,36,SUCCESS,4,0,11.2949,2.32017,3.49115,1.42438,4.42721,0.014537,False,1.0444,0.603298,True,2,0.000000,0,
66,-1,REJECTED_EMPTY_RESULT,4,0,8.15646,1.1882,0.746825,1.47933,2.03912,0.00669556,False,0.739666,0.739666,True,2,inf,0,
67,-1,REJECTED_EMPTY_RESULT,4,0,10.5838,0.711136,2.54763,0.069849,2.64594,0.00868812,False,0.0349245,0.0349245,True,2,inf,0,
68,37,SUCCESS,4,0,14.1277,1.787,5.89337,2.36362,6.59636,0.0216595,False,1.76712,1.02029,True,2,0.000000,0,
69,38,SUCCESS,8,0,19.7784,2.73946,1.69406,3.312,4.61993,0.0151698,False,1.67773,1.17117,True,20,inf,0,
70,39,SUCCESS,6,0,20.6776,6.04165,5.24832,3.47869,8.72626,0.0286532,False,2.09504,1.40461,True,5,0.000000,0,
71,40,SUCCESS,14,0,53.8418,6.04165,9.94703,5.34315,12.806,0.0420494,False,3.65191,1.73412,True,41,0.000000,0,
72,41,SUCCESS,4,0,14.1277,1.787,5.89337,2.36362,6.59636,0.0216595,False,1.76712,1.02029,True,2,0.000000,0,
73,42,SUCCESS,4,0,8.3283,2.59772,0.742961,2.82613,3.90987,0.0128383,False,1.44952,0.999851,True,2,0.000000,0,
74,-1,REJECTED_EMPTY_RESULT,4,0,9.41234,0.287033,1.73841,1.55966,2.35309,0.0077265,False,0.779831,0.779831,True,2,inf,0,
75,43,SUCCESS,4,0,8.3283,2.59772,0.742961,2.82613,3.90987,0.0128383,False,1.44952,0.999851,True,2,0.000000,0,
76,44,SUCCESS,6,0,8.62969,3.58136,0.417831,1.64011,3.96115,0.0130067,False,0.910618,0.694293,True,5,0.000000,0,
77,-1,REJECTED_EMPTY_RESULT,4,0,7.86253,1.59562,1.0045,0.55558,1.96563,0.00645428,False,0.27779,0.27779,True,2,inf,0,
78,-1,REJECTED_EMPTY_RESULT,4,0,9.66402,2.38577,0.362135,0.118614,2.41601,0.00793311,False,0.0593071,0.0593071,True,2,inf,0,
79,45,SUCCESS,334,0,1128.2,76.0696,53.2277,44.807,103.089,0.338501,True,21.4069,9.46482,True,501,0.000000,0,
80,-1,REJECTED_EMPTY_RESULT,6,0,9.1463,0.972084,1.08863,1.6825,2.2273,0.00731349,False,1.10744,0.78314,True,9,inf,0,
81,-1,REJECTED_EMPTY_RESULT,4,0,15.3349,0.487259,2.11162,3.16246,3.83373,0.0125883,False,1.58123,1.58123,True,2,inf,0,
82,-1,REJECTED_EMPTY_RESULT,4,0,6.68825,1.07733,0.85603,0.949928,1.67206,0.00549032,False,0.474964,0.474964,True,2,inf,0,
83,46,SUCCESS,8,0,28.3021,2.29471,8.33478,2.51138,9.0023,0.0295596,False,1.55165,0.893303,True,12,inf,0,
84,-1,REJECTED_EMPTY_RESULT,4,0,13.5943,0.421631,2.39424,2.37492,3.39858,0.0111595,False,1.18746,1.18746,True,2,inf,0,
85,47,SUCCESS,6,0,15.8749,2.39565,1.98392,3.16972,4.44097,0.0145822,False,2.12248,1.05662,True,9,0.000000,0,
86,48,SUCCESS,4,0,17.7881,0.866005,8.33478,2.51138,8.74789,0.0287242,False,1.45745,0.910541,True,2,0.000000,0,
87,49,SUCCESS,4,0,8.83804,2.6543,0.805104,3.16969,4.21194,0.0138302,False,1.66624,1.12361,True,2,inf,0,
88,50,SUCCESS,11,0,30.1839,4.34071,8.15074,5.64292,10.8221,0.0355352,False,1.4327,0.7138,True,3,0.000000,0,
89,-1,REJECTED_EMPTY_RESULT,4,0,12.8515,0.676239,2.59065,1.77589,3.21287,0.0105497,False,0.887943,0.887943,True,2,inf,0,
90,51,SUCCESS,6,0,8.62969,3.58136,0.417831,1.64011,3.96115,0.0130067,False,0.910618,0.694293,True,5,0.000000,0,
91,52,SUCCESS,16,0,73.8939,12.2395,12.4788,12.1584,21.2921,0.069914,False,4.70725,1.98113,True,3,0.000000,0,
92,53,SUCCESS,4,0,16.9283,0.973442,5.19801,5.67139,7.75446,0.0254622,False,3.16014,2.03122,True,2,0.000000,0,
93,-1,REJECTED_EMPTY_RESULT,4,0,10.2915,0.184269,1.77142,1.85683,2.57288,0.00844822,False,0.928417,0.928417,True,2,inf,0,
94,54,SUCCESS,6,0,8.80643,2.67205,0.77696,0.854889,2.91107,0.00955869,False,0.433792,0.421145,True,9,0.000000,0,
95,55,SUCCESS,12,0,29.1066,4.40132,2.24279,2.51103,5.54139,0.0181955,False,1.62054,0.939976,True,38,inf,0,
96,56,SUCCESS,8,0,17.0768,2.31949,2.49165,2.27723,4.09562,0.0134482,False,1.36406,0.836088,True,20,inf,0,
97,57,SUCCESS,7,0,18.3613,3.21281,3.46111,6.32519,7.89363,0.0259192,False,1.13479,0.794131,False,0,0.000000,0,
98,58,SUCCESS,4,0,9.08144,3.27901,1.23799,1.35213,3.7567,0.0123353,False,0.842034,0.561505,True,2,0.000000,0,
99,59,SUCCESS,8,0,16.0307,1.26326,1.37067,2.05968,2.77792,0.00912148,False,1.31804,0.846255,True,20,inf,0,
100,60,SUCCESS,6,0,10.9463,2.98245,1.47627,3.17605,4.60018,0.015105,False,0.606719,0.429505,False,0,inf,0,
101,-1,REJECTED_EMPTY_RESULT,4,0,11.785,0.0925751,1.56789,2.49268,2.94624,0.00967416,False,1.24634,1.24634,True,2,inf,0,
102,-1,REJECTED_EMPTY_RESULT,4,0,10.0761,2.18005,0.313438,1.22253,2.51902,0.00827136,False,0.611267,0.611267,True,2,inf,0,
103,-1,REJECTED_EMPTY_RESULT,4,0,6.73854,1.18641,0.0782185,1.19345,1.68464,0.0055316,False,0.596723,0.596723,True,2,inf,0,
104,61,SUCCESS,8,0,16.8018,2.48824,3.10627,0.846962,4.0691,0.0133612,False,0.515007,0.356298,True,20,inf,0,
105,-1,REJECTED_EMPTY_RESULT,4,0,10.1692,1.15752,2.07879,0.895578,2.5423,0.00834779,False,0.447789,0.447789,True,2,inf,0,
106,62,SUCCESS,4,0,8.81208,0.694649,4.09398,1.41586,4.38724,0.0144058,False,0.814156,0.511729,True,2,0.000000,0,
107,-1,REJECTED_EMPTY_RESULT,4,0,11.9122,0.174576,2.16177,2.04083,2.97804,0.00977858,False,1.02042,1.02042,True,2,inf,0,
108,-1,REJECTED_EMPTY_RESULT,4,0,5.31319,0.81591,0.511791,0.91473,1.3283,0.00436154,False,0.457365,0.457365,True,2,inf,0,
109,-1,REJECTED_EMPTY_RESULT,4,0,4.33112,0.788204,0.703156,0.238163,1.08278,0.00355538,False,0.119081,0.119081,True,2,inf,0,
110,-1,REJECTED_EMPTY_RESULT,4,0,20.627,0.483353,1.6142,4.87368,5.15675,0.0169325,False,2.43684,2.43684,True,2,inf,0,
111,63,SUCCESS,7,0,19.2693,4.3136,4.49172,5.63756,8.40028,0.0275828,False,0.431164,0.28143,False,0,inf,0,
112,64,SUCCESS,4,0,16.9283,0.973442,5.19801,5.67139,7.75446,0.0254622,False,3.16014,2.03122,True,2,0.000000,0,
113,-1,REJECTED_EMPTY_RESULT,4,0,15.1968,2.52609,2.46606,1.40401,3.79919,0.0124749,False,0.702003,0.702003,True,2,inf,0,
114,65,SUCCESS,8,0,25.2743,1.64746,3.38146,4.58505,5.93052,0.0194732,False,3.02504,1.77888,True,20,inf,0,
115,-1,REJECTED_EMPTY_RESULT,4,0,10.7057,0.610031,1.41635,2.18748,2.67642,0.0087882,False,1.09374,1.09374,True,2,inf,0,
116,-1,REJECTED_EMPTY_RESULT,4,0,8.22679,0.346092,0.121975,2.0237,2.0567,0.0067533,False,1.01185,1.01185,True,2,inf,0,
117,-1,REJECTED_EMPTY_RESULT,4,0,7.95695,2.05898,1.86389,0.529007,2.82725,0.00928346,False,0.359625,0.216302,True,2,0.000000,0,
118,66,SUCCESS,4,0,7.95695,2.05898,1.86389,0.529007,2.82725,0.00928346,False,0.359625,0.216302,True,2,0.000000,0,
119,-1,REJECTED_EMPTY_RESULT,4,0,8.10345,1.97749,0.0259094,0.439281,2.02586,0.00665205,False,0.219641,0.219641,True,2,inf,0,
120,-1,REJECTED_EMPTY_RESULT,4,0,6.26347,1.0182,1.09291,0.469833,1.56587,0.00514163,False,0.234917,0.234917,True,2,inf,0,
121,-1,REJECTED_EMPTY_RESULT,6,0,14.7047,1.99019,2.46999,1.52988,3.52168,0.0115637,False,0.859693,0.534541,True,9,0.000000,0,
122,67,SUCCESS,8,0,15.5682,3.16058,1.43925,0.332619,3.48874,0.0114555,False,0.222479,0.135797,True,20,inf,0,
123,68,SUCCESS,8,0,17.5928,1.81064,1.82327,1.62024,3.03775,0.00997464,False,1.07597,0.661501,True,20,inf,0,
124,-1,REJECTED_EMPTY_RESULT,4,0,5.44494,1.13631,0.642025,0.386719,1.36123,0.0044697,False,0.193359,0.193359,True,2,inf,0,
125,-1,REJECTED_EMPTY_RESULT,4,0,6.30794,0.377163,1.42875,0.550728,1.57699,0.00517813,False,0.275364,0.275364,True,2,inf,0,
126,69,SUCCESS,4,0,8.83804,2.6543,0.805104,3.16969,4.21194,0.0138302,False,1.66624,1.12361,True,2,0.000000,0,
127,70,SUCCESS,8,0,10.5025,1.19545,0.541103,2.11655,2.49031,0.00817709,False,1.22084,0.765767,True,20,inf,0,
128,-1,REJECTED_EMPTY_RESULT,4,0,6.94782,1.6499,0.226783,0.493362,1.73696,0.0057034,False,0.246681,0.246681,True,2,inf,0,
129,-1,REJECTED_EMPTY_RESULT,4,0,8.48076,1.86086,0.604659,0.816576,2.12019,0.00696178,False,0.408288,0.408288,True,2,inf,0,
130,-1,REJECTED_EMPTY_RESULT,4,0,5.07906,1.16744,0.315928,0.386754,1.26977,0.00416935,False,0.193377,0.193377,True,2,inf,0,
131,-1,REJECTED_EMPTY_RESULT,4,0,4.76276,0.899056,0.0425243,0.779509,1.19069,0.00390971,False,0.389754,0.389754,True,2,inf,0,
132,71,SUCCESS,6,0,17.7023,3.17095,3.51294,3.8192,6.08128,0.0199683,False,1.92935,1.36489,True,9,0.000000,0,
133,72,SUCCESS,8,0,15.8595,1.91642,2.68629,0.751294,3.38427,0.0111125,False,0.457039,0.315967,True,20,inf,0,
134,73,SUCCESS,8,0,12.3283,1.06181,2.78149,0.435022,3.00888,0.00987984,False,0.245521,0.193597,True,20,inf,0,
135,74,SUCCESS,22,0,54.5589,12.7306,6.30717,10.6042,17.7284,0.0582125,False,2.9471,1.64555,True,5,0.000000,0,
136,-1,REJECTED_EMPTY_RESULT,4,0,7.93133,1.45415,0.830074,1.06209,1.98283,0.00651075,False,0.531044,0.531044,True,2,inf,0,
137,75,SUCCESS,8,0,15.3998,1.77003,3.08671,0.947168,3.6821,0.0120904,False,0.646666,0.376959,True,20,inf,0,
138,76,SUCCESS,8,0,18.9267,5.51751,2.12852,5.83126,8.30525,0.0272708,False,0.917485,0.363219,False,0,inf,0,
139,77,SUCCESS,8,0,20.8308,1.75329,4.28547,1.64649,4.91428,0.0161364,False,1.09367,0.672213,True,20,inf,0,
140,-1,REJECTED_EMPTY_RESULT,4,0,3.52752,0.28178,0.063983,0.833199,0.881881,0.00289571,False,0.416599,0.416599,True,2,inf,0,
141,-1,REJECTED_EMPTY_RESULT,4,0,6.72803,0.0161896,0.594324,1.57342,1.68201,0.00552297,False,0.786712,0.786712,True,2,inf,0,
142,78,SUCCESS,4,0,9.08144,3.27901,1.23799,1.35213,3.7567,0.0123353,False,0.842034,0.561505,True,2,0.000000,0,
143,79,SUCCESS,6,0,17.0016,4.01316,4.27805,2.615,6.42226,0.0210879,False,1.36666,0.959296,True,5,0.000000,0,
144,80,SUCCESS,13,0,37.9918,4.80266,9.6796,1.96999,10.9837,0.0360656,False,1.70678,0.72962,True,15,inf,0,
145,81,SUCCESS,6,0,17.7023,3.17095,3.51294,3.8192,6.08128,0.0199683,False,1.92935,1.36489,True,9,0.000000,0,
146,-1,REJECTED_EMPTY_RESULT,4,0,6.14032,0.60379,0.258951,1.38739,1.53508,0.00504053,False,0.693695,0.693695,True,2,inf,0,
147,-1,REJECTED_EMPTY_RESULT,4,0,7.72652,0.485977,0.818382,1.68085,1.93163,0.00634262,False,0.840426,0.840426,True,2,inf,0,
148,-1,REJECTED_EMPTY_RESULT,4,0,8.75369,0.215126,0.231073,2.16553,2.18842,0.00718582,False,1.08277,1.08277,True,2,inf,0,
149,-1,REJECTED_EMPTY_RESULT,4,0,11.8921,1.04077,2.78014,0.16288,2.97303,0.00976213,False,0.0814402,0.0814402,True,2,inf,0,
150,-1,REJECTED_EMPTY_RESULT,4,0,6.09498,0.0420151,0.231762,1.50543,1.52375,0.00500331,False,0.752715,0.752715,True,2,inf,0,
151,-1,REJECTED_EMPTY_RESULT,4,0,8.18931,0.909035,1.75778,0.524788,2.04733,0.00672253,False,0.262394,0.262394,True,2,inf,0,
152,-1,REJECTED_EMPTY_RESULT,4,0,8.03928,0.420895,1.95362,0.213491,2.00982,0.00659937,False,0.106746,0.106746,True,2,inf,0,
153,82,SUCCESS,24,0,67.9507,6.77959,8.11327,4.82145,11.6204,0.0381564,False,2.66322,1.4675,True,92,0.000000,0,
154,-1,REJECTED_EMPTY_RESULT,4,0,4.73023,0.863258,0.686674,0.426271,1.18256,0.003883,False,0.213136,0.213136,True,2,inf,0,
155,-1,REJECTED_EMPTY_RESULT,4,0,5.30718,0.843991,0.568604,0.851326,1.3268,0.00435662,False,0.425663,0.425663,True,2,inf,0,
156,83,SUCCESS,8,0,17.0575,1.76523,0.64004,3.62944,4.08638,0.0134179,False,2.15629,1.32788,True,20,inf,0,
157,84,SUCCESS,13,0,31.4388,6.70397,8.59377,3.81423,11.5475,0.0379169,False,1.64412,0.873399,True,5,inf,0,
158,-1,REJECTED_EMPTY_RESULT,4,0,3.40643,0.802616,0.254622,0.127327,0.851608,0.00279631,False,0.0636637,0.0636637,True,2,inf,0,
159,-1,REJECTED_EMPTY_RESULT,4,0,2.32231,0.512689,0.114893,0.24702,0.580577,0.00190636,False,0.12351,0.12351,True,2,inf,0,
160,-1,REJECTED_EMPTY_RESULT,4,0,4.71172,1.01077,0.222458,0.562468,1.17793,0.00386781,False,0.281234,0.281234,True,2,inf,0,
161,-1,REJECTED_EMPTY_RESULT,4,0,5.83596,1.33204,0.0313873,0.594421,1.45899,0.00479068,False,0.29721,0.29721,True,2,inf,0,
162,-1,REJECTED_EMPTY_RESULT,4,0,4.17423,0.276215,0.640926,0.775841,1.04356,0.00342658,False,0.38792,0.38792,True,2,inf,0,
163,-1,REJECTED_EMPTY_RESULT,4,0,9.12483,1.44467,1.52231,0.894094,2.28121,0.00749049,False,0.447047,0.447047,True,2,inf,0,
164,85,SUCCESS,9,0,23.9487,2.42486,9.38114,4.5194,10.6916,0.0351066,False,0.781258,0.38696,False,0,0.000000,0,
165,-1,REJECTED_EMPTY_RESULT,4,0,3.72426,0.58535,0.382259,0.614919,0.931065,0.00305721,False,0.307459,0.307459,True,2,inf,0,
166,-1,REJECTED_EMPTY_RESULT,4,0,3.99002,0.119823,0.863297,0.485155,0.997504,0.00327537,False,0.242578,0.242578,True,2,inf,0,
167,-1,REJECTED_EMPTY_RESULT,4,0,8.48266,0.967787,1.55886,1.06328,2.12067,0.00696334,False,0.531638,0.531638,True,2,inf,0,
168,-1,REJECTED_EMPTY_RESULT,4,0,7.74002,0.734238,0.138725,1.78491,1.93501,0.00635371,False,0.892454,0.892454,True,2,inf,0,
169,-1,REJECTED_EMPTY_RESULT,8,0,18.4933,0.48792,3.46956,1.91933,3.99497,0.0131177,False,1.28039,0.783564,True,20,inf,0,
170,-1,REJECTED_EMPTY_RESULT,4,0,12.3426,2.29152,2.81461,1.47181,3.91655,0.0128602,False,0.804766,0.674117,True,2,inf,0,
171,-1,REJECTED_EMPTY_RESULT,4,0,13.2498,2.86443,1.6121,0.410583,3.31246,0.0108767,False,0.205292,0.205292,True,2,inf,0,
172,-1,REJECTED_EMPTY_RESULT,4,0,4.16207,0.350611,0.355379,0.912938,1.04052,0.00341661,False,0.456469,0.456469,True,2,inf,0,
173,-1,REJECTED_EMPTY_RESULT,4,0,7.25383,1.39529,0.426666,1.07691,1.81346,0.0059546,False,0.538455,0.538455,True,2,inf,0,
174,-1,REJECTED_EMPTY_RESULT,8,0,18.5566,2.28701,1.95375,1.86001,3.53655,0.0116125,False,1.33502,0.776975,True,20,inf,0,
175,86,SUCCESS,8,0,10.5619,1.61311,0.604367,1.84055,2.52091,0.00827757,False,0.945111,0.651205,True,20,inf,0,
176,-1,REJECTED_EMPTY_RESULT,4,0,6.13543,1.0208,0.515954,1.02199,1.53386,0.00503652,False,0.510997,0.510997,True,2,inf,0,
177,87,SUCCESS,8,1,22.3763,2.18693,4.54732,0.942744,5.13318,0.0168551,False,0.476462,0.333349,True,20,inf,0,
178,88,SUCCESS,12,1,33.9239,3.94461,3.47634,3.46175,6.29513,0.0206704,False,1.78437,1.0734,True,38,inf,0,
179,89,SUCCESS,4,1,10.3027,2.99929,2.5173,3.11964,5.00647,0.016439,False,1.56728,1.10298,True,2,0.000000,0,
180,-1,REJECTED_EMPTY_RESULT,4,1,10.3027,2.99929,2.5173,3.11964,5.00647,0.016439,False,1.56728,1.10298,True,2,inf,0,
181,90,SUCCESS,3,2,6.79951,2.25495,1.61301,1.74762,3.27732,0.0107613,False,3.10862e-15,3.09023e-15,False,0,0.000000,1,1
182,91,SUCCESS,17,4,47.2036,7.47238,9.89687,9.80841,15.8111,0.0519166,False,4.35741,2.29316,False,0,inf,1,0
183,-1,REJECTED_EMPTY_RESULT,4,7,20.2237,3.60604,3.2574,1.39582,5.05594,0.0166015,False,0.697911,0.697911,True,2,inf,0,
184,92,SUCCESS,18,7,60.386,9.04245,14.6985,16.8897,24.1469,0.079288,False,2.70389,1.48371,False,0,0.000000,1,0
185,93,SUCCESS,5,7,13.2069,1.77988,3.79055,3.08027,5.19849,0.0170696,False,1.04065,0.582275,False,0,inf,0,
186,94,SUCCESS,12,11,33.8746,5.79978,8.78442,7.4891,12.9186,0.042419,False,2.21951,1.33581,False,0,inf,1,0
187,95,SUCCESS,14,12,48.6364,5.76146,8.35929,17.6006,20.3188,0.066718,False,1.85135,0.86846,False,0,inf,1,0
