idx,v,x,y,z
0,v6680,-21.872058868408203,12.281564712524414,-20.375339508056641
1,v6364,-21.237388610839844,14.249312400817871,-19.351104736328125
2,v5596,-20.010387420654297,16.123300552368164,-17.152584075927734
3,v5278,-19.461874008178711,16.577714920043945,-13.699533462524414
4,v4672,-17.899347305297852,16.76869010925293,-12.800413131713867
5,v5277,-14.927371978759766,15.81254768371582,-14.244537353515625
6,v5140,-15.570524215698242,13.349040031433105,-11.454196929931641
7,v4824,-18.825284957885742,11.328934669494629,-9.378753662109375
8,v4278,-19.434844970703125,13.435366630554199,-6.277163028717041
9,v3883,-19.148792266845703,12.912931442260742,-2.9245688915252686
10,v3891,-19.581733703613281,10.184264183044434,-1.0578663349151611
11,v4050,-20.381969451904297,6.2918305397033691,-1.5663785934448242
12,v4558,-20.801124572753906,3.9837644100189209,-2.2010486125946045
13,v4836,-20.862983703613281,5.2443132400512695,-3.3521959781646729
14,v4833,-21.651565551757812,6.7939791679382324,-5.1881818771362305
15,v4829,-23.244739532470703,9.2195196151733398,-6.1522274017333984
16,v4825,-27.110115051269531,11.316036224365234,-7.4389328956604004
17,v4823,-30.537336349487305,13.172778129577637,-7.4361257553100586
18,v4418,-33.486320495605469,14.762883186340332,-6.8905501365661621
19,v4683,-35.665313720703125,14.50974178314209,-8.5448713302612305
20,v4681,-36.800975799560547,15.287820816040039,-8.1629829406738281
21,v4677,-37.389675140380859,15.836605072021484,-8.1549892425537109
22,v12805,-37.215381622314453,14.580368995666504,-7.5064373016357422
23,v4284,-37.525203704833984,13.095463752746582,-5.0630435943603516
24,v4549,-35.225040435791016,10.745232582092285,-4.8715085983276367
25,v4039,-32.956268310546875,9.6603221893310547,-2.6916918754577637
26,v3887,-33.208164215087891,12.483426094055176,-1.5568288564682007
27,v3764,-33.201416015625,15.743856430053711,-3.8491897583007812
28,v3487,-30.997379302978516,18.852479934692383,-1.3878729343414307
29,v3209,-32.334384918212891,17.198793411254883,0.93989801406860352
30,v3377,-32.48858642578125,13.65086841583252,1.833655834197998
31,v3893,-31.200130462646484,10.752866744995117,-0.51719141006469727
32,v4165,-31.676464080810547,8.134307861328125,-2.2337031364440918
33,v4700,-33.047870635986328,3.6854217052459717,-3.5976970195770264
34,v4702,-32.11700439453125,0.70873528718948364,-2.5916943550109863
35,v4707,-33.232345581054688,-1.655759334564209,-1.6549520492553711
36,v4568,-34.209140777587891,-3.3009092807769775,0.12334156036376953
37,v4569,-34.289852142333984,-3.8962759971618652,1.0913989543914795
38,v4434,-37.064208984375,-2.4889321327209473,0.9172360897064209
39,v4063,-36.396202087402344,-2.3515605926513672,4.7393660545349121
40,v3657,-35.262649536132812,-2.7910656929016113,7.244873046875
41,v3401,-34.270496368408203,-1.6900303363800049,9.6606969833374023
42,v3107,-33.249835968017578,-0.80834674835205078,11.972066879272461
43,v2569,-32.187191009521484,1.5273697376251221,14.632667541503906
44,v2453,-31.817079544067383,-3.1627027988433838,18.723886489868164
45,v2456,-32.303642272949219,-6.308049201965332,20.275188446044922
46,v2106,-29.852519989013672,-6.2368249893188477,21.029077529907227
47,v2710,-31.544338226318359,-8.3708209991455078,16.728965759277344
48,v3122,-32.604942321777344,-8.0970487594604492,14.082883834838867
49,v3415,-31.03099250793457,-9.6524600982666016,11.334506034851074
50,v4076,-31.013059616088867,-10.581380844116211,7.3955698013305664
51,v4073,-32.694435119628906,-9.8956451416015625,6.1912260055541992
52,v4323,-34.063465118408203,-10.033828735351562,3.8805198669433594
53,v4867,-33.981975555419922,-9.846074104309082,-0.43948185443878174
54,v5339,-34.508132934570312,-9.7294740676879883,-2.3247373104095459
55,v5330,-34.553981781005859,-7.1117739677429199,-3.8540058135986328
56,v5190,-35.295413970947266,-4.0316896438598633,-3.5243997573852539
57,v5033,-33.512031555175781,-2.4903652667999268,-2.8806052207946777
58,v4848,-33.44158935546875,-0.35885974764823914,-3.0283708572387695
59,v5035,-35.503452301025391,-1.9222815036773682,-3.800753116607666
60,v5478,-35.312870025634766,-3.4116358757019043,-6.2342886924743652
61,v5968,-34.674720764160156,-6.2731599807739258,-7.5410432815551758
62,v5974,-34.495803833007812,-8.3538103103637695,-6.8463101387023926
63,v6442,-34.018123626708984,-9.3373556137084961,-7.9063010215759277
64,v6133,-34.735805511474609,-10.652379989624023,-6.8291559219360352
65,v12956,-35.071636199951172,-13.861235618591309,-5.1375980377197266
66,v12869,-33.717029571533203,-12.060248374938965,-3.1790037155151367
67,v6136,-35.071636199951172,-13.861235618591309,-5.1375980377197266
68,v12868,-33.717029571533203,-12.060248374938965,-3.1790037155151367
69,v12885,-33.448810577392578,-13.722164154052734,-1.2007205486297607
70,v5211,-33.036334991455078,-12.64686393737793,-0.51942062377929688
71,v4579,-31.260005950927734,-12.384969711303711,4.0893807411193848
72,v4882,-26.272544860839844,-13.615890502929688,3.1210465431213379
73,v4716,-25.493696212768555,-13.549991607666016,3.4311223030090332
74,v4325,-28.281501770019531,-12.307886123657227,5.5677809715270996
75,v3800,-28.258516311645508,-11.504379272460938,10.011838912963867
76,v3801,-24.53248405456543,-12.286234855651855,11.243595123291016
77,v3416,-19.431428909301758,-12.466500282287598,14.005289077758789
78,v2852,-17.185317993164062,-12.762129783630371,16.089466094970703
79,v2458,-20.386560440063477,-11.750388145446777,18.759550094604492
80,v2336,-21.174295425415039,-11.716553688049316,23.031827926635742
81,v1891,-22.253635406494141,-10.751336097717285,25.348278045654297
82,v1608,-22.344036102294922,-8.8699941635131836,28.068929672241211
83,v1339,-19.937206268310547,-7.1796774864196777,30.778688430786133
84,v1340,-16.413986206054688,-9.7720146179199219,30.306421279907227
85,v1792,-15.527660369873047,-11.837531089782715,29.283185958862305
86,v1520,-13.643196105957031,-11.339577674865723,30.91358757019043
87,v1614,-10.29794979095459,-14.675999641418457,30.789793014526367
88,v1717,-7.8941335678100586,-16.793939590454102,30.022260665893555
89,v1616,-4.2222166061401367,-17.989469528198242,30.614740371704102
90,v12531,-0.81379890441894531,-20.502840042114258,27.270660400390625
91,v1526,-0.40472650527954102,-18.234115600585938,32.038131713867188
92,v961,4.2196927070617676,-15.681265830993652,35.896400451660156
93,v777,7.8902144432067871,-14.098846435546875,37.578582763671875
94,v548,5.1858115196228027,-10.792038917541504,38.626365661621094
95,v394,8.7434463500976562,-5.3691368103027344,40.534149169921875
96,v287,9.3057765960693359,-0.55039507150650024,41.300453186035156
97,v241,13.223337173461914,1.9126904010772705,41.600669860839844
98,v203,13.057357788085938,4.8313188552856445,41.441131591796875
99,v199,13.875078201293945,6.5851645469665527,41.25146484375
100,v197,11.14453125,6.7332839965820312,41.229499816894531
101,v201,7.2008500099182129,5.5629863739013672,41.260467529296875
102,v240,3.2163386344909668,2.6541712284088135,41.006004333496094
103,v324,-3.4140036106109619,5.4287447929382324,39.908531188964844
104,v234,-2.8622312545776367,11.227625846862793,38.406829833984375
105,v192,-0.79340791702270508,14.031704902648926,37.788414001464844
106,v226,-2.386793851852417,15.171645164489746,36.680099487304688
107,v275,-6.1766252517700195,16.515165328979492,34.227996826171875
108,v318,-7.4986495971679688,17.795278549194336,32.35748291015625
109,v380,-10.36617374420166,14.901671409606934,32.48907470703125
110,v595,-12.928510665893555,15.469589233398438,30.402284622192383
111,v665,-17.239425659179688,12.555023193359375,30.843137741088867
112,v672,-21.875728607177734,12.543498992919922,28.433540344238281
113,v921,-26.269748687744141,13.844456672668457,23.871452331542969
114,v1312,-24.384735107421875,16.55872917175293,19.587890625
115,v1308,-20.96368408203125,17.265674591064453,19.197490692138672
116,v1672,-21.016212463378906,18.064077377319336,15.67951774597168
117,v1860,-17.867244720458984,18.624494552612305,12.503338813781738
118,v1854,-13.212623596191406,18.771871566772461,12.395292282104492
119,v1669,-11.16164493560791,18.363384246826172,15.702333450317383
120,v1480,-11.165929794311523,17.71330451965332,18.034355163574219
121,v1095,-10.154247283935547,18.222698211669922,19.945535659790039
122,v901,-7.1456785202026367,19.861715316772461,21.604402542114258
123,v742,-3.2272708415985107,21.134180068969727,25.317668914794922
124,v274,-1.1920022964477539,21.613819122314453,26.975332260131836
125,v739,-0.82447481155395508,21.65846061706543,24.533157348632812
126,v12459,1.889068603515625,22.936017990112305,23.521181106567383
127,v12458,2.300908088684082,24.141727447509766,23.803403854370117
128,v811,3.429013729095459,22.730443954467773,20.770092010498047
129,v889,4.7794966697692871,22.585918426513672,18.682090759277344
130,v1286,2.3852581977844238,21.496711730957031,16.839498519897461
131,v1750,1.1583347320556641,20.430801391601562,14.162708282470703
132,v1375,-1.7112841606140137,20.217475891113281,14.152015686035156
133,v1953,-5.7029175758361816,19.256240844726562,10.380505561828613
134,v2179,-7.6174211502075195,18.986032485961914,8.7752838134765625
135,v1960,-9.4159584045410156,19.197397232055664,10.684344291687012
136,v2183,-14.571132659912109,18.981958389282227,10.159820556640625
137,v2298,-18.228485107421875,19.197671890258789,9.8684167861938477
138,v2297,-22.432126998901367,19.582857131958008,8.5064611434936523
139,v2418,-25.463268280029297,19.035671234130859,7.9264507293701172
140,v2422,-27.553535461425781,18.157281875610352,8.6046152114868164
141,v2421,-29.881423950195312,18.151948928833008,8.0840435028076172
142,v2543,-31.450336456298828,19.929906845092773,5.9285888671875
143,v2804,-31.410654067993164,21.651288986206055,3.8400888442993164
144,v3198,-30.640457153320312,21.481559753417969,-0.19911301136016846
145,v3358,-29.134471893310547,20.722492218017578,-2.6007094383239746
146,v3752,-26.674333572387695,20.392299652099609,-3.7039961814880371
147,v4028,-25.029788970947266,18.314218521118164,-5.1028423309326172
148,v4149,-22.631183624267578,15.495677947998047,-5.4498448371887207
149,v4150,-20.567464828491211,13.218833923339844,-5.320228099822998
150,v4680,-22.062763214111328,12.53497314453125,-9.5095119476318359
151,v5294,-24.134769439697266,10.940410614013672,-11.772075653076172
152,v12803,-22.062763214111328,12.53497314453125,-9.5095119476318359
153,v12857,-24.134769439697266,10.940410614013672,-11.772075653076172
154,v12804,-22.062763214111328,12.53497314453125,-9.5095119476318359
155,v5289,-23.164388656616211,11.386422157287598,-12.406203269958496
156,v5924,-23.796823501586914,8.4063596725463867,-14.623517990112305
157,v6552,-22.461027145385742,8.357966423034668,-19.18269157409668
