idx,v,x,y,z,sheet,confidence,is_transition_start
0,v12615,327.268,-252.612,-260.416,0,0.364521,False
1,v48918,333.581,-253.674,-269.284,0,0.238553,True
2,v48919,338.378,-250.799,-270.957,1,0.527598,True
3,v11885,337.481,-253.971,-275.284,0,0.316752,False
4,v11758,338.809,-250.755,-277.034,0,0.412525,True
5,v48920,340.091,-247.491,-274.137,1,0.304815,True
6,v11759,337.633,-246.524,-277.194,0,0.449605,False
7,v48893,328.74,-241.191,-275.231,0,0.605487,False
8,v11539,332.384,-246.589,-280.862,0,1.2026,False
9,v48883,324.401,-245.327,-280.632,0,1.39184,False
10,v10940,322.569,-245.838,-287.318,0,1.59817,False
11,v48881,312.045,-243.764,-281.889,0,1.44798,False
12,v10846,306.268,-243.538,-290.734,0,1.64114,False
13,v48878,303.263,-242.726,-284.718,0,1.5231,False
14,v48873,295.225,-240.621,-286.685,0,1.47038,False
15,v48874,287.026,-236.911,-281.224,0,1.31824,False
16,v48869,283.701,-236.734,-288.205,0,1.51406,False
17,v48866,277.25,-234.132,-291.749,0,1.62008,False
18,v10123,286.315,-236.563,-298.265,0,1.77782,False
19,v10231,277.562,-233.374,-297.148,0,1.82714,False
20,v10008,278.822,-231.226,-303.432,0,1.87946,False
21,v48860,272.466,-231.602,-294.309,0,1.77491,False
22,v9790,270.296,-228.376,-301.87,0,1.83439,False
23,v48861,265.832,-228.676,-295.868,0,1.78458,False
24,v48850,258.493,-222.1,-302.552,0,1.85256,False
25,v48844,243.87,-209.691,-307.976,0,1.86286,False
26,v9377,258.094,-215.869,-310.345,0,1.87758,False
27,v9184,248.21,-207.641,-312.945,0,1.88473,False
28,v9278,259.183,-208.389,-316.827,0,1.8222,False
29,v48839,261.377,-201.948,-320.888,0,1.83523,False
30,v9182,271.774,-207.666,-319.73,0,1.65676,False
31,v48840,262.275,-193.767,-322.995,0,1.48968,False
32,v48842,274.355,-194.916,-321.908,0,1.29494,False
33,v48847,277.246,-189.025,-320.798,0,1.04565,False
34,v48849,284.635,-193.306,-319.826,0,0.87519,False
35,v48851,286.6,-189.71,-317.472,0,0.45208,False
36,v48852,295.057,-196.574,-316.913,0,0.582645,False
37,v48856,303.601,-199.745,-313.24,0,0.400757,False
38,v9679,301.027,-204.496,-316.816,0,0.960376,False
39,v9791,306.732,-213.078,-315.122,0,1.39475,False
40,v48863,313.513,-214.544,-312.638,0,1.33215,False
41,v10125,311.879,-223.475,-311.918,0,1.53344,False
42,v48862,318.858,-220.113,-310.748,0,1.4331,False
43,v48865,321.626,-226.838,-308.727,0,1.49084,False
44,v48868,327.984,-226.658,-306.566,0,1.35833,False
45,v48867,325.691,-233.081,-306.287,0,1.59052,False
46,v48870,333.151,-233.099,-303.899,0,1.59325,False
47,v10742,334.159,-240.266,-301.267,0,1.81358,False
48,v10743,339.298,-238.441,-300.303,0,1.76325,False
49,v10844,341.343,-243.761,-295.332,0,1.8828,False
50,v48879,344.918,-239.593,-297.016,0,1.7916,False
51,v11229,349.699,-244.59,-291.521,0,1.82741,False
52,v11330,354.381,-243.792,-289.499,0,1.68572,False
53,v11534,354.878,-250.111,-284.742,0,1.87723,False
54,v48907,360.221,-256.39,-280.483,0,1.93965,False
55,v48917,352.313,-257.199,-278.574,0,1.83494,False
56,v48897,348.209,-261.147,-278.231,0,0.247546,True
57,v48895,350.111,-265.426,-281.297,1,1.29134,False
58,v48896,347.821,-265.202,-277.395,1,1.37627,False
59,v48905,350.168,-269.57,-276.579,1,0.708225,False
60,v48915,354.446,-274.547,-275.305,1,1.10059,False
61,v48924,359.888,-275.725,-274.288,1,1.23769,False
62,v48903,362.839,-275.16,-279.108,1,1.66968,False
63,v48916,369.126,-273.475,-279.936,1,1.25566,False
64,v11881,367.359,-274.512,-283.422,1,1.63083,False
65,v12029,372.747,-275.172,-281.25,1,1.74374,False
66,v11642,365.823,-273.821,-286.863,1,1.14663,True
67,v48887,363.128,-272.985,-289.239,0,1.42445,False
68,v48886,356.774,-272.935,-288.509,0,1.62663,False
69,v11639,352.296,-277.489,-283.732,0,1.72898,False
70,v12027,354.185,-281.369,-278.743,0,1.8504,False
71,v48891,360.563,-277.611,-284.964,0,1.92845,False
72,v12028,358.671,-281.712,-277.352,0,1.82133,False
73,v48902,366.934,-278.971,-280.177,0,1.76725,False
74,v12607,360.267,-283.383,-270.569,0,1.67029,False
75,v48952,371.054,-280.803,-270.888,0,1.54221,False
76,v12961,365.191,-282.779,-260.884,0,1.37463,False
77,v13670,371.574,-280.623,-256.665,0,1.24992,False
78,v14016,365.755,-281.211,-252.674,0,1.06496,False
79,v48984,374.426,-277.749,-251.347,0,0.730491,False
80,v48978,383.949,-274.112,-255.63,0,0.707567,False
81,v48987,380.198,-271.319,-244.934,0,0.445366,False
82,v49000,381.746,-265.448,-240.137,0,0.157691,True
83,v14886,375.826,-266.954,-236.497,1,0.0139301,False
84,v15028,380.796,-259.045,-236.43,1,0.683798,False
85,v48995,386.451,-258.661,-242.308,1,0.80689,False
86,v15031,384.322,-248.94,-238.802,1,0.919596,False
87,v48993,390.342,-246.504,-248.37,1,0.892896,False
88,v14773,385.86,-239.365,-242.417,1,1.15839,False
89,v14546,389.226,-238.903,-247.677,1,1.31253,False
90,v14549,385.527,-232.456,-246.721,1,1.40729,False
91,v14317,384.479,-226.698,-252.805,1,1.56894,False
92,v14316,389.718,-233.906,-252.917,1,1.46523,False
93,v14026,389.36,-228.293,-258.63,1,1.30559,False
94,v48980,391.818,-233.891,-259.271,1,0.576431,False
95,v48982,393.225,-244.208,-257.985,1,0.46429,False
96,v48979,392.834,-236.783,-265.66,1,0.597151,True
97,v12969,392.444,-244.339,-272.778,0,0.43082,False
98,v12789,389.297,-246.801,-276.813,0,0.925638,False
99,v12616,389.394,-243.474,-278.661,0,1.02793,False
100,v12446,385.041,-242.49,-279.808,0,1.77401,False
101,v48955,382.122,-241.918,-275.548,0,1.63357,False
102,v48938,380.211,-240.489,-279.733,0,1.43126,False
103,v48940,378.233,-237.968,-276.305,0,1.04813,False
104,v12241,377.508,-237.702,-281.437,0,1.29244,False
105,v12052,374.733,-235.045,-281.427,0,1.06223,False
106,v12250,372.319,-230.412,-276.208,0,0.694744,False
107,v48972,370.839,-225.685,-268.819,0,0.67872,False
108,v12249,366.622,-228.65,-274.56,0,0.561356,False
109,v12251,361.383,-229.871,-273.388,0,0.364503,False
110,v12248,362.776,-233.315,-278.377,0,0.134416,True
111,v12243,362.609,-236.736,-276.74,1,0.230222,True
112,v12058,363.027,-236.984,-281.398,0,0.493304,False
113,v11889,363.653,-241.467,-280.745,0,0.529811,False
114,v11760,361.288,-239.729,-284.165,0,0.688105,False
115,v48885,356.107,-239.315,-289.285,0,0.61148,False
116,v11659,357.753,-235.491,-287.038,0,0.418062,True
117,v48884,354.094,-231.723,-286.478,1,0.121032,False
118,v11897,358.218,-228.789,-280.841,1,0.367908,False
119,v48901,353.187,-228.816,-280.123,1,1.0112,False
120,v48923,355.928,-227.356,-276.601,1,0.661148,False
121,v12455,353.418,-228.755,-273.084,1,0.500605,True
122,v12629,353.843,-226.543,-269.986,0,0.445465,False
123,v12799,353.157,-227.961,-266.705,0,1.21193,False
124,v12988,350.063,-228.518,-263.394,0,1.47517,False
125,v13180,348.453,-231.082,-260.852,0,1.73856,False
126,v13354,348.075,-232.443,-259.635,0,1.85804,False
127,v13177,345.055,-233.245,-260.069,0,1.21616,False
128,v12986,342.037,-238.815,-260.81,0,0.501875,True
129,v12977,345.001,-244.097,-262.298,1,0.386623,False
130,v13346,348.422,-244.504,-260.562,1,1.52152,False
131,v13170,351.811,-241.199,-260.427,1,0.931193,False
132,v13497,353.074,-239.106,-255.614,1,0.357878,True
133,v14025,353.099,-236.169,-252.183,0,0.0504084,False
134,v14024,352.335,-234.871,-250.109,0,0.235575,False
135,v14027,354.556,-232.314,-252.14,0,0.0567688,False
136,v14028,356.359,-229.115,-252.971,0,0.076169,True
137,v13683,356.709,-230.699,-255.008,1,0.0676963,False
138,v13503,356.964,-232.846,-259.418,1,0.593159,False
139,v13181,357.863,-230.277,-263.742,1,1.14814,False
140,v13183,361.616,-226.042,-262.217,1,1.28383,False
141,v13687,364.362,-224.748,-260.356,1,1.49446,False
142,v13688,366.841,-224.359,-260.686,1,1.57834,False
143,v13355,368.538,-224.195,-263.666,1,1.3075,False
144,v13182,370.839,-225.685,-268.819,1,0.983417,False
145,v48928,366.622,-228.65,-274.56,1,0.734328,False
146,v48930,361.383,-229.871,-273.388,1,0.267003,True
147,v48927,362.776,-233.315,-278.377,0,0.601339,False
148,v48926,362.609,-236.736,-276.74,0,0.554311,False
149,v48922,363.027,-236.984,-281.398,0,0.457514,False
150,v48908,363.653,-241.467,-280.745,0,0.0825879,True
151,v48900,361.288,-239.729,-284.165,1,0.70262,False
152,v11428,356.107,-239.315,-289.285,1,0.939774,False
153,v48894,357.753,-235.491,-287.038,1,0.105702,True
154,v11336,354.094,-231.723,-286.478,0,0.636911,False
155,v48909,358.218,-228.789,-280.841,0,0.863907,False
156,v11764,353.187,-228.816,-280.123,0,1.14124,False
157,v12062,355.928,-227.356,-276.601,0,1.47628,False
158,v48943,353.418,-228.755,-273.084,0,1.27821,True
159,v48951,353.843,-226.543,-269.986,1,0.431002,False
160,v48959,353.157,-227.961,-266.705,1,0.862229,True
161,v48950,354.482,-231.28,-268.118,0,0.358952,False
162,v48949,351.306,-239.413,-266.344,0,1.2865,False
163,v48958,347.794,-244.014,-265.122,0,1.38041,False
164,v12450,346.688,-242.292,-269.535,0,1.20518,False
165,v12791,344.988,-247.313,-265.188,0,0.384683,False
166,v12620,343.287,-249.906,-265.982,0,0.946686,False
167,v12448,340.536,-247.468,-264.852,0,0.526158,True
168,v48967,337.926,-242.905,-261.876,1,0.0581469,True
169,v48947,332.936,-246.995,-261.717,0,0.123844,False
170,v48945,327.268,-252.612,-260.416,0,0.0884018,False
171,v12045,333.581,-253.674,-269.284,0,0.163636,False
172,v12046,338.378,-250.799,-270.957,0,0.8162,False
173,v48906,337.481,-253.971,-275.284,0,0.343288,False
174,v48898,338.809,-250.755,-277.034,0,0.393314,False
175,v12048,340.091,-247.491,-274.137,0,0.829368,False
176,v48899,337.633,-246.524,-277.194,0,0.469216,False
177,v11658,328.74,-241.191,-275.231,0,0.223383,True
178,v48889,332.384,-246.589,-280.862,1,0.359203,False
179,v11333,324.401,-245.327,-280.632,1,0.806171,False
180,v48877,322.569,-245.838,-287.318,1,1.39923,False
181,v11231,312.045,-243.764,-281.889,1,1.12687,False
182,v48876,306.268,-243.538,-290.734,1,1.46508,False
183,v10942,303.263,-242.726,-284.718,1,1.20384,False
184,v10745,295.225,-240.621,-286.685,1,1.13965,False
185,v10747,287.026,-236.911,-281.224,1,1.11093,False
186,v10542,283.701,-236.734,-288.205,1,1.35286,False
187,v10432,277.25,-234.132,-291.749,1,1.54827,False
188,v48858,286.315,-236.563,-298.265,1,1.6582,False
189,v48864,277.562,-233.374,-297.148,1,1.68098,False
190,v48857,278.822,-231.226,-303.432,1,1.74837,False
191,v10126,272.466,-231.602,-294.309,1,1.61908,False
192,v48854,270.296,-228.376,-301.87,1,1.79112,False
193,v10127,265.832,-228.676,-295.868,1,1.65731,False
194,v9485,258.493,-222.1,-302.552,1,1.77989,False
195,v9185,243.87,-209.691,-307.976,1,1.82997,False
196,v48848,258.094,-215.869,-310.345,1,1.86658,False
197,v48843,248.21,-207.641,-312.945,1,1.86487,False
198,v48846,259.183,-208.389,-316.827,1,1.85093,False
199,v9081,261.377,-201.948,-320.888,1,1.68722,False
200,v48841,271.774,-207.666,-319.73,1,1.58728,False
201,v9083,262.275,-193.767,-322.995,1,1.48519,False
202,v9183,274.355,-194.916,-321.908,1,1.17245,False
203,v9280,277.246,-189.025,-320.798,1,0.751996,False
204,v9379,284.635,-193.306,-319.826,1,0.541074,False
205,v9486,286.6,-189.71,-317.472,1,0.0645997,True
206,v9587,295.057,-196.574,-316.913,0,0.0816462,False
207,v9903,303.601,-199.745,-313.24,0,0.0287136,True
208,v48853,301.027,-204.496,-316.816,1,0.667445,False
209,v48855,306.732,-213.078,-315.122,1,0.966711,False
210,v10129,313.513,-214.544,-312.638,1,0.890332,False
211,v48859,311.879,-223.475,-311.918,1,1.35685,False
212,v10128,318.858,-220.113,-310.748,1,1.12044,False
213,v10332,321.626,-226.838,-308.727,1,1.14831,False
214,v10541,327.984,-226.658,-306.566,1,1.06288,False
215,v10539,325.691,-233.081,-306.287,1,1.36006,False
216,v10633,333.151,-233.099,-303.899,1,1.25224,False
217,v48871,334.159,-240.266,-301.267,1,1.55785,False
218,v48872,339.298,-238.441,-300.303,1,1.48607,False
219,v48875,341.343,-243.761,-295.332,1,1.784,False
220,v11048,344.918,-239.593,-297.016,1,1.45289,False
221,v48880,349.699,-244.59,-291.521,1,1.51263,False
222,v48882,354.381,-243.792,-289.499,1,1.41415,False
223,v48888,354.878,-250.111,-284.742,1,1.6757,False
224,v11886,360.221,-256.39,-280.483,1,1.64068,False
225,v12042,352.313,-257.199,-278.574,1,1.74107,False
226,v11753,348.209,-261.147,-278.231,1,0.645391,True
227,v11750,350.111,-265.426,-281.297,0,0.77129,True
228,v11752,347.821,-265.202,-277.395,1,0.321559,False
229,v11883,350.168,-269.57,-276.579,1,0.779054,False
230,v12030,354.446,-274.547,-275.305,1,0.402241,True
231,v12228,359.888,-275.725,-274.288,0,0.170625,False
232,v11880,362.839,-275.16,-279.108,0,0.887797,False
233,v12032,369.126,-273.475,-279.936,0,0.0279552,False
234,v48904,367.359,-274.512,-283.422,0,0.898791,True
235,v48914,372.747,-275.172,-281.25,1,0.788117,False
236,v48892,365.823,-273.821,-286.863,1,1.83454,False
237,v11527,363.128,-272.985,-289.239,1,1.89908,False
238,v11525,356.774,-272.935,-288.509,1,1.95413,False
239,v48890,352.296,-277.489,-283.732,1,1.96986,False
240,v48912,354.185,-281.369,-278.743,1,1.98349,False
241,v11641,360.563,-277.611,-284.964,1,1.9143,False
242,v48913,358.671,-281.712,-277.352,1,1.89909,False
243,v11878,366.934,-278.971,-280.177,1,1.81577,False
244,v48944,360.267,-283.383,-270.569,1,1.76593,False
245,v12780,371.054,-280.803,-270.888,1,1.62031,False
246,v48962,365.191,-282.779,-260.884,1,1.4253,False
247,v48977,371.574,-280.623,-256.665,1,1.11445,False
248,v48981,365.755,-281.211,-252.674,1,0.949706,False
249,v14166,374.426,-277.749,-251.347,1,0.984854,False
250,v13851,383.949,-274.112,-255.63,1,0.80752,False
251,v14429,380.198,-271.319,-244.934,1,0.334523,True
252,v14887,381.746,-265.448,-240.137,0,0.295438,False
253,v48999,375.826,-266.954,-236.497,0,0.459307,False
254,v49004,380.796,-259.045,-236.43,0,0.468993,False
255,v14765,386.451,-258.661,-242.308,0,0.531866,False
256,v49005,384.322,-248.94,-238.802,0,0.75918,False
257,v14651,390.342,-246.504,-248.37,0,0.695946,False
258,v48996,385.86,-239.365,-242.417,0,0.894182,False
259,v48989,389.226,-238.903,-247.677,0,0.912898,False
260,v48990,385.527,-232.456,-246.721,0,1.33697,False
261,v48986,384.479,-226.698,-252.805,0,1.40413,False
262,v48985,389.718,-233.906,-252.917,0,1.00567,False
263,v48983,389.36,-228.293,-258.63,0,1.02928,False
264,v13868,391.818,-233.891,-259.271,0,0.851567,False
265,v14019,393.225,-244.208,-257.985,0,0.468791,False
266,v13866,392.834,-236.783,-265.66,0,0.164088,True
267,v48963,392.444,-244.339,-272.778,1,0.335192,False
268,v48953,389.297,-246.801,-276.813,1,1.493,False
269,v48946,389.394,-243.474,-278.661,1,1.87365,False
270,v48936,385.041,-242.49,-279.808,1,1.32735,False
271,v48957,382.122,-241.918,-275.548,1,1.05168,False
272,v12976,384.33,-241.364,-275.559,1,0.832365,False
273,v48956,382.122,-241.918,-275.548,1,1.0708,False
274,v12449,380.211,-240.489,-279.733,1,1.01713,True
275,v12451,378.233,-237.968,-276.305,0,0.295498,False
276,v12979,383.261,-236.608,-274.325,0,0.869314,False
277,v48964,384.33,-241.364,-275.559,0,0.845381,False
278,v12792,382.122,-241.918,-275.548,0,1.01014,False
279,v13166,379.936,-240.056,-269.631,0,0.0986093,True
280,v13493,381.241,-239.877,-266.333,1,0.498761,False
281,v48973,381.013,-237.535,-267.636,1,0.444918,True
282,v48965,377.448,-236.851,-271.23,0,0.406317,True
283,v48970,379.257,-232.741,-269.78,1,1.09425,False
284,v12985,380.632,-233.479,-273.232,1,0.458116,False
285,v48941,378.233,-237.968,-276.305,1,0.00797903,False
286,v48925,377.508,-237.702,-281.437,1,0.521872,False
287,v48921,374.733,-235.045,-281.427,1,0.620219,False
288,v48929,372.319,-230.412,-276.208,1,0.72145,False
289,v48971,370.839,-225.685,-268.819,1,0.765468,False
290,v13178,375.184,-228.912,-270.062,1,0.986478,False
291,v13171,375.392,-232.007,-268.654,1,0.852746,True
292,v12794,372.532,-235.261,-270.765,0,0.140181,False
293,v12622,366.665,-236.228,-272.725,0,0.262434,False
294,v12452,361.111,-232.562,-272.487,0,0.275583,True
295,v12627,360.648,-228.195,-269.913,1,0.361812,False
296,v12990,360.442,-226.42,-265.695,1,1.22737,False
297,v12987,356.565,-228.571,-266.248,1,1.0046,False
298,v48960,353.157,-227.961,-266.705,1,0.361013,False
299,v12628,354.482,-231.28,-268.118,1,0.889811,False
300,v12626,351.306,-239.413,-266.344,1,1.11669,False
301,v12793,347.794,-244.014,-265.122,1,0.972357,False
302,v48939,346.688,-242.292,-269.535,1,1.32087,False
303,v48954,344.988,-247.313,-265.188,1,0.19659,True
304,v48948,343.287,-249.906,-265.982,0,0.646513,False
305,v48937,340.536,-247.468,-264.852,0,0.317258,False
306,v12983,337.926,-242.905,-261.876,0,0.313447,False
307,v12619,332.936,-246.995,-261.717,0,0.0490627,False
