face,is_home,cx,cy,cz,nx,ny,nz,area,component,n_loop_verts_in_face
f1369,False,-431.35508219401044,71.92230224609375,-236.11863199869791,0.65584497060811742,0.45449304097648102,-0.60274658873525644,91.869285846926601,0,0
f18850,False,-412.08591715494794,87.214813232421875,-219.1668701171875,0.39977453517529699,0.48545954574980654,-0.77750199386610364,41.794663401353716,0,0
f24499,False,-366.80254109700519,-6.4083333015441895,-221.71192423502603,0.62111206919936945,-0.035922796093557738,-0.78289804586274092,142.93425501710252,0,0
f25762,False,-386.72048950195312,69.378595987955734,-213.43890380859375,0.55355732229293542,0.39741099941593439,-0.73187347846407402,210.29135970782099,0,0
f25776,False,-387.303955078125,76.56622314453125,-210.03443400065103,0.55711286819056949,0.38585922147647361,-0.73534883783007843,159.55611800797348,0,0
f25821,False,-386.37712605794269,-28.458302179972332,-231.33041381835938,0.54977257464364049,-0.25216558498492692,-0.7963432889896872,49.339861747406808,0,0
f25953,False,-389.88351440429688,16.883315722147625,-236.85675048828125,0.50849388298913678,0.18699989059926855,-0.84051473031618651,29.980916372029768,0,0
f25959,False,-427.90091959635419,58.84808349609375,-241.98041788736978,0.67094839840912324,0.44768377090973632,-0.59110700210390965,67.324115678061261,0,0
f26004,False,-418.25724283854169,29.444246927897137,-249.67670694986978,0.74346702467574743,0.20853724195262782,-0.63542820360649932,36.696462331319481,0,0
f26176,False,-420.10001627604169,-4.9529495239257812,-257.93113199869794,0.84463220400499928,0.062856298430796875,-0.53164417207868997,107.0311867804612,0,0
f26289,False,-377.34862263997394,-62.414763132731117,-208.48921712239584,0.58240575417436125,-0.42703563631847885,-0.69169653954509946,131.72880831005483,0,0
f26353,True,-421.45216878255206,63.785423278808594,-229.87020874023438,0.72971667764634396,0.43787820330777355,-0.52514402732273169,55.381788620779091,0,1
f30243,False,-397.81075032552081,95.147832234700516,-205.00867716471353,0.48974252995085676,0.50671034223873745,-0.70950467470315914,125.10805426852328,0,0
f30327,False,-420.79149373372394,-40.863394419352211,-247.4312744140625,0.73761613883834243,-0.32645973819060026,-0.59105538747712971,80.792250755546718,0,0
f30818,False,-432.35072835286456,83.275924682617188,-228.93437703450522,0.53305795602521666,0.51903886784672326,-0.66816754574179216,30.738492953416831,0,0
f31001,False,-437.82476806640625,78.079900105794266,-238.74370320638022,0.64404420923126982,0.49608490788242027,-0.58232879091365464,56.164469223280342,0,0
f32755,False,-390.90181477864581,2.8456913630167642,-239.24028523763022,0.52385090686622893,0.019150107148924619,-0.85159468103764835,34.09336100014918,0,0
f32804,False,-407.81463623046875,81.237612406412765,-221.01303100585938,0.38351478210380718,0.5161203118117943,-0.76585653724647773,36.706092087247086,0,0
f33330,False,-397.12540690104169,-60.453525543212891,-223.82994588216147,0.41698879948058132,-0.48262224157897832,-0.7701922571936346,59.213023639575447,0,0
f34407,False,-439.36198933919269,83.370287577311203,-235.3585205078125,0.61625633124944612,0.57322974431764362,-0.54003314196862218,73.564128024493584,0,0
f35354,False,-388.22882080078125,-32.789182027180992,-231.14926147460938,0.53830369359872454,-0.27860326564728044,-0.79536743322104997,52.665523719172299,0,0
f35487,False,-381.56069946289062,-13.377394835154215,-231.97976684570312,0.55415494655776487,-0.11277814412215201,-0.82473837391861649,84.986302680629663,0,0
f35559,False,-372.56441243489581,-12.656184991200766,-225.640380859375,0.59693395956040318,-0.10921430604217662,-0.79482204503855125,109.06110355077973,0,0
f37658,False,-386.891845703125,3.7608165740966797,-236.70298258463541,0.53571189516746254,0.018014454192436944,-0.84420865004821777,64.096300131859294,0,0
f43146,False,-370.39168294270831,-57.217965443929039,-205.5606689453125,0.60923376355578196,-0.4108144738201191,-0.67828142348405518,217.24314124649243,0,0
f53597,True,-408.03586832682294,-43.221729278564453,-230.19610595703125,0.78541286150605671,-0.22175761663768692,-0.57788424138752947,28.40538182522204,0,1
f54609,False,-403.77106730143231,51.426639556884766,-233.04909261067709,0.50299570318521003,0.27261193913581228,-0.82016952712096547,53.210390190428377,0,0
f55763,False,-384.37789916992188,-53.640088399251304,-218.93179321289062,0.54145978269218575,-0.38418772156374104,-0.74781087069297969,128.81376706642942,0,0
f63708,False,-389.09794108072919,-38.534765879313149,-229.48672485351562,0.53546882341340585,-0.32409537216245049,-0.77989443445580864,99.642608960616215,0,0
f66775,False,-387.15301513671875,37.877586364746094,-228.5875244140625,0.4980264244095654,0.31898878518111423,-0.80635961922612454,52.872842537599126,0,0
f66787,True,-418.74696858723956,71.269396464029953,-219.34142049153647,0.73703880968612223,0.48475266245564763,-0.47094442268554892,9.14978575863279,0,3
f66827,False,-383.47262573242188,25.539017995198567,-230.6966552734375,0.5231887810389988,0.22043050200049102,-0.82321558123175609,37.666488180822789,0,0
f66829,False,-385.37795003255206,22.756922403971355,-232.66034952799478,0.52562786400307815,0.22199134165271364,-0.82124003361671905,37.73880473789994,0,0
f66839,True,-404.12093098958331,-37.412962595621742,-221.76256306966147,0.94324960241576306,-0.31046678491146978,-0.11785823267485292,2.9695524085536307,0,2
f66840,True,-404.65234375,-39.138693491617836,-222.57693481445312,0.97092244592527011,-0.22208236379823257,-0.089381360966818021,6.468154481098221,0,2
f66898,False,-422.33577473958331,101.91255442301433,-213.30035400390625,0.30081019272503107,0.59813263153809459,-0.74279915390504025,95.402698269448621,0,0
f66913,True,-424.78722127278644,81.00771840413411,-219.24763997395834,0.7802629453912483,0.53911393134562346,-0.31708974294108017,13.409133977926972,0,2
f66946,True,-412.35893758138019,73.7998046875,-224.88626098632812,-0.96891810992941496,-0.00049374713283177162,0.24738118858267877,3.2212187535382526,0,3
f66957,False,-405.40230305989581,73.829360961914062,-224.24232991536459,0.47846579569938691,0.40881456025945317,-0.77713649873469626,25.250762930206228,0,0
f66961,False,-392.68564860026044,54.346987406412758,-225.08571370442709,0.51376290916146627,0.36088041456688214,-0.77833989975587303,142.2222113386716,0,0
f66979,True,-426.30373128255206,82.91274770100911,-220.14913940429688,0.87750985591658004,0.43358938103245692,-0.20488216473171553,5.430150174046311,0,2
f66983,True,-419.77975463867188,83.69610595703125,-222.22240193684897,-0.94018120354882972,0.23427225786499126,-0.24733744902119614,1.4478539590705293,0,3
f66986,False,-410.32011922200519,83.78903452555339,-220.51816813151041,0.37322340815268523,0.52348767146653596,-0.76594056259571364,39.34474975322388,0,0
f66987,True,-414.21921793619794,80.908910115559891,-223.94977823893228,0.20054084683045911,0.42531127093578996,-0.88254954057407187,12.882799908443731,0,1
f66989,True,-420.45150756835938,73.934521993001297,-219.28178914388022,0.73940194522981229,0.48222607775353266,-0.46983270780652736,21.787858408958652,0,3
f67017,True,-405.70635986328125,-38.346806844075523,-226.47987874348959,0.91457103434904508,-0.18813606790506016,-0.35800089815940467,19.347002826628355,0,1
f67026,False,-383.44334920247394,14.896569887797037,-233.04401652018228,0.4960163625289325,0.12568699178327786,-0.85916852142058653,51.728221770818593,0,0
f67027,False,-382.03731282552081,-24.760055541992188,-229.547119140625,0.54422881497111264,-0.25819886477413173,-0.79821572471637514,99.439834045591937,0,0
f67028,True,-403.95260620117188,-36.280377705891929,-223.417724609375,0.94279649184800973,-0.31225162021273806,-0.11676343877090033,3.887941338099913,0,2
f67033,True,-396.07121785481769,-38.70854059855143,-227.42841593424478,-0.77878878929672191,0.33435469925972361,0.53074942934372138,7.9650239232300315,0,3
f67234,False,-397.68095906575519,81.205396016438797,-214.65714518229166,0.47656541432389382,0.47063338196857196,-0.74255614309432505,140.79400424873916,0,0
f67317,False,-419.97185262044269,95.028238932291671,-217.58541870117188,0.32877464416480495,0.54601101876961011,-0.77057069807804046,66.644207883955332,0,0
f67321,False,-390.68650309244794,-54.460980733235679,-223.10805257161459,0.54882143815857598,-0.37757679293273488,-0.74580881897184825,77.219571223126039,0,0
f67328,False,-390.68911743164062,-60.978092193603516,-219.51400756835938,0.50754914540962681,-0.44315805107247891,-0.73892138063775081,73.920611624752127,0,0
f67353,False,-374.90921020507812,-25.63904635111491,-224.18480428059897,0.57407163539973849,-0.2581447703944646,-0.77704764007585725,113.70909524952526,0,0
f67362,False,-378.24543253580731,11.855659484863281,-230.01088460286459,0.59229747041978842,0.1065535921647373,-0.79864262253595664,63.810650228243141,0,0
f67364,False,-377.17263793945312,3.836982250213623,-229.71451822916666,0.63331571618033189,0.015948274992126289,-0.77372918787116252,90.241760165574362,0,0
f67428,False,-403.65239461263019,79.026069641113281,-219.92257690429688,0.48752634788759852,0.47187400522814255,-0.73461076993557006,75.624646455273748,0,0
f67456,False,-422.73151652018231,91.128827412923172,-221.20709228515625,0.28376264375500537,0.48119562156400003,-0.82941517697520184,47.539607270304614,0,0
f67478,True,-409.91725667317706,54.428909301757812,-219.06593831380209,0.81090905591750762,0.17312819431321838,-0.55897507222131193,2.6188625414016147,0,3
f67480,False,-384.22101847330731,51.336996714274086,-220.97493489583334,0.50133749719479626,0.36458437342994038,-0.78469035202247484,112.74861369018794,0,0
f67494,False,-382.53169759114581,36.024608612060547,-226.44321695963541,0.50395108123606069,0.32049614911571311,-0.80206952698815559,64.944535358061856,0,0
f67519,True,-410.98837280273438,55.920116424560547,-220.00584920247397,0.78613969452245147,0.22844238896917618,-0.57428081599353664,5.8012948608459265,0,3
f67520,True,-410.61054484049481,57.035263061523438,-219.10294596354166,0.77981388345562719,0.18672901462855748,-0.59751366701164377,5.2661645843685925,0,3
f67521,True,-412.56465657552081,45.302410125732422,-229.19392903645834,0.88812710636797931,0.2547277425303176,-0.38254936951960639,10.514987529657066,0,3
f67523,True,-413.0743408203125,72.147143046061203,-227.54340616861978,-0.96523172135792901,0.0071406012568408688,0.26129817431069108,7.5794693457435693,0,3
f67533,True,-415.34544881184894,51.76920954386393,-229.80033365885416,0.79982268345723118,0.38850911906277746,-0.45754162590122699,21.387516296119131,0,2
f67536,True,-398.38461303710938,37.811948140462242,-233.84900919596353,0.25511955739380443,0.1772002649797334,-0.95053357517044168,31.726083530085525,0,1
f67539,True,-411.30125935872394,38.987678527832031,-230.33735148111978,0.91876233285983322,0.21726988586505208,-0.3296506824111613,4.9528594105605714,0,3
f67540,True,-409.74452718098956,33.660077412923179,-230.9329833984375,0.90459266126460347,0.27798967199759728,0.32316228036218964,5.3669920658132941,0,3
f67541,True,-410.47175089518231,36.093687693277992,-231.40594482421875,0.91076794125207261,0.37051395574067197,0.18226674350758684,4.7017352825041785,0,3
f67547,False,-439.12631225585938,94.209475199381515,-225.15076700846353,0.37948414769178901,0.51554203447826963,-0.76825008450155274,51.41672357519095,0,0
f67549,False,-431.77798461914062,94.328737894694015,-222.35861206054688,0.243301510792331,0.51991632466126203,-0.81883538650750443,41.225922928604668,0,0
f67550,False,-434.24299112955731,91.374603271484375,-224.92353312174478,0.2246669232553177,0.50980168149405203,-0.83043784784945007,20.792039220083069,0,0
f67552,False,-428.23369344075519,87.581217447916671,-225.12783813476562,0.28545241098886431,0.40059615567882978,-0.8706547198034289,12.226670703926349,0,0
f67555,True,-423.88297526041669,85.06301625569661,-224.0635986328125,0.014346748840039236,0.023517664818863363,-0.99962047309926005,8.5821667978953542,0,2
f67556,True,-428.01747639973956,84.180608113606766,-225.68562825520834,0.65077871674690901,0.14474495170312529,-0.74534284781280757,5.8197386980160477,0,1
f67557,True,-426.55321248372394,85.77664438883464,-224.78049723307291,0.49234595287734217,-0.26429019684264327,-0.82930462107610303,6.5644153430457752,0,1
f67562,True,-424.26683553059894,74.786366780598954,-224.94305419921875,0.75127918630810309,0.43117096495497187,-0.49967107500838304,53.700943623144006,0,1
f67564,True,-412.75713094075519,73.216194152832031,-228.51398722330728,0.32947823099473478,0.60100875541747334,-0.72817070197318423,7.7979900278275451,0,1
f67565,True,-413.614013671875,73.833562215169266,-228.03358968098959,-0.61662202294495116,-0.55886176363155882,0.55448247039009235,4.5272317779702167,0,2
f67566,True,-424.12100219726562,68.66653696695964,-229.73924763997397,0.75322156724342948,0.4070983692596663,-0.51665093475718427,73.850567047931946,0,1
f67567,True,-413.05663045247394,69.837931315104171,-230.75111897786459,0.052356555925311868,0.36215780058234259,-0.93064521624999497,3.7789191041216887,0,1
f67568,False,-411.76401774088544,70.9642333984375,-229.66958618164062,0.38315924728965367,0.4988770428161261,-0.7773742260761306,9.2714523139419214,0,0
f67569,True,-413.46360270182294,71.93618520100911,-229.09861246744791,-0.97897565609785797,0.074569045146423235,0.18985816356880458,3.477358955768997,0,2
f67574,True,-398.01592000325519,-37.142562866210938,-235.05526733398438,0.30367635254989411,-0.2270732338125491,-0.92532071163889107,14.641540488382589,0,1
f67577,True,-395.99078369140625,-40.858248392740883,-232.75424194335938,0.39541203356083582,-0.36593055114664014,-0.84246314783069332,44.235813575832879,0,1
f67580,True,-402.25430297851562,-44.007727305094399,-232.92508951822916,-0.92357141404986021,0.37284743887863148,-0.089446243473868675,7.6274224635867007,0,2
f67582,False,-404.95001220703125,-21.403013229370117,-235.14472452799478,0.78887737876801856,-0.21887276901108987,-0.57425359576890611,36.776828854024785,0,0
f67583,True,-403.54195149739581,-46.199675242106117,-230.97404988606772,-0.86975602535206009,0.41522326079216459,-0.26667227088864848,4.850663422860066,0,2
f67584,True,-408.18848673502606,-48.079107920328774,-229.61824544270834,0.63453339274154985,0.2899201074715656,-0.71645914383136589,9.2265108842435914,0,1
f67585,True,-406.37242635091144,-47.846017201741539,-229.01959228515625,-0.32125749763353945,0.55906758426711811,-0.76435401250727075,8.0140522746482166,0,2
f67586,True,-405.32864379882812,-48.287822723388672,-230.66259765625,-0.66913313629700444,0.71087413175286773,-0.21660751305977591,8.2203850030169594,0,1
f67588,False,-397.42579142252606,-51.619480133056641,-228.72161865234375,0.40258847591173957,-0.37651719197536365,-0.83436042763906881,50.145231503757067,0,0
f67589,False,-400.68868001302081,-56.103832244873047,-228.16649373372397,0.38691413613158215,-0.41155315664327197,-0.82517964742140226,35.434714359228778,0,0
f67590,False,-410.91766357421875,-57.096270243326821,-230.03403727213541,-0.072207795690894305,-0.35819102235190431,-0.93085188174486688,10.246980591290125,0,0
f67593,False,-404.83969116210938,-56.91038386027018,-229.62791951497397,0.34498770851147093,-0.42389857668109943,-0.83743267052566217,18.077880624412252,0,0
f67595,False,-392.52949015299481,27.616770426432293,-234.60978190104166,0.33109654421501,0.25536463807468501,-0.90838536977973339,28.145804868666161,0,0
f67596,False,-389.99063110351562,28.307085673014324,-233.46588134765625,0.34296948153396584,0.26076927154947122,-0.90242524441190197,33.832293729051059,0,0
f67597,False,-391.85832722981769,22.769931793212891,-236.05879720052084,0.42776835198215873,0.37858221853058105,-0.8207860505971889,23.614102752292169,0,0
f67598,True,-404.21649169921875,19.708696047465008,-232.47324625651041,0.9633018558871701,0.20280692334524597,-0.17583767027451588,14.93783135375943,0,2
f67607,True,-402.96713256835938,14.317631403605143,-231.51589965820312,0.97343781944304397,0.18501182791211157,-0.13486821423371348,9.6933039450900012,0,2
f67608,True,-401.88492838541669,8.0166967709859218,-231.48677571614584,0.9741455130258575,0.15643752314439111,-0.1629963827943344,17.664155434442279,0,2
f67612,True,-401.89856974283856,2.3923112551371255,-232.72225952148438,0.81344927979080695,0.062081511538356102,-0.5783131981313675,34.496282533169534,0,1
f67614,True,-400.74896240234375,-5.4328239758809405,-231.72998046875,0.84368238206523927,0.027338044817937002,-0.53614612700107822,19.175012079800897,0,2
f67615,False,-385.68121337890625,-8.7707905769348145,-235.36415608723959,0.55276300424345082,-0.10989578442700572,-0.82606051697495386,84.233298341163859,0,0
f67616,True,-392.86125691731769,-10.059207598368326,-235.00904337565103,-0.79275353263280968,0.017102668450250866,0.60930233483065011,2.1180840137920454,0,3
f67644,True,-403.06200154622394,-45.516548156738281,-229.882568359375,-0.6202073251867819,0.71076196699354499,0.33190405249126476,3.7460288553048029,0,3
f67702,False,-409.384033203125,-58.344146728515625,-229.77044677734375,-0.18382551325721719,-0.32240660432484813,-0.9285807246348815,7.4877318645630799,0,0
f67714,True,-412.40941365559894,42.822868347167969,-230.50484212239584,0.89018905499645851,0.25768731402470729,-0.37571358047752829,9.9181792918343064,0,3
f67717,True,-407.28758748372394,55.889383951822914,-233.58624267578125,0.47322366945311606,0.33614397243499627,-0.81428900794800652,21.726944097293586,0,1
f67718,True,-411.4183349609375,55.323102315266929,-235.02076212565103,-0.48278451873068062,0.028329103102454154,0.87528085229336261,9.8858675267034926,0,3
f67719,False,-417.78192138671875,54.073879241943359,-234.29433186848959,0.67585222229565267,0.73636866729633665,-0.031384063507529467,7.7183945155772626,0,0
f67720,True,-415.95714314778644,51.429946899414062,-232.54596964518228,0.84630984099839235,0.5053292867685677,0.16852882531853861,11.794263690212619,0,1
f67721,False,-405.95655314127606,47.817441304524742,-235.34210205078125,0.45068240304539353,0.20457200752056079,-0.86892788269466714,40.041210832212236,0,0
f67725,True,-403.11041259765625,41.546045939127602,-235.13282267252603,0.45085027229047242,0.1516897035946824,-0.87961597632089661,49.335067091454313,0,1
f67727,True,-405.34115600585938,38.579846700032554,-236.32293701171875,0.24414309264854397,-0.023517919558510576,-0.96945399982239699,29.709314578272657,0,2
f67730,True,-403.48258463541669,34.437713623046875,-235.81850179036459,0.25770910832733818,0.065572786412416165,-0.96399493005266368,6.6195611229591744,0,3
f67732,True,-406.19926961263019,30.093369801839192,-234.97963460286459,0.11475590872722859,0.5160620110508729,0.84882924205184918,5.5280616557883882,0,1
f67733,True,-407.45953369140625,30.67226282755534,-233.81826782226562,0.86970995492385517,0.42261773276753251,0.25494871299297883,11.347540109325065,0,2
f67734,True,-396.72328694661456,32.07890192667643,-234.70378621419272,0.25604403966276812,0.26718314358323153,-0.92900732910895445,22.393058030459091,0,1
f67735,True,-397.64328002929688,30.018623352050781,-235.35884602864584,-0.050389051643140823,0.038548614124542968,-0.99798544469525308,6.4030256592486916,0,2
f67736,True,-405.47372436523438,27.661637624104817,-234.92181396484375,0.96800062577965873,0.0096423218889027038,0.25076246553019038,8.9499477543120225,0,1
f67737,True,-395.97706095377606,26.43097432454427,-236.10053507486978,0.066841969668973447,0.4206289552583527,-0.90476706012599661,4.5639697980574079,0,2
f67740,False,-430.79032389322919,85.311653137207031,-226.74197387695312,0.24052343256745096,0.16427994813757293,-0.95664025475927306,9.3818462456590499,0,0
f67743,False,-427.2027587890625,79.04913330078125,-226.2020263671875,0.83657019226360707,0.33027862534746821,-0.43711136230326714,28.188751247581685,0,0
f67744,False,-429.90543619791669,78.75253550211589,-229.83368937174478,0.62698836112434586,0.38298332907401461,-0.67838732643379462,33.175303814498363,0,0
f67750,True,-404.74507649739581,21.787416140238445,-234.02529907226562,0.97728274242021684,0.20643053938088862,0.048009100996951541,17.088736614218202,0,1
f67751,True,-413.39241536458331,68.228492736816406,-231.93051147460938,0.22270902451148927,0.70206836242352677,-0.67638798398928446,4.6159943055371855,0,1
f67754,True,-413.49516805013019,66.535537719726562,-233.19899495442709,0.42210162095526121,0.41235830357138509,-0.80733564956755766,5.7732165971554119,0,1
f67755,True,-414.33787027994794,66.890121459960938,-233.10841878255209,-0.83131207165820475,-0.30008122332587539,0.46783704312782864,2.5633185189350285,0,2
f67758,True,-411.12578328450519,65.341552734375,-232.39518229166666,0.47521776176586322,0.36777835900192285,-0.79931668164257419,18.376904247227738,0,1
f67760,True,-406.75493367513019,59.243965148925781,-232.06461588541666,0.47227375268832267,0.27547735680563096,-0.8372990674836992,31.058287695709577,0,1
f67763,False,-393.65265909830731,-32.215801239013672,-233.98844401041666,-0.061784968661960336,0.056428017762234113,-0.99649309905230443,13.529680629848553,0,0
f67764,False,-411.037109375,-43.286928812662758,-233.81300862630209,0.73543722345149198,-0.21733309896840455,-0.64179312434362357,55.948290281451605,0,0
f67769,True,-399.13674926757812,-44.693785349527992,-232.14589436848959,0.29629313835058152,-0.47501428435630572,-0.82859628639273419,40.473230773860443,0,1
f67771,False,-400.2313232421875,-48.849524180094399,-230.86483764648438,0.3098679435271407,-0.19070833928182179,-0.93145702364769911,32.177873488793438,0,0
f67772,False,-412.62217203776044,-49.304594675699867,-233.45157877604166,0.72349605543873974,-0.25532109357708238,-0.64137710977176821,31.845106517107958,0,0
f67774,False,-393.76180013020831,-28.868523915608723,-234.74213663736978,0.16162561170189818,-0.42136002128392469,-0.8923748618745363,16.953871603963464,0,0
f67776,False,-405.13556925455731,-50.251613616943359,-231.33258056640625,-0.28542528050842281,-0.15988049951518704,-0.94497123507621261,12.718661580045536,0,0
f67777,False,-410.02381388346356,-50.849544525146484,-230.84304809570312,0.20122632907739171,-0.066126384638049762,-0.97731021980778343,9.9508865820045731,0,0
f67781,False,-407.06703694661456,-53.107915242513023,-230.78484090169272,-0.14870317756948009,0.093388132619253508,-0.98446230078486407,12.022366047631593,0,0
f67782,False,-409.83783976236981,-53.502873738606773,-230.72651163736978,0.14112484772198516,0.010427780426923145,-0.98993688624619613,8.4341538221706145,0,0
f67783,False,-413.38664754231769,-58.151681264241539,-230.34684244791666,0.38933206069732634,-0.27228116257023188,-0.87993381286468153,21.784799573765714,0,0
f67787,True,-394.38590494791669,23.64441426595052,-236.89449055989584,0.3329733381963384,0.3621622975067641,-0.87061313240440441,7.4842030236837385,0,1
f67789,True,-394.45440673828125,20.475387573242188,-237.97838338216147,0.17899381698131639,0.26073377702967432,-0.94867228851606022,8.9490700701458294,0,2
f67791,True,-394.06900024414062,16.020651817321777,-238.72207641601562,0.27834797506206049,0.11410392259845421,-0.95367850957568312,11.23630017527821,0,1
f67793,False,-392.02568562825519,13.303062438964844,-238.43613688151041,0.28544983636882754,0.11228240839464303,-0.95179359720587964,26.401239844199896,0,0
f67794,True,-395.0218505859375,10.862092653910318,-238.71832275390625,-0.80882948936639498,-0.073180438798888789,-0.58347191921162656,2.6850337479287512,0,2
f67797,True,-395.13441975911456,8.8158845901489258,-239.02869669596353,-0.91719256638759761,0.30786841817903582,-0.25293246776811934,2.5273299318457907,0,2
f67799,False,-403.87576293945312,8.1601775487264003,-235.15944417317709,0.85643306155235299,0.061075383116596903,-0.51263262543192112,59.898134868487929,0,0
f67804,False,-391.39607747395831,-11.301881790161133,-238.20206705729166,0.26442972034240769,-0.13782390918080212,-0.95450588948301307,29.223436609572914,0,0
f67805,True,-393.45869954427081,-8.6942421595255528,-236.02187093098959,-0.86396965951382898,0.034573703628475318,0.50235553789817911,4.6639223891392749,0,3
f67806,True,-393.98694864908856,-14.629336675008139,-236.37667846679688,-0.94537302885011931,0.14012656833291029,0.29433718958023947,11.623316729507183,0,2
f67807,True,-394.77592976888019,-16.785542805989582,-236.95362345377603,-0.76313623252717977,0.37922689755963979,0.5232686220016568,6.152596219453569,0,1
f67808,False,-401.7813720703125,-14.079247156778971,-232.16505940755209,0.83166865150443126,-0.083456186800557164,-0.54896477026263846,25.159040767557631,0,0
f67809,True,-394.94036865234375,-18.899896621704102,-236.50282796223959,-0.80443191710582607,-0.21026864771200524,0.55558652479232262,3.2754880878450296,0,2
f67894,True,-406.49275716145831,-41.133906046549477,-227.78377278645834,0.95432110798605252,-0.068513150294477826,-0.29082154509079883,29.176051123954426,0,2
f67906,False,-397.97284952799481,65.762530008951828,-223.491943359375,0.52616425797416277,0.36377536501447905,-0.76864729066007997,132.00041232423914,0,0
f67909,True,-410.42142740885419,76.658271789550781,-224.85238647460938,0.25218831928771207,0.35261352875336899,-0.90114635379328711,13.068097544348236,0,1
f67910,True,-410.04689534505206,74.464380900065109,-226.08465576171875,0.086452233244415685,0.68378648282681942,-0.72454265386544425,9.8034681979070655,0,1
f67916,False,-406.8172607421875,71.20168813069661,-226.61186726888022,0.46638806830509377,0.45752128507488105,-0.75707096328288315,33.387863733161836,0,0
f67918,True,-422.70274861653644,76.298965454101562,-220.85875447591147,0.8091447224844579,0.44869399582776154,-0.37941865555566234,29.061657100726908,0,2
f67919,False,-405.94270833333331,68.143157958984375,-227.72244262695312,0.50151712496717726,0.39093097654901798,-0.77178594502561915,50.280202541150999,0,0
f67920,True,-418.47715250651044,63.902758280436196,-225.64241536458334,0.72886941199810162,0.43836598658891207,-0.52591315067743949,32.098420879907614,0,2
f67927,True,-416.00380452473956,59.948834737141929,-225.14555867513022,0.77947994784889929,0.35967728873294968,-0.51287743065101976,24.534237657628971,0,2
f67930,True,-420.15434773763019,87.23269399007161,-222.16287231445312,0.38885772786232942,0.2273915418135895,-0.89279491160813929,17.199212396793151,0,1
f67941,True,-416.92832438151044,86.065081278483078,-221.71833292643228,0.053456910664283264,0.43387323863536914,-0.89938666406517664,13.874475322038167,0,1
f67945,True,-426.28628540039062,83.054906209309891,-222.14635213216147,0.93179273771982285,0.29857039129206747,0.20644131218411421,7.4653979086356275,0,2
f67948,True,-420.09464518229169,83.69296518961589,-223.10238647460938,-0.74377968153468388,0.054794933787075166,0.66617512755088237,2.1088467590450604,0,3
f67949,True,-419.15133666992188,81.962572733561203,-223.98253377278647,-0.67580072382766809,-0.73690257892187461,-0.0163698152796613,4.4721031932249673,0,3
f67967,False,-383.01490275065106,-1.641229788462321,-234.10152180989584,0.56701818718139707,-0.018842820383882086,-0.82348972278074184,87.960355079483179,0,0
f67968,True,-400.62429809570312,-9.7937692006429042,-231.19056193033853,0.69458187621276979,-0.22146748910469291,-0.68447656534494394,8.5114276954897594,0,2
f67970,True,-400.30565388997394,-15.81061871846517,-229.10653686523438,0.98015143587026066,-0.13969696862542452,-0.14066954083359207,2.7748947144643177,0,2
f67971,True,-400.58409627278644,-18.145694096883137,-228.80650838216147,0.9818079926530684,-0.13075704748498995,-0.13767955583731487,3.2865064031057272,0,2
f67972,True,-401.67193603515625,-21.994485855102539,-229.58295694986978,0.89093058580320283,-0.17990777312527728,-0.41698427362367713,10.859188199919533,0,2
f67973,True,-402.78851318359375,-24.069217681884766,-230.78558349609375,0.85636234380032361,-0.22590354220504288,-0.46433945098390128,18.382421090914104,0,1
f67974,True,-402.54771931966144,-27.136870066324871,-228.80849202473959,0.85529192841313106,-0.24053490612449632,-0.45893210404920182,9.4952721951252457,0,2
f67975,True,-403.09401448567706,-29.328603108723957,-228.73591105143228,0.8632471309485571,-0.21964722534176268,-0.45448815970138301,10.917449597686124,0,2
f67977,True,-405.2037353515625,-36.201924641927086,-227.01885986328125,0.8005252633614619,-0.47681391394325912,-0.36305343159123571,11.349048095376537,0,1
f67978,True,-411.54337565104169,43.925365447998047,-227.86426798502603,0.848774461926324,0.27442933454243906,-0.45196288910072374,4.4675137824547884,0,3
f67979,True,-415.40924072265625,56.985591888427734,-226.12810262044272,0.79040473038830561,0.30627681314575328,-0.53052320958566113,28.875801176284348,0,2
f67981,False,-399.09586588541669,60.295158386230469,-226.71385701497397,0.53062235768784161,0.32320474624478251,-0.78356786912598841,84.3500617495976,0,0
f67993,False,-395.14253743489581,39.045059204101562,-232.40347290039062,0.3940410799182813,0.24782672938228498,-0.88505002092566176,34.302859891413782,0,0
f67994,False,-393.06277465820312,42.866677602132164,-229.97751871744791,0.44663203176530036,0.34792567639761118,-0.82429821782196311,50.427455655365854,0,0
f67995,False,-390.94235229492188,34.002328236897789,-232.11434936523438,0.35653252402393437,0.28448967921174884,-0.88991582845520789,26.368519575409163,0,0
f67998,False,-386.86019897460938,32.466105143229164,-230.57118733723959,0.504418203965177,0.32675216321120343,-0.79924670743478465,28.903111398933021,0,0
f68050,False,-428.64634195963544,104.65645853678386,-213.71103922526041,0.31363978744134097,0.59344648134597522,-0.74124986172803542,98.539902347500671,0,0
f68104,True,-421.6136474609375,85.252062479654953,-223.51080322265625,0.4562415680141636,0.44157421748918063,-0.77256445819413355,6.3963680704831596,0,2
f68108,True,-418.38762410481769,84.084449768066406,-223.06626383463541,0.12948155036530923,0.72387905025691723,-0.6776678011490137,5.3788565154924939,0,2
f68111,True,-417.44431559244794,82.354057312011719,-223.9464111328125,0.183286697145842,0.43293875094729378,-0.88259278525125373,14.322072630374294,0,2
f68112,True,-426.87520345052081,82.441477457682296,-224.24636840820312,0.76150351032335628,-0.22036689729099551,-0.60954969800955994,8.9993628897339768,0,1
f68115,True,-413.53566487630206,77.828069051106766,-225.16167195638022,0.20143701099029376,0.37075321519278787,-0.90662295582425367,14.180499978289955,0,2
f68116,True,-414.60415649414062,76.405253092447921,-226.41045125325522,0.60672565135658474,0.58941875796722354,-0.53335683340733842,6.727290693713007,0,3
f68119,True,-412.45496622721356,74.088668823242188,-227.29859415690103,0.45550333974146301,0.84655142749153089,-0.27544035306473275,3.76016704070256,0,2
f68129,False,-433.05303955078125,100.17537180582683,-218.76802571614584,0.23698533456131471,0.56158613712736749,-0.79275403612294737,64.411663702082379,0,0
f68141,False,-427.63349405924481,91.171661376953125,-222.92250569661459,0.30599757911748843,0.48331397462245412,-0.82022745839729239,34.475100458535067,0,0
f68146,True,-400.92130533854169,-12.058377583821615,-231.08682250976562,0.87033537437873898,-0.054052483610605787,-0.48948408055885273,10.21342561868868,0,1
f68149,True,-402.9854736328125,14.708644866943359,-230.36712646484375,0.9628174472714367,0.21166313732178818,0.16787280759197434,3.7745094377076138,0,3
f68153,False,-386.24749755859375,12.279939015706381,-235.34911092122397,0.58215659531868547,0.16737490724525378,-0.79566282994218029,57.058057072011096,0,0
f68160,True,-393.10249837239581,-15.927445729573568,-234.15053304036459,-0.80828112444678468,0.14826246809971547,0.56982441542638573,11.675803992407356,0,3
f68161,True,-401.33704630533856,-19.002842585245769,-230.29405721028647,0.87929632504882238,-0.22160362554717764,-0.42158012986854804,8.9554865797124741,0,1
f68162,False,-391.21941121419269,-25.82103665669759,-235.03878784179688,0.3689185346517847,-0.20816584812457053,-0.90585103326372496,18.025621468050726,0,0
f68163,True,-396.21201578776044,-30.248243967692058,-233.1968994140625,-0.99114106711324701,-0.047157411386181597,0.12415942828866555,8.1988642253495048,0,2
f68164,True,-395.72425333658856,-33.955369313557945,-230.30788167317709,-0.99162875601034095,-0.018162621409050412,0.1278379029745681,8.7313019313648272,0,2
f68165,True,-396.36696370442706,-35.582504272460938,-230.43496704101562,-0.70593925498436971,0.48632707885158133,0.51491333314238519,14.095028476736555,0,2
f68166,True,-404.95029703776044,-31.703690846761067,-230.57620239257812,0.81151632891798231,-0.28062270704321302,-0.51253501752682251,25.822053229161533,0,1
f68167,True,-404.80849202473956,-34.416795094807945,-228.36725870768228,0.81415679314511047,-0.44278078690009837,-0.37562466762421154,13.558456815408562,0,2
f68176,True,-417.0889892578125,55.720071156819664,-229.60451253255209,0.80742807613180334,0.36426593364238274,-0.46407998390550936,18.270967179211965,0,1
f68183,False,-396.82819620768231,48.833049774169922,-229.89932250976562,0.46481862018889752,0.27064739889558692,-0.84302647395959196,82.546242527062461,0,0
f68184,True,-413.51634724934894,49.265889485677086,-228.31758626302084,0.8772847783809159,0.32040190760730858,-0.35737100501124192,14.74740817104588,0,3
f68191,True,-408.90848795572919,31.415650685628254,-230.99508666992188,0.85272060682486073,0.37511442447302135,0.36353367828650368,3.9752819042743521,0,3
f68192,True,-407.704345703125,29.851221720377605,-232.07808430989584,0.83487830223352455,0.3848129372574286,0.39356984612515461,8.0164211161650005,0,3
f68224,True,-405.89850870768231,-44.119366963704429,-224.99854532877603,0.96189947426373612,-0.10183708377678079,-0.25372940266943655,6.6241262924832087,0,3
f68410,False,-372.99943033854169,-44.131487528483071,-214.75928751627603,0.5974767792136233,-0.33272323830104478,-0.72960040090105582,197.26570324690331,0,0
f68586,False,-377.85337320963544,64.026129404703781,-209.76953125,0.5402337240845787,0.41303662038343192,-0.73317683650258636,181.92902503211837,0,0
f68592,False,-378.85096232096356,54.973579406738281,-215.50040690104166,0.540463807101074,0.39647097416713695,-0.74209813357585974,111.25619812974288,0,0
f68612,False,-404.90495808919269,99.528246561686203,-205.9595947265625,0.3616364054497912,0.57655769269694535,-0.73266659350985086,110.49883695501028,0,0
f68624,False,-394.22522989908856,88.949330647786454,-207.06159464518228,0.4796441556035736,0.52099454278569013,-0.70604969398964013,149.11412316030973,0,0
f68843,False,-380.16417439778644,-69.599142710367843,-206.26885986328125,0.56150289497957517,-0.45125630744280193,-0.69360092554915442,117.14955128509114,0,0
f69114,False,-416.51687622070312,106.07614135742188,-207.05706787109375,0.36666184100421312,0.61718366034732297,-0.69616335996063561,106.04843817336892,0,0
f69123,False,-412.55227661132812,92.281837463378906,-215.98973592122397,0.39305729489909885,0.52957205550489683,-0.75170433080761301,73.593601193943812,0,0
f69363,False,-380.68953450520831,41.894137064615883,-222.86640421549478,0.51216036958806854,0.32900443431972931,-0.7933774877202957,104.64744436466877,0,0
f69616,False,-370.06495157877606,2.0910038948059082,-224.23470052083334,0.60437977462684733,0.029276684011992526,-0.79615825298445742,178.43388838247392,0,0
f69629,False,-387.19606526692706,-67.341579437255859,-213.11739095052084,0.51133593366587826,-0.46468924833336406,-0.72291041313942739,83.043147446233576,0,0
f69732,False,-369.13764444986981,-18.921539942423504,-221.78261311848959,0.60731767838484974,-0.19895213558450758,-0.76914451520348237,101.78655690794155,0,0
f69746,False,-369.98780314127606,-34.894997914632164,-216.50595092773438,0.59741410374430604,-0.33282082897438386,-0.72960721244255211,204.55638521252524,0,0
f69747,False,-383.12977091471356,-44.319366455078125,-222.55889892578125,0.55661928426962204,-0.35394837673685153,-0.75159531596765672,203.81431133933762,0,0
f69917,False,-437.39438883463544,52.707056681315102,-257.75274658203125,0.73931909306241383,0.38671356502078585,-0.55123488393087416,78.459059817386589,0,0
f69934,False,-439.26897176106769,58.981749216715492,-255.64597574869791,0.71799915975163042,0.41489166548402723,-0.55887575766698139,118.48698168927889,0,0
f70213,False,-437.65614827473956,66.546371459960938,-247.91579182942709,0.71672609027810485,0.41999527185052138,-0.55669352712050491,94.533785099385341,0,0
f70296,False,-419.29826863606769,1.9066791534423828,-256.20504760742188,0.82122041596585571,0.026174806159455645,-0.5700104454511179,139.864723115467,0,0
f70353,False,-421.69598388671875,-15.561258633931478,-259.35451253255206,0.80280610313098399,-0.13522190709256846,-0.58070422472881389,85.166926857530527,0,0
f70413,False,-422.61768595377606,-22.914058685302734,-258.22092692057294,0.75524401771260696,-0.22878228621877181,-0.6142191296449756,118.71404569513554,0,0
f70563,False,-433.71904500325519,51.329931894938149,-253.83390299479166,0.73361159467864923,0.3921782551083105,-0.55498670648336279,102.72312488007624,0,0
f71377,False,-419.482666015625,-53.823691050211586,-237.90787760416666,0.70896429979243625,-0.36848932010608976,-0.60131958440381128,100.13247580432076,0,0
f71393,True,-394.788818359375,1.0056983629862468,-240.75291951497397,0.019708094961184624,-0.091073633545929844,-0.99564912708531139,8.6601136980098197,0,2
f71406,False,-409.58211263020831,-10.358929951985678,-243.81637573242188,0.79119780922233063,-0.079587309458959865,-0.60635953596432224,39.941196429440964,0,0
f71409,False,-411.69266764322919,-12.020517349243164,-246.41536458333334,0.80092458728638083,-0.068372695273417786,-0.59484870347104979,49.689874973844127,0,0
f71411,False,-408.73227945963544,-19.476192474365234,-240.70493570963541,0.71286148439150931,-0.30373549852576698,-0.63211806729948594,33.507908501318731,0,0
f71412,False,-408.54898071289062,-25.659129460652668,-237.81494140625,0.74584068942373238,-0.25608218030171481,-0.61493380369910677,106.69432896737644,0,0
f71514,False,-413.83445231119794,49.613384246826172,-238.69208780924478,0.50943689499827116,0.3708983923557635,-0.77647178478192669,27.590508789691665,0,0
f71515,False,-411.01666259765625,50.801759084065758,-236.90631103515625,0.31633269830693928,0.20945263108620679,-0.92523684498236247,26.386001853718625,0,0
f71523,True,-412.56932576497394,54.341547648111977,-236.50106811523438,0.30525606610298134,0.34305290947825096,-0.88833182730657523,8.649030816741611,0,1
f71526,True,-410.13196818033856,36.262446085611977,-239.28163655598959,0.62564719358681176,0.11477881278322151,-0.77161610486887899,31.179194141643784,0,1
f71528,False,-409.62472534179688,24.073989868164062,-240.83697509765625,0.76715985273648235,0.12155942587419769,-0.6298325700775359,50.841333458237187,0,0
f71532,False,-409.95982869466144,16.181492487589519,-242.72735595703125,0.76500750573328125,0.1168266994538992,-0.63333643386943406,69.804952190216326,0,0
f71534,True,-394.66529337565106,5.8681729634602862,-240.48565673828125,0.1280275311799586,0.20207543318401391,-0.97096574118938817,8.2804985920046938,0,1
f71551,False,-422.16367594401044,59.164932250976562,-235.29802449544272,0.70729930914947037,0.54085688704647927,-0.45519393121072455,32.086730847321064,0,0
f71552,False,-420.28370157877606,56.948769887288414,-235.27513631184897,0.59769208571623733,0.6535785606037694,-0.46432664772903015,11.542503483161065,0,0
f71554,False,-420.20390828450519,55.233074188232422,-238.23472086588541,0.41843357062963732,0.86358980031787391,-0.28129344776774817,5.6341339661173153,0,0
f71555,False,-417.88031005859375,54.455412546793617,-237.72792561848959,0.31211634280115103,0.89742894244386473,-0.31177665374514629,6.8182483368363638,0,0
f71587,False,-421.30028279622394,-49.418476104736328,-242.89315795898438,0.71739154607956857,-0.38912939649558076,-0.57786476133828357,62.596891019804339,0,0
f71669,False,-434.47636922200519,71.665827433268234,-239.93208821614584,0.72044169431241811,0.41947933579043462,-0.55226882217002637,49.525954531211084,0,0
f71674,False,-428.50657145182294,66.099070231119796,-237.28316243489584,0.67585066887765777,0.43477568778172848,-0.59514365886863618,81.334844687047124,0,0
f71732,False,-417.25441487630206,52.576382954915367,-239.33059692382812,0.41449923403016153,0.44756068621601514,-0.79238867807551305,9.8181151271473066,0,0
f71733,False,-419.57801310221356,53.354044596354164,-239.83739217122397,0.19894578934332077,0.41712195655074541,-0.88680879915900768,6.7284056048053777,0,0
f71737,False,-413.30677286783856,45.623073577880859,-239.89267985026041,0.47853862322434171,0.25817701132493209,-0.83925289210456555,33.476305619981069,0,0
f71741,False,-413.57929484049481,36.071612040201821,-242.553955078125,0.71355261208244847,0.15854424505938433,-0.68242684014395616,42.01035846729927,0,0
f71753,True,-405.04134114583331,33.333655039469399,-236.09482828776041,0.11628248866664388,-0.12870998339871967,-0.98484116638318542,5.9018641011273081,0,3
f71754,True,-405.76883951822919,33.829849243164062,-236.18312581380209,-0.29278942788273721,0.064588755014806348,0.9539929997886446,2.2570542066835637,0,3
f71755,True,-407.72738647460938,33.523938496907554,-234.94743855794272,0.89234115659375823,-0.078809895785171891,0.44442801506570728,8.0422273038744869,0,2
f71756,False,-406.46768188476562,30.270509084065754,-236.32472737630209,0.077263839818474497,0.32439051871853336,-0.94276247826375958,4.580389560485723,0,0
f71757,False,-405.74213663736981,27.838776906331379,-236.26690673828125,0.71012567382503422,-0.014585247738602071,-0.70392385804357038,7.0707943144312448,0,0
f71758,False,-404.88844807942706,18.312257448832195,-235.70906575520834,0.85410141369725201,0.049858009051172332,-0.51771126514091703,27.838957777481603,0,0
f71764,True,-395.02751668294269,13.751534779866537,-238.92475382486978,-0.76412048023327017,-0.027638562146524687,-0.64448118791051545,4.0347992587992074,0,2
f71768,True,-395.3624267578125,7.0713497797648115,-239.96904500325522,-0.87496721243846431,0.28929235784938212,-0.38825546853535514,3.8013753913347794,0,2
f71771,False,-392.39963785807294,7.7845605214436846,-239.46579996744791,0.29488344890960455,0.21220848010331636,-0.93167124702408688,20.794807082258359,0,0
f71772,False,-406.53733317057294,6.2157821655273438,-239.30089314778647,0.81622551814796296,0.041868958497808653,-0.57621427771133726,124.38351652206624,0,0
f71773,False,-406.96725463867188,-2.3454907735188804,-240.36374918619791,0.80307349615728585,0.017180489923607149,-0.59563226116094381,85.675011459131341,0,0
f71775,True,-412.54066975911456,58.346918741861977,-235.58983357747397,0.44176423223654454,0.047275066454573252,-0.89588471982067652,8.150388887650589,0,2
f71782,True,-411.84890747070312,62.936271667480469,-233.97109985351562,0.47227399560455957,0.39278843827359294,-0.78909727906912497,13.507458792412255,0,1
f71784,True,-410.59266153971356,60.842821756998696,-233.9134521484375,0.558869950412758,0.20637882076930766,-0.80316384434529398,16.57116939056764,0,1
f71791,False,-418.77859497070312,56.349816640218101,-232.82687377929688,0.90437761514771797,0.33569789239992559,-0.26345408377547297,14.086981848852139,0,0
f71793,True,-411.02573649088544,55.819974263509117,-235.47400919596353,0.27972736096132866,0.29650159889120253,-0.91314807418324595,8.429672196725722,0,2
f71794,True,-411.95839436848956,52.570721944173179,-234.8681640625,-0.23513633897074707,0.24452159768427703,0.94070191365881806,7.7697288921811092,0,3
f71795,True,-413.93156941731769,52.789240519205727,-235.02779134114584,0.081350400673696338,0.30604423911903977,0.94853520546802961,11.643638759628258,0,2
f71796,True,-414.13512166341144,49.977284749348961,-233.30777994791666,0.38304447921881268,0.66082880623680107,0.64543180568332159,10.633096486370073,0,2
f71798,True,-410.63100179036456,49.997695922851562,-234.07767740885416,-0.089440355235592905,0.12571351027656669,0.98802658678260002,4.5326278192469456,0,3
f71799,False,-414.90518188476562,-53.013334910074867,-233.64784749348959,0.52871321716545427,-0.42289506901218438,-0.73594979081438372,36.450820327329005,0,0
f71823,True,-391.10885620117188,-19.533999125162762,-236.3795166015625,0.28130096564429335,-0.27000273321455104,-0.92085193749280891,24.039392688929023,0,1
f71831,True,-392.79921468098956,-1.7485610644022624,-240.00790405273438,0.28275918188165072,-0.12947184923847493,-0.95041269210611323,18.530848935774937,0,1
f71833,False,-404.15068562825519,-11.556474685668945,-236.02112833658853,0.82010152071184961,-0.084920032904719389,-0.56588168704913322,65.194111560157907,0,0
f71834,True,-395.13152058919269,-17.551912943522137,-237.75852457682291,-0.64223812426558424,-0.11173036016142193,-0.75831821708173597,2.9315802100239052,0,1
f71836,True,-393.12238566080731,-16.678726196289062,-237.71288045247397,0.23804341604954771,-0.22019957075666344,-0.94596378425077299,17.174962413948389,0,1
f71837,True,-392.72642008463544,-22.893030166625977,-236.15069580078125,0.33559527284743113,-0.12558427058578381,-0.93359755988535809,17.328495783954946,0,1
f71838,True,-395.41225179036456,-24.257031758626301,-236.35971069335938,-0.34892065046445969,-0.20819964969462801,-0.91373261162469877,6.5641816953955932,0,2
f71839,True,-395.77667236328125,-28.045438130696613,-235.18049112955728,-0.29842585211992739,-0.2977972516533311,-0.90678487398843266,6.3277256748616431,0,1
f71840,True,-397.73411051432294,-34.728363037109375,-233.52411905924478,-0.79517545096677056,0.45047797179050042,0.40591329013880567,13.588394839464609,0,1
f71841,True,-399.23679606119794,-36.420192718505859,-234.12882486979166,-0.62411291572211802,0.65562389792802722,0.42501808537342955,5.9416525513355714,0,2
f71842,False,-396.54691569010419,-34.245699564615883,-234.62693277994791,0.32993355094030208,0.25925217198375344,-0.90770709112886705,10.512251729698015,0,0
f71845,True,-400.20929972330731,-37.550999959309898,-235.54447428385416,-0.049247453723409863,-0.14599093837202046,-0.98805937787919274,2.7136751555810719,0,2
f71872,False,-406.96585083007812,-55.516078948974609,-230.73768107096353,-0.00615720660134891,-0.18782568980178657,-0.9821830781770533,8.4929737233168101,0,0
f71943,True,-393.12581380208331,-7.4831522305806475,-239.26523844401041,0.28138761337130352,-0.14587089714546583,-0.94844224516160114,25.663428786406385,0,1
f71956,True,-394.07588704427081,-7.2641905148824053,-237.72531127929688,-0.98266561175104394,-0.098867283046764023,0.15682332678813279,6.433110696915497,0,3
f71957,True,-394.23757934570312,-9.942467848459879,-238.16354370117188,-0.93089380146251044,0.041159399897483087,0.36296368165252474,19.224443374031036,0,2
f71964,False,-406.08677164713544,-15.425667444864908,-238.28158569335938,0.82493768903243869,-0.077696261293037652,-0.55985810719762175,41.936059730163265,0,0
f71970,True,-413.79691569010419,60.44036865234375,-235.64748128255209,-0.91930173641104518,-0.045751545556217153,-0.39088503874010672,3.0469148243398574,0,2
f71976,True,-414.93509928385419,54.063194274902344,-236.20744832356772,-0.78029391164836293,0.62007413904493192,-0.081544304106314872,5.6551252927430049,0,1
f71977,False,-416.96342976888019,53.895170847574867,-236.23579915364584,0.50375833578454199,0.76125339255560953,0.40831459862483949,7.2112387806721099,0,0
f71981,True,-409.68422444661456,40.882909138997398,-238.42003377278647,0.59925006644241707,0.062492601557670516,-0.7981190591755799,34.76675249146659,0,1
f71982,False,-408.06550089518231,30.344389597574871,-237.67928059895834,0.78754250847517016,0.30868981461719086,-0.53337359861193057,10.512518710550118,0,0
f71983,True,-408.06494140625,33.018925984700523,-237.46335856119791,0.81923817570579993,-0.24795024434912624,-0.5170778353337544,9.6508940890105812,0,1
f71984,False,-406.10028076171875,22.95885721842448,-237.06758626302084,0.80010686589276769,0.082488340143481581,-0.59415879770615676,12.608729243051856,0,0
f71985,False,-407.70635986328125,25.300868988037109,-238.47746785481772,0.68473676761384761,0.090499698313552229,-0.72314961362286267,24.320084422441706,0,0
f72092,False,-440.56325276692706,91.686075846354171,-228.13084920247397,0.50250349596509558,0.62500477869856941,-0.5973769857860356,43.913045151946271,0,0
f72097,False,-436.4678955078125,85.505638122558594,-230.4454345703125,0.52415198799236273,0.52151910144552471,-0.67326259387486143,38.48834920340817,0,0
f72164,False,-426.05563354492188,46.917050679524742,-248.47586059570312,0.61125887108972554,0.45309499787908003,-0.64889715318459418,53.871620952177125,0,0
f72176,False,-410.59989420572919,-1.8881429036458333,-245.40580240885416,0.82319141190730616,0.028297119234586415,-0.56705835008848904,67.937575300184093,0,0
f72385,False,-425.21713256835938,36.51531982421875,-254.61492919921875,0.72212263442774005,0.31603341238967791,-0.61535500574910107,55.874877941525803,0,0
f72386,False,-422.55128987630206,34.002450307210289,-252.68285115559897,0.74623828289813432,0.29757398689172515,-0.59546464837352642,35.571032808986352,0,0
f72423,False,-427.20517985026044,42.027871449788414,-253.21345011393228,0.6151733653388689,0.48842619022841466,-0.61887122026848773,51.580868778578349,0,0
f72437,False,-420.09185791015625,35.715152740478516,-249.13406372070312,0.66781439579522373,0.31444077551328925,-0.67464874672918607,38.67487209926319,0,0
f72443,False,-415.72564697265625,14.235580762227377,-250.46928914388022,0.79335090486312398,0.12464213269339734,-0.59586800594637068,85.777192247442386,0,0
f72496,False,-414.47397867838544,5.0201972325642901,-250.15199788411459,0.78481196129076758,0.049174170066453748,-0.61777996601801055,88.74518647912933,0,0
f72500,False,-415.43967692057294,-2.2639659245808921,-251.36958821614584,0.65558341428408873,-0.053809331132155934,-0.75320312187266381,47.773605126227459,0,0
f72504,False,-417.48611450195312,-15.692769686381022,-253.57525634765625,0.79464039593404812,-0.14382520733164364,-0.58979738121306458,79.616782940142301,0,0
f72512,False,-418.99201456705731,-33.727559407552086,-248.77532958984375,0.76804364410893933,-0.28597798709785971,-0.57299699095136392,150.55454977120169,0,0
f72587,False,-421.78337605794269,48.048199971516929,-244.52887980143228,0.44418502365991658,0.45612465694364451,-0.77113550176624723,48.121365130133988,0,0
f72589,False,-417.85467529296875,44.452156066894531,-243.61148071289062,0.60932391252160167,0.31620297640300488,-0.72714513499249123,49.176023626876045,0,0
f72590,False,-417.67945353190106,39.521157582600914,-245.41115315755209,0.61931559533201341,0.25594956449953848,-0.74225198808157478,38.804819131042713,0,0
f72618,False,-421.72098795572919,52.699867248535156,-241.44410196940103,0.44773439805951915,0.55367181363247686,-0.7021263643983211,25.222833110841453,0,0
f72627,False,-424.22685750325519,56.795059204101562,-239.86431884765625,0.46045523726313703,0.54257533793142898,-0.70256172479401668,21.86381180131972,0,0
f72636,False,-412.75405883789062,-24.772629419962566,-244.00495402018228,0.83360023269902161,-0.16291769883109486,-0.52779586532268119,123.53134899136336,0,0
f72694,False,-413.3382568359375,-35.454619089762367,-240.33861287434897,0.76775197407515172,-0.28616265685926401,-0.57329559576448397,166.32391179381426,0,0
f72785,False,-429.66730753580731,53.621742248535156,-247.50718180338541,0.64274146855458592,0.41689234709309003,-0.6427162480718136,72.983559491062948,0,0
f72833,False,-415.46207682291669,27.388629913330078,-246.95453898111978,0.76638786177611806,0.20109603546505372,-0.61009018172928131,43.311358502933523,0,0
f72836,False,-413.46504720052081,18.313932418823242,-246.68107096354166,0.7835591444195088,0.11662690925305673,-0.61027307923145901,58.832401718687002,0,0
f73737,False,-413.196533203125,30.209990183512371,-243.55469767252603,0.71475315439026654,0.16685123364772697,-0.67918229814932252,45.363545786061692,0,0
f78043,False,-385.26203409830731,-18.763758977254231,-233.48431396484375,0.53332082493017752,-0.20019566074138573,-0.82188234870698784,50.557446112246474,0,0
f78081,False,-431.60190836588544,87.704371134440109,-226.21644083658853,0.30548789378854629,0.40947705363637549,-0.85965440107866065,10.213258868580587,0,0
f82270,False,-410.26271565755206,98.768864949544266,-209.60594685872397,0.43901863787162665,0.56924466537887053,-0.69514253685056504,131.0670020081665,0,0
f86393,True,-412.60894775390625,55.285448710123696,-222.80046590169272,0.81959414566251754,0.2661476743095737,-0.50737643998843029,13.616665593513659,0,3
