loop_id,length,variant,success,n_new_faces,patch_area,n_patch_vs_existing,n_patch_self_intersect,n_new_non_manifold_vertices,n_degenerate_faces,n_original_vertices_moved,max_original_vertex_displacement
2,46,A_default,True,44,1184.45,0,0,0,0,0,0
2,46,B_2D_CDT,True,44,1184.33,0,0,0,0,0,0
7,9,A_default,True,7,95.4991,0,0,0,0,0,0
7,9,B_2D_CDT,True,7,92.326,0,0,0,0,0,0
12,6,A_default,True,4,51.9127,0,0,0,0,0,0
12,6,B_2D_CDT,True,4,51.5178,0,0,0,0,0,0
15,11,A_default,True,9,157.278,0,0,0,0,0,0
15,11,B_2D_CDT,True,9,156.845,0,0,0,0,0,0
18,60,A_default,True,58,1532.21,0,0,0,0,0,0
18,60,B_2D_CDT,True,58,1532.21,0,0,0,0,0,0
19,82,A_default,True,80,5818.04,16,0,0,0,0,0
19,82,B_2D_CDT,True,80,5818.04,16,0,0,0,0,0
21,9,A_default,True,7,137.289,0,0,0,0,0,0
21,9,B_2D_CDT,True,7,137.234,0,0,0,0,0,0
23,61,A_default,True,59,1924.28,0,0,0,0,0,0
23,61,B_2D_CDT,True,59,1924.28,0,0,0,0,0,0
24,7,A_default,True,5,43.6266,0,0,0,0,0,0
24,7,B_2D_CDT,True,5,42.8597,0,0,0,0,0,0
26,13,A_default,True,11,270.189,0,0,0,0,0,0
26,13,B_2D_CDT,True,11,270.164,0,0,0,0,0,0
28,7,A_default,True,5,65.3634,0,0,0,0,0,0
28,7,B_2D_CDT,True,5,65.3058,0,0,0,0,0,0
33,7,A_default,True,5,56.6605,0,0,0,0,0,0
33,7,B_2D_CDT,True,5,56.6605,0,0,0,0,0,0
34,10,A_default,True,8,105.229,20,0,0,0,0,0
34,10,B_2D_CDT,True,8,105.229,20,0,0,0,0,0
37,41,A_default,True,39,3633.6,514,0,0,0,0,0
37,41,B_2D_CDT,True,39,3633.6,514,0,0,0,0,0
38,21,A_default,True,19,490.737,0,0,0,0,0,0
38,21,B_2D_CDT,True,19,490.737,0,0,0,0,0,0
39,9,A_default,True,7,110.886,0,0,0,0,0,0
39,9,B_2D_CDT,True,7,110.864,0,0,0,0,0,0
41,12,A_default,True,10,147.838,0,0,0,0,0,0
41,12,B_2D_CDT,True,10,141.367,0,0,0,0,0,0
42,41,A_default,True,39,2574.62,455,0,0,0,0,0
42,41,B_2D_CDT,True,39,2574.62,455,0,0,0,0,0
44,8,A_default,True,6,155.696,0,0,0,0,0,0
44,8,B_2D_CDT,True,6,155.696,0,0,0,0,0,0
45,6,A_default,True,4,35.0253,0,0,0,0,0,0
45,6,B_2D_CDT,True,4,35.0253,0,0,0,0,0,0
46,11,A_default,True,9,184.083,0,0,0,0,0,0
46,11,B_2D_CDT,True,9,183.649,0,0,0,0,0,0
