loop_id,idx_in_loop,x,y,z
0,0,174.802,15.4536,79.0123
0,1,175.308,12.0947,74.1743
0,2,177.308,9.95102,70.7297
0,3,176.362,8.87624,65.9209
0,4,179.4,8.77249,69.2972
0,5,182.433,8.64726,72.6323
0,6,183.153,9.45635,76.0814
0,7,186.907,9.33061,79.8868
0,8,185.511,9.88758,80.094
0,9,179.404,11.695,77.9048
0,10,177.332,14.6586,81.3474
0,11,175.417,17.2104,82.2325
0,12,170.948,21.8589,80.4182
0,13,173.045,28.2068,87.3837
0,14,174.007,31.8985,90.7689
0,15,175.14,33.4011,93.0388
0,16,172.726,35.5979,90.1997
0,17,171.039,41.9267,88.7253
0,18,171.251,45.3887,89.0423
0,19,171.599,47.0685,88.8695
0,20,169.353,46.8327,86.09
0,21,166.05,52.8229,80.5866
0,22,165.206,57.9359,78.795
0,23,163.773,62.6738,76.3612
0,24,166.059,65.7374,79.1843
0,25,172.477,52.0954,88.8706
0,26,171.599,47.0685,88.8695
0,27,175.188,42.0221,92.8371
0,28,177.835,36.7418,95.9063
0,29,177.575,44.2635,95.8019
0,30,179.859,44.3984,99.6421
0,31,179.213,46.4005,98.4276
0,32,177.425,49.2008,95.3243
0,33,174.96,52.5722,91.7348
0,34,172.346,60.3719,88.1821
0,35,173.638,65.2748,89.8525
0,36,173.104,71.054,88.6836
0,37,174.072,76.2065,89.0944
0,38,176.052,78.052,91.4798
0,39,177.804,76.9078,94.2008
0,40,179.421,76.5061,96.0999
0,41,182.829,77.1695,99.6905
0,42,186.762,71.0007,105.59
0,43,188.537,64.7333,108.33
0,44,188.116,61.3835,108.045
0,45,188.299,59.9198,108.379
0,46,189.33,61.6218,109.527
0,47,190.517,67.6664,110.413
0,48,194.95,71.0341,115.276
0,49,201.002,67.2961,122.213
0,50,201.613,60.1971,124.301
0,51,203.897,55.3246,126.255
0,52,210.633,47.7948,129.713
0,53,211.833,40.2981,129.37
0,54,213.113,40.2527,129.985
0,55,214.505,44.1049,130.988
0,56,217.031,52.6908,131.62
0,57,223.786,51.6297,131.255
0,58,225.114,43.8762,131.654
0,59,223.054,37.4866,131.591
0,60,222.332,31.3092,130.475
0,61,218.604,26.0072,126.986
0,62,213.011,22.7257,122.465
0,63,208.392,21.9843,119.549
0,64,207.067,20.0407,117.248
0,65,206.809,16.6507,113.301
0,66,204.33,16.4221,111.09
0,67,205.481,15.4517,110.542
0,68,207.79,14.5939,111.203
0,69,209.278,15.4432,113.699
0,70,210.818,18.5853,118.34
0,71,215.019,16.8,119.897
0,72,218.473,19.7971,123.77
0,73,220.951,17.4959,124.001
0,74,221.772,18.5522,125.054
0,75,222.174,21.032,126.571
0,76,221.97,25.4166,128.41
0,77,225.521,28.2075,130.553
0,78,230.637,24.1598,130.037
0,79,231.733,20.7552,129.2
0,80,233.04,21.1384,129.374
0,81,235.616,26.4034,130.221
0,82,244.144,22.7928,128.571
0,83,250.781,21.4422,126.828
0,84,254.068,23.6037,127.116
0,85,252.435,25.9032,128.599
0,86,247.163,28.6417,130.262
0,87,244.02,34.115,131.922
0,88,246.086,38.3013,133.997
0,89,251.488,39.522,137.725
0,90,255.277,35.8316,135.187
0,91,259.946,34.0886,133.282
0,92,264.456,32.4285,131.241
0,93,264.63,34.7386,134.12
0,94,262.146,35.4334,135.173
0,95,257.922,35.978,135.83
0,96,254.844,37.8768,137.89
0,97,254.264,41.1585,142.082
0,98,254.741,43.1185,144.877
0,99,253.186,42.5367,142.417
0,100,250.137,43.672,139.328
0,101,247.515,48.3422,138.604
0,102,243.595,57.0529,137.561
0,103,243.566,61.5348,143.005
0,104,241.529,65.6236,149.042
0,105,243.698,53.7704,152.361
0,106,244.403,52.4684,149.974
0,107,245.641,49.8354,151.57
0,108,246.982,47.2001,153.092
0,109,246.788,46.2602,155.62
0,110,248.373,40.854,158.694
0,111,247.757,35.7769,160.246
0,112,250.762,31.6512,158.828
0,113,255.821,30.0804,157.606
0,114,259.056,33.8528,156.832
0,115,256.561,36.4806,156.443
0,116,257.425,38.2399,155.232
0,117,258.21,40.004,153.845
0,118,259.485,37.7785,154.953
0,119,261.59,34.6652,156.621
0,120,262.028,30.943,158.362
0,121,262.548,25.6044,161.162
0,122,262.159,27.0677,163.907
0,123,263.261,18.9711,162.63
0,124,266.249,5.06382,159.621
0,125,267.397,-2.73211,156.145
0,126,267.449,3.10497,157.163
0,127,265.88,7.9624,154.831
0,128,263.496,8.43432,150.86
0,129,262.046,6.67422,146.38
0,130,262.816,3.15569,143.835
0,131,264.263,1.31092,144.578
0,132,260.854,-1.24959,146.519
0,133,264.518,-4.21154,152.044
0,134,267.397,-2.73211,156.145
0,135,265.353,-7.02147,155.062
0,136,266.157,-10.2297,157.976
0,137,265.746,-12.697,158.513
0,138,263.202,-13.7947,156.723
0,139,256.438,-12.2262,154.33
0,140,255.074,-19.445,154.865
0,141,256.881,-23.6421,154.825
0,142,257.132,-25.9218,155.168
0,143,252.863,-26.5867,156.232
0,144,250.469,-32.6629,154.456
0,145,249.127,-36.233,152.308
0,146,248.195,-39.1887,149.973
0,147,244.827,-46.5009,149.679
0,148,244.594,-46.2405,146.805
0,149,243.28,-51.5239,146.103
0,150,243.065,-58.2653,142.276
0,151,244.728,-54.9878,138.502
0,152,245.063,-52.1716,137.487
0,153,244.121,-55.0417,134.621
0,154,244.75,-45.9018,132.283
0,155,246.762,-39.5637,131.578
0,156,248.048,-33.8388,130.16
0,157,250.869,-29.343,129.713
0,158,251.556,-24.8043,127.444
0,159,256.961,-21.8432,126.142
0,160,261.759,-18.7238,124.401
0,161,269.981,-19.7843,125.058
0,162,273.523,-21.681,127.262
0,163,277.96,-21.9913,128.374
0,164,282.353,-20.6884,131.04
0,165,279.091,-21.26,135.435
0,166,274.88,-23.435,138.132
0,167,269.864,-26.1159,135.513
0,168,265.024,-28.3161,136.733
0,169,261.333,-30.6358,141.527
0,170,261.053,-31.9812,146.943
0,171,261.93,-32.0764,149.271
0,172,262.011,-31.1403,146.018
0,173,264.604,-28.8389,140.768
0,174,268.754,-26.8027,142.623
0,175,271.569,-25.1794,144.303
0,176,274.264,-23.3666,142.77
0,177,277.599,-21.1118,139.104
0,178,280.632,-18.7994,134.287
0,179,279.552,-15.0901,133.358
0,180,276.239,-13.6412,134.678
0,181,273.843,-12.4795,137.241
0,182,273.37,-14.6689,141.716
0,183,274.429,-15.4336,147.853
0,184,275.34,-16.8472,152.107
0,185,274.598,-13.0265,154.147
0,186,273.267,-10.8948,160.871
0,187,271.575,-8.32808,166.88
0,188,269.759,-7.15466,172.374
0,189,268.783,-7.35843,175.715
0,190,268.621,-10.3982,179.2
0,191,269.352,-14.2969,180.407
0,192,268.675,-12.4384,181.003
0,193,267.889,-8.46814,180.235
0,194,268.141,-6.17496,177.475
0,195,268.951,-5.33724,174.242
0,196,270.757,-4.78495,169.225
0,197,273.101,0.456312,164.272
0,198,271.681,4.03636,167.513
0,199,271.012,6.11629,169.114
0,200,270.164,7.50515,171.329
0,201,268.338,8.41177,175.829
0,202,266.568,8.6627,179.833
0,203,268.749,11.619,176.3
0,204,268.731,15.4148,177.838
0,205,270.009,15.1023,174.868
0,206,272.711,12.2924,167.321
0,207,274.81,13.8406,160.53
0,208,274.777,15.2333,156.271
0,209,274.669,14.714,147.386
0,210,274.498,19.9767,142.232
0,211,275.149,20.8473,138.722
0,212,277.57,19.7495,135.197
0,213,280.101,21.3594,132.611
0,214,284.423,23.2349,131.335
0,215,288.692,27.7595,131.958
0,216,285.384,30.4444,133.044
0,217,279.4,31.0479,131.04
0,218,273.93,31.259,131.524
0,219,269.449,29.9041,128.781
0,220,264.456,32.4285,131.241
0,221,266.533,30.0868,128.867
0,222,268.756,28.2389,126.666
0,223,273.188,25.0846,121.155
0,224,272.361,20.8429,116.62
0,225,274.048,20.5168,114.441
0,226,278.987,21.396,110.641
0,227,278.296,17.5897,105.845
0,228,279.409,16.9653,103.544
0,229,279.351,14.9073,98.9896
0,230,273.403,12.8012,101.631
0,231,269.777,13.4507,108.337
0,232,270.953,14.9588,110.446
0,233,269.447,14.4342,111.076
0,234,267.247,12.8524,109.645
0,235,266.108,10.5209,101.538
0,236,255.49,6.38957,98.7229
0,237,254.282,2.49503,99.3033
0,238,254.523,1.49934,102.483
0,239,255.335,1.30365,101.138
0,240,257.047,1.08993,97.4293
0,241,262.516,-0.29238,95.8528
0,242,264.543,-0.607088,103.295
0,243,265.486,-1.93945,108.715
0,244,265.416,-3.63406,113.598
0,245,266.108,-4.47738,114.867
0,246,268.191,-3.99584,111.476
0,247,272.854,-7.6176,112.749
0,248,274.719,-11.1372,114.94
0,249,278.536,-16.2659,117.62
0,250,277.063,-18.2412,121.161
0,251,270.514,-17.4176,122.654
0,252,263.748,-15.7464,122.677
0,253,256.063,-17.4979,124.564
0,254,253.092,-15.1362,124.196
0,255,251.391,-12.0351,123.636
0,256,250.778,-8.14336,122.7
0,257,246.079,-7.45241,123.17
0,258,235.152,-11.1322,124.841
0,259,232.846,-7.8432,123.747
0,260,230.541,-10.0793,124.324
0,261,228.152,-12.2656,124.858
0,262,227.73,-15.0352,125.521
0,263,220.785,-23.5476,125.837
0,264,217.95,-23.1424,123.868
0,265,217.516,-24.796,124.272
0,266,217.967,-28.8955,126.26
0,267,216.511,-34.9992,127.16
0,268,213.802,-36.4655,125.995
0,269,215.341,-38.3856,127.442
0,270,215.697,-45.0838,128.748
0,271,209.426,-45.3096,127.917
0,272,206.38,-47.0051,126.693
0,273,204.538,-50.027,125.854
0,274,202.175,-55.556,124.273
0,275,199.145,-55.1379,121.514
0,276,198.272,-55.3104,120.507
0,277,198.778,-57.9907,121.155
0,278,194.022,-61.2662,116.152
0,279,192.246,-56.1401,114.024
0,280,189.103,-55.4812,110.918
0,281,182.391,-54.6592,103.662
0,282,179.45,-50,98.0817
0,283,179.697,-41.1686,95.6893
0,284,181.285,-36.5353,96.941
0,285,179.56,-34.4804,94.6005
0,286,177.217,-28.8879,91.2324
0,287,176.616,-25.1684,90.1992
0,288,174.614,-24.5809,86.9571
0,289,174.167,-18.3085,84.1734
0,290,176.498,-12.4484,83.1118
0,291,179.082,-10.8027,85.0234
0,292,178.554,-9.43103,83.3381
0,293,176.797,-6.5754,77.7206
0,294,181.894,-3.87527,80.5983
0,295,187.033,-2.84744,83.5144
0,296,195.802,-0.852828,87.3389
0,297,201.762,0.506886,90.078
0,298,198.372,0.699634,86.5074
0,299,194.841,1.0796,82.0887
0,300,191.432,0.672525,79.1427
0,301,185.352,0.0127807,74.399
0,302,178.949,0.250636,66.4686
0,303,183.752,2.76054,66.8795
0,304,182.955,3.06988,65.3943
0,305,182.132,3.41111,63.8876
0,306,180.553,2.0537,64.1412
0,307,176.067,-0.22837,63.2942
0,308,169.865,-3.13172,62.526
0,309,163.579,-7.49619,62.1299
0,310,163.154,-15.1327,67.6784
0,311,158.326,-17.6752,63.1059
0,312,156.654,-19.6295,61.485
0,313,153.818,-16.682,56.0377
0,314,152.693,-11.9124,51.7652
0,315,151.768,-8.30832,47.7485
0,316,154.27,-4.30535,46.4344
0,317,160.25,-2.65824,51.2142
0,318,163.188,-1.41556,52.0186
0,319,163.939,-0.751986,51.3334
0,320,159.379,-1.8499,47.9829
0,321,156.747,-0.103244,39.8253
0,322,160.078,1.51078,40.4244
0,323,159.44,1.57095,39.2668
0,324,156.253,1.12299,35.9953
0,325,152.551,2.16445,29.7341
0,326,148.203,6.14126,19.5889
0,327,147.545,9.80804,25.9036
0,328,150.995,10.0972,33.828
0,329,153.668,9.70623,37.3397
0,330,150.079,11.7003,38.3101
0,331,153.252,12.6519,45.4925
0,332,156.085,11.1298,45.0677
0,333,161.421,9.92891,49.0292
0,334,164.717,7.54124,46.4488
0,335,165.005,6.70297,44.8374
0,336,166.158,6.65147,46.331
0,337,166.257,7.7657,49.3557
0,338,165.651,9.47834,54.1386
0,339,165.646,10.284,57.1615
0,340,161.605,12.2243,56.4056
0,341,166.315,12.6914,64.5274
0,342,168.691,12.0258,66.1547
0,343,167.917,13.9448,68.2833
0,344,169.866,17.0202,74.8878
1,0,-33.291,-84.6408,133.326
1,1,-29.6591,-84.9515,128.373
1,2,-43.4272,-87.8794,123.191
1,3,-35.4747,-87.5821,114.769
1,4,-46.2072,-90.0029,115.159
1,5,-35.7639,-87.4487,108.51
1,6,-25.1453,-83.7618,102.252
1,7,-16.3128,-84.6254,107.781
1,8,-3.39841,-81.6228,101.702
1,9,4.14871,-82.3043,100.533
1,10,7.24436,-77.2799,92.0363
1,11,13.6149,-75.5147,84.6551
1,12,16.2353,-74.5437,73.0103
1,13,15.8614,-76.3871,61.7847
1,14,16.1299,-80.1586,55.7794
1,15,20.3744,-81.428,54.4404
1,16,19.2542,-82.4403,50.1865
1,17,30.2999,-85.1083,45.8635
1,18,17.7553,-87.4007,42.5101
1,19,25.6402,-88.3253,39.9522
1,20,15.6343,-90.9875,35.3552
1,21,13.5142,-93.8434,26.9079
1,22,6.70353,-91.2252,28.0567
1,23,-1.26743,-86.1596,16.6122
1,24,-11.0006,-66.6112,-0.939049
1,25,-15.1023,-58.1442,-15.406
1,26,-11.1981,-72.0218,-8.49207
1,27,-12.635,-68.4923,-20.0871
1,28,-9.40977,-76.8618,-31.9081
1,29,-3.11843,-87.3709,-42.224
1,30,-2.35622,-97.4662,-39.4332
1,31,0.598672,-101.133,-44.8496
1,32,2.04781,-108.216,-40.8147
1,33,4.55889,-105.903,-49.6963
1,34,7.81374,-113.268,-47.325
1,35,10.5352,-110.793,-55.7354
1,36,14.7142,-115.374,-53.8928
1,37,16.4371,-113.065,-58.8313
1,38,20.9695,-113.951,-58.766
1,39,25.5585,-112.139,-62.0816
1,40,24.9336,-115.581,-58.014
1,41,23.4418,-118.61,-50.2118
1,42,14.8038,-118.718,-40.0249
1,43,6.44182,-114.615,-37.4468
1,44,9.53914,-115.596,-27.6022
1,45,0.689307,-106.579,-27.6309
1,46,2.82198,-104.695,-15.0377
1,47,2.69089,-99.9789,-5.8492
1,48,10.3224,-107.828,-9.08234
1,49,11.8454,-105.281,-3.37775
1,50,16.6897,-110.788,-9.27009
1,51,17.9141,-106.286,-3.03018
1,52,21.7662,-110.458,-10.8022
1,53,27.3119,-105.912,-9.11074
1,54,23.7673,-103.128,-1.33705
1,55,34.699,-98.8718,-3.8474
1,56,42.4567,-93.1466,6.84063
1,57,54.3318,-93.3444,-6.59393
1,58,53.68,-97.9377,-14.3996
1,59,47.3771,-97.8329,-13.1459
1,60,49.7388,-101.419,-17.9137
1,61,44.9478,-101.406,-20.2005
1,62,45.7619,-105.288,-27.5027
1,63,45.3693,-106.914,-34.2653
1,64,45.7529,-105.756,-38.5668
1,65,45.5063,-107.552,-40.8693
1,66,45.3204,-110.847,-42.3412
1,67,47.9821,-113.178,-37.7965
1,68,47.6805,-114.015,-43.9579
1,69,52.3352,-113.314,-39.6179
1,70,52.0136,-112.232,-48.8759
1,71,48.5826,-110.252,-59.3781
1,72,53.1746,-106.366,-58.6003
1,73,47.176,-106.734,-64.335
1,74,50.5255,-101.661,-64.9403
1,75,44.3338,-103.124,-67.0939
1,76,40.581,-97.639,-68.0738
1,77,39.7912,-102.067,-69.8421
1,78,35.9796,-98.3072,-70.2509
1,79,37.8017,-101.3,-74.4004
1,80,32.9477,-98.0889,-75.4167
1,81,37.7831,-101.05,-82.081
1,82,35.4916,-102.139,-89.1173
1,83,29.9981,-105.065,-94.3631
1,84,40.8628,-108.813,-95.1639
1,85,43.1055,-115.172,-101.783
1,86,53.4744,-117.414,-92.2364
1,87,57.5574,-123.152,-85.3166
1,88,55.8373,-117.159,-83.6952
1,89,55.3726,-119.17,-79.894
1,90,51.4598,-114.133,-79.1431
1,91,51.6503,-119.961,-75.6481
1,92,45.7168,-120.79,-68.6492
1,93,52.1231,-130.783,-75.1826
1,94,55.5255,-133.723,-79.339
1,95,56.9372,-135.313,-84.8571
1,96,57.935,-130.086,-90.6022
1,97,56.5775,-133.298,-100.047
1,98,53.9735,-128.681,-106.93
1,99,53.5948,-135.91,-109.88
1,100,49.0837,-130.352,-115.767
1,101,50.4557,-136.097,-117.164
1,102,46.2423,-136.929,-121.696
1,103,45.6238,-140.634,-126.608
1,104,40.1608,-137.971,-122.901
1,105,40.3784,-140.589,-127.233
1,106,33.2905,-140.132,-122.381
1,107,36.9791,-143.441,-130.131
1,108,31.2833,-143.747,-127.132
1,109,33.1107,-147.193,-132.043
1,110,28.9909,-147.961,-127.55
1,111,31.7194,-153.937,-133.815
1,112,30.0079,-161.733,-134.064
1,113,35.3502,-160.389,-138.025
1,114,36.6698,-170.075,-143.159
1,115,42.5677,-159.807,-140.492
1,116,44.4648,-168.936,-145.704
1,117,48.9982,-161.778,-141.656
1,118,50.6353,-169.471,-145.743
1,119,54.1002,-162.416,-138.456
1,120,59.8902,-161.475,-128.979
1,121,65.2547,-164.821,-122.756
1,122,64.3984,-160.448,-115.785
1,123,65.5809,-162.06,-108.091
1,124,63.6524,-157.393,-108.306
1,125,63.761,-159.488,-102.038
1,126,60.1944,-156.23,-93.9122
1,127,63.8534,-165.903,-100.771
1,128,58.9705,-162.725,-91.3148
1,129,60.0494,-171.033,-95.0768
1,130,53.8254,-164.601,-87.2721
1,131,47.0191,-162.021,-83.2839
1,132,50.5792,-158.28,-83.3835
1,133,43.4858,-158.924,-81.6751
1,134,39.0924,-155.301,-79.1655
1,135,32.8494,-155.179,-81.8555
1,136,27.7079,-147.39,-78.6549
1,137,24.7714,-148.608,-84.5908
1,138,21.9259,-141.753,-82.4069
1,139,18.4345,-137.065,-90.5444
1,140,20.0694,-132.613,-79.5798
1,141,19.8224,-124.932,-78.4358
1,142,22.4692,-125.809,-73.4643
1,143,20.6379,-118.823,-80.8881
1,144,24.386,-116.202,-71.9836
1,145,26.6153,-110.38,-72.9096
1,146,27.2581,-114.72,-69.5773
1,147,30.7058,-113.657,-69.4061
1,148,28.5309,-113.974,-64.8308
1,149,27.6444,-109.403,-64.3164
1,150,30.6074,-106.502,-65.8831
1,151,24.1228,-106.662,-66.3901
1,152,14.4985,-100.494,-63.4499
1,153,7.76765,-102.723,-56.4268
1,154,7.28885,-95.9772,-57.4905
1,155,3.1209,-93.5173,-51.2537
1,156,4.52497,-79.8192,-52.6084
1,157,-0.00380135,-81.7757,-47.4364
1,158,-1.6458,-68.7106,-44.624
1,159,4.35198,-67.1326,-49.4679
1,160,2.26522,-54.8143,-44.3484
1,161,14.7327,-55.4823,-50.5084
1,162,6.37736,-44.5483,-43.037
1,163,19.5861,-48.8714,-48.4319
1,164,7.94909,-34.0849,-39.3322
1,165,1.00813,-26.4823,-33.5946
1,166,-4.98654,-35.0205,-33.8094
1,167,-11.6104,-33.8969,-28.7426
1,168,-14.5764,-43.222,-28.894
1,169,-15.6938,-31.8301,-21.8764
1,170,-16.6437,-46.2592,-22.9593
1,171,-17.8135,-34.3516,-14.8442
1,172,-16.9704,-44.9533,-11.0439
1,173,-16.1051,-35.6789,-2.9394
1,174,-13.1063,-50.1861,4.24559
1,175,-7.22835,-56.1253,25.2032
1,176,-2.83417,-63.1484,40.5599
1,177,-0.650111,-71.2426,40.3743
1,178,3.94465,-70.3644,50.5077
1,179,11.4521,-70.9099,58.5034
1,180,12.3951,-63.2497,63.837
1,181,14.4819,-68.5048,66.9652
1,182,14.9038,-61.291,70.2254
1,183,12.9257,-54.142,67.0185
1,184,16.4056,-51.065,73.3076
1,185,15.3486,-45.4823,70.7909
1,186,14.5453,-45.9851,75.7366
1,187,6.52588,-51.7181,76.515
1,188,0.696587,-58.6539,76.2888
1,189,-8.05674,-56.5163,75.9168
1,190,-2.93757,-64.6062,75.3736
1,191,-9.86756,-63.4643,74.6482
1,192,-6.22868,-67.996,73.6842
1,193,-9.67765,-71.1381,73.4879
1,194,-5.22542,-72.0235,75.1959
1,195,-10.5431,-73.5087,75.747
1,196,-7.03875,-73.5711,79.5
1,197,-10.0195,-73.9107,84.0305
1,198,-2.83881,-73.102,83.4103
1,199,-12.4226,-75.7831,89.6908
1,200,-27.1161,-76.9612,90.2658
1,201,-36.3704,-78.8492,94.0837
1,202,-44.2642,-76.7652,94.5813
1,203,-42.941,-74.3563,90.9913
1,204,-49.4612,-72.9914,91.8628
1,205,-45.9235,-72.192,86.758
1,206,-54.9872,-69.9024,87.3852
1,207,-68.4085,-63.1987,90.1695
1,208,-68.5299,-64.0107,94.5805
1,209,-80.2392,-59.3222,100.055
1,210,-70.7216,-66.5416,102.033
1,211,-80.262,-62.3677,107.29
1,212,-82.9075,-61.2807,112.442
1,213,-80.395,-60.0553,111.998
1,214,-83.5164,-54.571,115.648
1,215,-78.8954,-55.6838,109.457
1,216,-78.2813,-51.0889,107.116
1,217,-72.934,-53.8658,104.565
1,218,-67.7041,-47.6354,104.673
1,219,-76.0113,-43.2658,108.867
1,220,-68.9429,-40.7211,109.06
1,221,-74.5308,-38.0742,111.955
1,222,-69.9765,-35.1083,115.2
1,223,-69.9732,-32.0446,119.046
1,224,-59.2495,-35.3015,125.635
1,225,-65.911,-34.2751,121.402
1,226,-50.4012,-44.1675,123.622
1,227,-43.2237,-48.0331,122.407
1,228,-43.8535,-45.682,122.214
1,229,-44.1307,-44.9852,119.662
1,230,-47.464,-44.0028,117.417
1,231,-46.9101,-49.4372,114.104
1,232,-51.7947,-48.3874,113.75
1,233,-58.3145,-54.3798,112.084
1,234,-73.1858,-44.0246,118.557
1,235,-78.3984,-43.2335,124.007
1,236,-78.3403,-53.1245,134.723
1,237,-77.4755,-52.5865,139.546
1,238,-76.2947,-47.9227,135.541
1,239,-74.7342,-49.767,142.57
1,240,-74.43,-43.1088,138.486
1,241,-72.7277,-34.2762,141.273
1,242,-77.9536,-32.574,125.799
1,243,-71.0334,-23.5309,127.648
1,244,-67.445,-20.6818,127.427
1,245,-66.7201,-20.3827,132.349
1,246,-60.9914,-19.8054,130.465
1,247,-57.1232,-21.7087,128.864
1,248,-55.4877,-19.9812,126.186
1,249,-51.5144,-22.0827,124.048
1,250,-52.3129,-19.0812,122.584
1,251,-51.6082,-15.3914,119.232
1,252,-50.1628,-14.5903,117.456
1,253,-51.4958,-11.5976,117.128
1,254,-47.4096,-10.1032,114.256
1,255,-45.6745,-7.36538,112.465
1,256,-43.3998,-2.65499,109.534
1,257,-41.776,-1.83556,105.944
1,258,-44.4957,-1.94751,103.037
1,259,-48.5125,-3.68357,102.618
1,260,-47.2512,-1.16566,99.9449
1,261,-45.5075,-1.66981,97.3386
1,262,-41.8027,1.62008,96.4816
1,263,-30.6217,0.984775,92.8124
1,264,-36.7951,6.61765,95.3663
1,265,-37.2076,9.5805,95.8341
1,266,-39.1939,8.63927,98.4607
1,267,-39.509,13.2401,96.9524
1,268,-39.772,11.2779,101.186
1,269,-38.9098,13.8995,103.585
1,270,-40.6441,12.8907,107.031
1,271,-41.2724,20.2461,112.636
1,272,-47.3404,17.6339,113.112
1,273,-57.5946,17.6369,114.612
1,274,-51.6556,26.3511,119.677
1,275,-65.817,16.2607,116.091
1,276,-56.024,31.0691,124.351
1,277,-60.742,34.7651,129.928
1,278,-61.7902,38.5802,132.436
1,279,-64.4712,36.0345,132.355
1,280,-66.952,36.7749,131.691
1,281,-68.1505,34.4093,134.105
1,282,-69.455,38.1212,134.602
1,283,-67.735,38.377,128.324
1,284,-73.1949,45.097,128.599
1,285,-77.2307,51.7652,123.075
1,286,-77.6354,56.0776,124.255
1,287,-73.9198,55.2629,120.867
1,288,-78.004,61.7078,118.704
1,289,-71.9172,58.5955,115.178
1,290,-69.3244,62.6382,110.911
1,291,-63.7621,62.2927,111.315
1,292,-67.6319,66.4369,109.602
1,293,-64.0232,67.6654,110.78
1,294,-66.8185,71.8114,111.353
1,295,-60.3262,71.3571,112.6
1,296,-57.3382,68.3363,115.477
1,297,-50.3789,68.2699,120.919
1,298,-43.0537,66.8701,127.776
1,299,-39.4994,69.2645,131.116
1,300,-38.2071,64.9093,135.441
1,301,-35.4349,64.9771,139.755
1,302,-36.3793,59.6006,142.428
1,303,-32.2561,58.3541,150.001
1,304,-29.1734,59.2098,151.335
1,305,-27.9475,58.7132,150.259
1,306,-30.103,58.3083,151.479
1,307,-32.2649,55.2775,150.578
1,308,-33.5935,50.8045,152.47
1,309,-32.8738,49.1425,156.953
1,310,-33.7198,45.9168,158.257
1,311,-35.2139,42.8682,160.557
1,312,-36.374,44.4937,167.864
1,313,-38.0611,51.9058,167.123
1,314,-38.6243,55.2335,163.206
1,315,-36.4365,56.8106,158.192
1,316,-32.2038,58.8106,153.862
1,317,-33.4387,58.744,152.421
1,318,-39.7421,57.0204,152.498
1,319,-44.8084,56.0374,148.057
1,320,-46.9509,54.6846,149.839
1,321,-52.3106,50.8865,148.274
1,322,-52.4602,48.8489,143.852
1,323,-50.642,48.7406,140.391
1,324,-55.8606,48.5231,137.199
1,325,-48.7709,51.4181,136.489
1,326,-48.4254,52.3485,132.373
1,327,-47.799,53.19,130.849
1,328,-46.1875,54.868,131.18
1,329,-46.5853,57.6897,125.311
1,330,-48.787,56.7224,121.066
1,331,-48.9828,53.9983,117.8
1,332,-48.1517,52.1937,116.368
1,333,-49.968,52.0326,116.187
1,334,-55.3009,51.9685,115.723
1,335,-56.6245,48.3131,117.05
1,336,-56.2563,48.1535,119.933
1,337,-53.304,49.2146,123.097
1,338,-51.374,50.1241,124.377
1,339,-53.9091,49.4804,125.261
1,340,-58.8611,48.2644,127.549
1,341,-59.8823,47.6629,132.71
1,342,-56.5043,47.0368,134.627
1,343,-55.8606,48.5231,137.199
1,344,-59.025,49.4544,138.76
1,345,-60.5595,48.8594,136.654
1,346,-64.4771,48.6772,132.621
1,347,-69.0298,50.1923,130.441
1,348,-72.0136,52.1819,130.071
1,349,-74.7999,54.5067,128.274
1,350,-77.5031,56.3759,129.793
1,351,-76.545,53.7124,134.45
1,352,-73.1616,54.8359,142.591
1,353,-72.293,47.6845,141.481
1,354,-69.0345,41.7878,148.423
1,355,-67.3982,38.3791,156.782
1,356,-66.8728,42.4471,153.364
1,357,-69.3611,46.3457,150.506
1,358,-66.8026,45.5269,155.631
1,359,-66.6629,49.5899,158.023
1,360,-64.83,46.6479,160.532
1,361,-64.2376,47.934,165.229
1,362,-59.8444,48.1302,165.313
1,363,-56.1498,50.2084,175.081
1,364,-51.338,51.7561,167.181
1,365,-48.1248,51.7089,177.014
1,366,-49.2396,50.9343,183.229
1,367,-43.7411,51.0837,183.109
1,368,-37.9486,50.8247,190.53
1,369,-24.4777,48.3604,195.396
1,370,-22.3095,51.7946,205.879
1,371,-14.0316,48.7908,217.758
1,372,-13.6099,52.9676,235.435
1,373,-7.5469,48.3322,238.259
1,374,-4.48869,45.7195,249.77
1,375,-4.78281,43.0916,240.823
1,376,-3.11996,38.7093,244.45
1,377,-1.70815,31.7903,244.44
1,378,-1.06737,35.8222,248.57
1,379,-0.0352507,29.8112,248.804
1,380,0.758416,33.1574,253.847
1,381,1.99338,22.6969,251.133
1,382,4.95018,15.0736,254.146
1,383,3.41789,9.8568,250.568
1,384,6.76581,-1.4114,256.153
1,385,8.10656,7.99725,258.722
1,386,12.3229,-5.6808,265.083
1,387,13.6183,4.15665,266.981
1,388,17.896,7.19989,272.821
1,389,14.2844,19.1823,271.274
1,390,16.1297,26.8043,276.89
1,391,8.71028,38.6159,277.427
1,392,16.1764,37.9752,280.747
1,393,7.3159,50.2425,283.845
1,394,0.51513,56.8783,287.012
1,395,-0.234733,62.3851,287.167
1,396,-7.97387,64.8965,290.365
1,397,-4.21573,66.3887,287.021
1,398,-11.1369,68.3507,290.084
1,399,-6.05016,68.7636,284
1,400,-10.2962,69.6984,279.722
1,401,-8.32149,67.3779,271.487
1,402,-6.94612,66.4605,265.188
1,403,3.50331,68.6091,267.031
1,404,9.82954,71.4798,256.188
1,405,20.209,72.6549,265.894
1,406,34.0942,79.2476,260.134
1,407,45.2119,74.8855,269.747
1,408,54.5867,79.8721,263.897
1,409,57.5919,73.4477,272.315
1,410,68.5442,71.0057,275.914
1,411,60.4815,68.0745,277.993
1,412,68.3061,64.6653,281.986
1,413,61.2552,61.5569,283.466
1,414,71.8152,56.4251,289.131
1,415,63.8378,51.5928,290.045
1,416,64.0662,40.1541,294.841
1,417,51.7959,37.5493,291.469
1,418,54.6446,27.4705,295.298
1,419,45.7068,19.9851,293.624
1,420,48.8417,13.449,297.744
1,421,53.3381,14.2376,299.608
1,422,52.1705,10.6909,299.886
1,423,57.9344,12.6691,302.018
1,424,60.1257,19.0594,300.041
1,425,65.5731,15.6274,303.168
1,426,67.6134,22.1726,301.183
1,427,72.6236,18.8903,304.292
1,428,75.2292,24.2811,303.207
1,429,81.7037,20.0099,307.124
1,430,90.782,18.0682,310.677
1,431,84.6975,12.5771,311.365
1,432,93.0938,10.0979,314.094
1,433,86.7766,5.73888,313.063
1,434,93.4914,0.504943,314.287
1,435,82.3965,-4.09275,310.813
1,436,79.1268,-19.0895,306.859
1,437,79.5858,-33.5247,303.093
1,438,69.523,-30.0368,301.149
1,439,69.0991,-43.7179,295.881
1,440,57.5933,-30.6089,297.068
1,441,40.2315,-35.3872,289.7
1,442,25.8981,-37.1814,284.4
1,443,22.8832,-46.411,280.897
1,444,16.9542,-35.6369,282.005
1,445,14.0088,-43.9875,280.499
1,446,7.64705,-38.4544,280.99
1,447,0.585053,-39.1461,280.949
1,448,-0.765532,-43.8867,283.015
1,449,-6.45604,-41.9468,282.399
1,450,-12.5161,-47.6331,287.116
1,451,-15.0147,-44.4336,281.393
1,452,-25.1342,-48.6591,289.741
1,453,-23.0055,-47.3287,280.789
1,454,-32.0312,-49.9176,285.62
1,455,-25.6634,-49.3497,275.588
1,456,-34.2244,-51.7391,279.607
1,457,-31.9087,-53.6461,271.537
1,458,-27.8624,-55.4852,266.446
1,459,-30.9061,-57.6867,271.988
1,460,-22.7648,-58.0023,266.388
1,461,-12.1015,-59.9613,263.545
1,462,-14.3734,-55.6772,252.032
1,463,-2.63984,-61.5528,255.176
1,464,1.01562,-62.9533,261.468
1,465,5.62438,-64.857,254.722
1,466,6.62308,-63.3464,265.712
1,467,14.8462,-63.2666,270.509
1,468,9.65652,-58.7524,276.889
1,469,21.0515,-61.4013,274.485
1,470,26.8014,-57.6586,277.51
1,471,31.0719,-63.0919,275.702
1,472,39.4771,-55.7919,281.534
1,473,43.4415,-63.4394,277.325
1,474,50.7002,-66.8615,273.431
1,475,48.1579,-73.8479,264.184
1,476,56.1232,-82.3271,255.497
1,477,42.1033,-81.8411,254.371
1,478,54.6808,-87.5242,250.441
1,479,46.9074,-89.973,248.566
1,480,51.1067,-93.5238,244.52
1,481,45.4469,-94.1724,242.335
1,482,54.0112,-95.0098,237.025
1,483,41.278,-95.0549,233.993
1,484,37.7207,-92.3852,230.127
1,485,37.452,-92.5609,235.578
1,486,40.836,-88.7124,236.134
1,487,35.8024,-86.3277,238.35
1,488,27.6204,-81.4996,241.226
1,489,24.4039,-84.4239,242.711
1,490,22.3921,-80.2138,242.923
1,491,21.4118,-80.7239,245.117
1,492,18.5351,-76.2631,243.542
1,493,17.4119,-72.6505,237.867
1,494,19.2087,-70.7038,233.71
1,495,16.4722,-70.1334,227.896
1,496,17.8408,-71.8286,222.554
1,497,12.1816,-71.8004,220.191
1,498,10.7155,-72.8348,214.356
1,499,17.2971,-75.2022,216.195
1,500,18.8698,-78.8419,210.917
1,501,25.5916,-79.7126,214.845
1,502,23.9772,-82.6971,209.092
1,503,28.7914,-84.3505,211.652
1,504,28.4098,-86.0174,206.736
1,505,33.5642,-87.3617,201.603
1,506,24.1126,-82.4343,196.292
1,507,27.0821,-85.119,183.701
1,508,14.019,-78.4072,180.859
1,509,9.53268,-80.6462,165.754
1,510,9.55691,-84.0414,155.584
1,511,-4.11378,-81.5407,149.354
1,512,-8.44294,-83.7904,138.412
1,513,-19.3913,-81.4819,142.402
1,514,-33.291,-84.6408,133.326
1,515,-29.6591,-84.9515,128.373
1,516,-43.4272,-87.8794,123.191
1,517,-35.4747,-87.5821,114.769
1,518,-46.2072,-90.0029,115.159
1,519,-35.7639,-87.4487,108.51
1,520,-25.1453,-83.7618,102.252
1,521,-16.3128,-84.6254,107.781
1,522,-3.39841,-81.6228,101.702
1,523,4.14871,-82.3043,100.533
1,524,7.24436,-77.2799,92.0363
1,525,13.6149,-75.5147,84.6551
1,526,16.2353,-74.5437,73.0103
1,527,15.8614,-76.3871,61.7847
1,528,16.1299,-80.1586,55.7794
1,529,20.3744,-81.428,54.4404
1,530,19.2542,-82.4403,50.1865
1,531,30.2999,-85.1083,45.8635
1,532,17.7553,-87.4007,42.5101
1,533,25.6402,-88.3253,39.9522
1,534,15.6343,-90.9875,35.3552
1,535,13.5142,-93.8434,26.9079
1,536,6.70353,-91.2252,28.0567
1,537,-1.26743,-86.1596,16.6122
1,538,-11.0006,-66.6112,-0.939049
1,539,-15.1023,-58.1442,-15.406
1,540,-11.1981,-72.0218,-8.49207
1,541,-12.635,-68.4923,-20.0871
1,542,-9.40977,-76.8618,-31.9081
1,543,-3.11843,-87.3709,-42.224
1,544,-2.35622,-97.4662,-39.4332
1,545,0.598672,-101.133,-44.8496
1,546,2.04781,-108.216,-40.8147
1,547,4.55889,-105.903,-49.6963
1,548,7.81374,-113.268,-47.325
1,549,10.5352,-110.793,-55.7354
1,550,14.7142,-115.374,-53.8928
1,551,16.4371,-113.065,-58.8313
1,552,20.9695,-113.951,-58.766
1,553,25.5585,-112.139,-62.0816
1,554,24.9336,-115.581,-58.014
1,555,23.4418,-118.61,-50.2118
1,556,14.8038,-118.718,-40.0249
1,557,6.44182,-114.615,-37.4468
1,558,9.53914,-115.596,-27.6022
1,559,0.689307,-106.579,-27.6309
1,560,2.82198,-104.695,-15.0377
1,561,2.69089,-99.9789,-5.8492
1,562,10.3224,-107.828,-9.08234
1,563,11.8454,-105.281,-3.37775
1,564,16.6897,-110.788,-9.27009
1,565,17.9141,-106.286,-3.03018
1,566,21.7662,-110.458,-10.8022
1,567,27.3119,-105.912,-9.11074
1,568,23.7673,-103.128,-1.33705
1,569,34.699,-98.8718,-3.8474
1,570,42.4567,-93.1466,6.84063
1,571,54.3318,-93.3444,-6.59393
1,572,53.68,-97.9377,-14.3996
1,573,47.3771,-97.8329,-13.1459
1,574,49.7388,-101.419,-17.9137
1,575,44.9478,-101.406,-20.2005
1,576,45.7619,-105.288,-27.5027
1,577,46.1338,-101.246,-26.478
1,578,46.0924,-98.4009,-25.1388
1,579,43.743,-96.7473,-23.9829
1,580,40.0708,-95.8131,-24.4767
1,581,36.8866,-96.1204,-27.5221
1,582,36.2576,-95.9263,-33.5874
1,583,40.4928,-98.094,-37.6837
1,584,43.8514,-99.375,-40.2609
1,585,45.0293,-100.468,-40.9777
1,586,43.9732,-102.896,-39.5562
1,587,43.543,-106.393,-37.5009
1,588,43.9732,-102.896,-39.5562
1,589,43.543,-106.393,-37.5009
1,590,45.6026,-110.273,-38.6535
1,591,45.5063,-107.552,-40.8693
1,592,45.3204,-110.847,-42.3412
1,593,47.9821,-113.178,-37.7965
1,594,47.6805,-114.015,-43.9579
1,595,52.3352,-113.314,-39.6179
1,596,52.0136,-112.232,-48.8759
1,597,48.5826,-110.252,-59.3781
1,598,53.1746,-106.366,-58.6003
1,599,47.176,-106.734,-64.335
1,600,50.5255,-101.661,-64.9403
1,601,44.3338,-103.124,-67.0939
1,602,40.581,-97.639,-68.0738
1,603,39.7912,-102.067,-69.8421
1,604,35.9796,-98.3072,-70.2509
1,605,37.8017,-101.3,-74.4004
1,606,32.9477,-98.0889,-75.4167
1,607,37.7831,-101.05,-82.081
1,608,35.4916,-102.139,-89.1173
1,609,29.9981,-105.065,-94.3631
1,610,40.8628,-108.813,-95.1639
1,611,43.1055,-115.172,-101.783
1,612,53.4744,-117.414,-92.2364
1,613,57.5574,-123.152,-85.3166
1,614,55.8373,-117.159,-83.6952
1,615,55.3726,-119.17,-79.894
1,616,51.4598,-114.133,-79.1431
1,617,51.6503,-119.961,-75.6481
1,618,45.7168,-120.79,-68.6492
1,619,52.1231,-130.783,-75.1826
1,620,55.5255,-133.723,-79.339
1,621,56.9372,-135.313,-84.8571
1,622,57.935,-130.086,-90.6022
1,623,56.5775,-133.298,-100.047
1,624,53.9735,-128.681,-106.93
1,625,53.5948,-135.91,-109.88
1,626,49.0837,-130.352,-115.767
1,627,50.4557,-136.097,-117.164
1,628,46.2423,-136.929,-121.696
1,629,45.6238,-140.634,-126.608
1,630,40.1608,-137.971,-122.901
1,631,40.3784,-140.589,-127.233
1,632,33.2905,-140.132,-122.381
1,633,36.9791,-143.441,-130.131
1,634,31.2833,-143.747,-127.132
1,635,33.1107,-147.193,-132.043
1,636,28.9909,-147.961,-127.55
1,637,31.7194,-153.937,-133.815
1,638,30.0079,-161.733,-134.064
1,639,35.3502,-160.389,-138.025
1,640,36.6698,-170.075,-143.159
1,641,42.5677,-159.807,-140.492
1,642,44.4648,-168.936,-145.704
1,643,48.9982,-161.778,-141.656
1,644,50.6353,-169.471,-145.743
1,645,54.1002,-162.416,-138.456
1,646,59.8902,-161.475,-128.979
1,647,65.2547,-164.821,-122.756
1,648,64.3984,-160.448,-115.785
1,649,65.5809,-162.06,-108.091
1,650,63.6524,-157.393,-108.306
1,651,63.761,-159.488,-102.038
1,652,60.1944,-156.23,-93.9122
1,653,63.8534,-165.903,-100.771
1,654,58.9705,-162.725,-91.3148
1,655,60.0494,-171.033,-95.0768
1,656,53.8254,-164.601,-87.2721
1,657,47.0191,-162.021,-83.2839
1,658,50.5792,-158.28,-83.3835
1,659,43.4858,-158.924,-81.6751
1,660,39.0924,-155.301,-79.1655
1,661,32.8494,-155.179,-81.8555
1,662,27.7079,-147.39,-78.6549
1,663,24.7714,-148.608,-84.5908
1,664,21.9259,-141.753,-82.4069
1,665,18.4345,-137.065,-90.5444
1,666,20.0694,-132.613,-79.5798
1,667,19.8224,-124.932,-78.4358
1,668,22.4692,-125.809,-73.4643
1,669,20.6379,-118.823,-80.8881
1,670,24.386,-116.202,-71.9836
1,671,26.6153,-110.38,-72.9096
1,672,27.2581,-114.72,-69.5773
1,673,30.7058,-113.657,-69.4061
1,674,28.5309,-113.974,-64.8308
1,675,33.2344,-111.064,-63.8255
1,676,34.5978,-108.539,-60.6281
1,677,34.1999,-107.535,-63.3246
1,678,32.8453,-105.459,-62.7397
1,679,30.6074,-106.502,-65.8831
1,680,24.1228,-106.662,-66.3901
1,681,14.4985,-100.494,-63.4499
1,682,7.76765,-102.723,-56.4268
1,683,7.28885,-95.9772,-57.4905
1,684,3.1209,-93.5173,-51.2537
1,685,4.52497,-79.8192,-52.6084
1,686,-0.00380135,-81.7757,-47.4364
1,687,-1.6458,-68.7106,-44.624
1,688,4.35198,-67.1326,-49.4679
1,689,2.26522,-54.8143,-44.3484
1,690,14.7327,-55.4823,-50.5084
1,691,6.37736,-44.5483,-43.037
1,692,19.5861,-48.8714,-48.4319
1,693,7.94909,-34.0849,-39.3322
1,694,1.00813,-26.4823,-33.5946
1,695,-4.98654,-35.0205,-33.8094
1,696,-11.6104,-33.8969,-28.7426
1,697,-14.5764,-43.222,-28.894
1,698,-15.6938,-31.8301,-21.8764
1,699,-16.6437,-46.2592,-22.9593
1,700,-17.8135,-34.3516,-14.8442
1,701,-16.9704,-44.9533,-11.0439
1,702,-16.1051,-35.6789,-2.9394
1,703,-13.1063,-50.1861,4.24559
1,704,-7.22835,-56.1253,25.2032
1,705,-2.83417,-63.1484,40.5599
1,706,-0.650111,-71.2426,40.3743
1,707,3.94465,-70.3644,50.5077
1,708,11.4521,-70.9099,58.5034
1,709,12.3951,-63.2497,63.837
1,710,14.4819,-68.5048,66.9652
1,711,14.9038,-61.291,70.2254
1,712,12.9257,-54.142,67.0185
1,713,16.4056,-51.065,73.3076
1,714,15.3486,-45.4823,70.7909
1,715,14.5453,-45.9851,75.7366
1,716,6.52588,-51.7181,76.515
1,717,0.696587,-58.6539,76.2888
1,718,-8.05674,-56.5163,75.9168
1,719,-2.93757,-64.6062,75.3736
1,720,-9.86756,-63.4643,74.6482
1,721,-6.22868,-67.996,73.6842
1,722,-9.67765,-71.1381,73.4879
1,723,-5.22542,-72.0235,75.1959
1,724,-10.5431,-73.5087,75.747
1,725,-7.03875,-73.5711,79.5
1,726,-10.0195,-73.9107,84.0305
1,727,-2.83881,-73.102,83.4103
1,728,-12.4226,-75.7831,89.6908
1,729,-27.1161,-76.9612,90.2658
1,730,-36.3704,-78.8492,94.0837
1,731,-44.2642,-76.7652,94.5813
1,732,-42.941,-74.3563,90.9913
1,733,-49.4612,-72.9914,91.8628
1,734,-45.9235,-72.192,86.758
1,735,-54.9872,-69.9024,87.3852
1,736,-68.4085,-63.1987,90.1695
1,737,-68.5299,-64.0107,94.5805
1,738,-80.2392,-59.3222,100.055
1,739,-70.7216,-66.5416,102.033
1,740,-80.262,-62.3677,107.29
1,741,-82.9075,-61.2807,112.442
1,742,-80.395,-60.0553,111.998
1,743,-83.5164,-54.571,115.648
1,744,-78.8954,-55.6838,109.457
1,745,-78.2813,-51.0889,107.116
1,746,-72.934,-53.8658,104.565
1,747,-67.7041,-47.6354,104.673
1,748,-76.0113,-43.2658,108.867
1,749,-68.9429,-40.7211,109.06
1,750,-74.5308,-38.0742,111.955
1,751,-69.9765,-35.1083,115.2
1,752,-69.9732,-32.0446,119.046
1,753,-59.2495,-35.3015,125.635
1,754,-65.911,-34.2751,121.402
1,755,-50.4012,-44.1675,123.622
1,756,-43.2237,-48.0331,122.407
1,757,-43.8535,-45.682,122.214
1,758,-44.1307,-44.9852,119.662
1,759,-47.464,-44.0028,117.417
1,760,-46.9101,-49.4372,114.104
1,761,-51.7947,-48.3874,113.75
1,762,-58.3145,-54.3798,112.084
1,763,-73.1858,-44.0246,118.557
1,764,-78.3984,-43.2335,124.007
1,765,-78.3403,-53.1245,134.723
1,766,-77.4755,-52.5865,139.546
1,767,-76.2947,-47.9227,135.541
1,768,-74.7342,-49.767,142.57
1,769,-74.43,-43.1088,138.486
1,770,-72.7277,-34.2762,141.273
1,771,-77.9536,-32.574,125.799
1,772,-71.0334,-23.5309,127.648
1,773,-67.445,-20.6818,127.427
1,774,-67.8596,-19.9863,124.026
1,775,-67.0599,-18.8201,120.75
1,776,-67.2109,-18.8601,116.082
1,777,-64.6293,-16.0704,115.484
1,778,-62.0787,-14.5162,114.204
1,779,-60.2587,-13.6577,113.776
1,780,-61.1839,-13.2702,110.938
1,781,-59.7589,-11.5229,105.808
1,782,-56.3503,-8.14194,104.123
1,783,-53.9544,-6.55023,104.006
1,784,-51.2328,-5.59389,103.698
1,785,-48.5125,-3.68357,102.618
1,786,-47.2512,-1.16566,99.9449
1,787,-45.5075,-1.66981,97.3386
1,788,-41.8027,1.62008,96.4816
1,789,-30.6217,0.984775,92.8124
1,790,-36.7951,6.61765,95.3663
1,791,-37.2076,9.5805,95.8341
1,792,-39.1939,8.63927,98.4607
1,793,-39.509,13.2401,96.9524
1,794,-39.772,11.2779,101.186
1,795,-38.9098,13.8995,103.585
1,796,-40.6441,12.8907,107.031
1,797,-41.2724,20.2461,112.636
1,798,-47.3404,17.6339,113.112
1,799,-57.5946,17.6369,114.612
1,800,-51.6556,26.3511,119.677
1,801,-65.817,16.2607,116.091
1,802,-56.024,31.0691,124.351
1,803,-60.742,34.7651,129.928
1,804,-61.7902,38.5802,132.436
1,805,-64.4712,36.0345,132.355
1,806,-66.952,36.7749,131.691
1,807,-68.1505,34.4093,134.105
1,808,-69.455,38.1212,134.602
1,809,-67.735,38.377,128.324
1,810,-73.1949,45.097,128.599
1,811,-77.2307,51.7652,123.075
1,812,-77.6354,56.0776,124.255
1,813,-73.9198,55.2629,120.867
1,814,-78.004,61.7078,118.704
1,815,-71.9172,58.5955,115.178
1,816,-69.3244,62.6382,110.911
1,817,-63.7621,62.2927,111.315
1,818,-67.6319,66.4369,109.602
1,819,-64.0232,67.6654,110.78
1,820,-66.8185,71.8114,111.353
1,821,-60.3262,71.3571,112.6
1,822,-56.2839,72.8225,110.926
1,823,-53.5218,72.0882,109.546
1,824,-50.0663,71.4617,110.676
1,825,-47.0343,69.504,112.059
1,826,-46.0943,69.1094,112.835
1,827,-48.0087,72.0207,112.372
1,828,-49.4416,75.0968,112.558
1,829,-52.5202,73.8897,111.306
1,830,-56.3695,75.2655,114.266
1,831,-51.8684,75.9389,119.431
1,832,-50.3789,68.2699,120.919
1,833,-43.0537,66.8701,127.776
1,834,-39.4994,69.2645,131.116
1,835,-43.1419,71.9907,126.787
1,836,-46.3849,78.4646,124.759
1,837,-45.2842,84.4912,128.838
1,838,-51.1354,87.1378,128.714
1,839,-54.6616,88.4742,129.234
1,840,-55.0687,87.8474,128.065
1,841,-55.5682,85.1998,124.852
1,842,-65.0724,84.6735,124.361
1,843,-66.7337,83.6768,126.864
1,844,-68.9184,83.2148,128.337
1,845,-70.4825,80.0874,130.979
1,846,-71.3408,75.4034,135.173
1,847,-73.2871,70.341,136.758
1,848,-74.6124,67.6276,136.912
1,849,-76.1377,64.7085,137.291
1,850,-77.3123,59.9318,134.5
1,851,-77.5031,56.3759,129.793
1,852,-76.545,53.7124,134.45
1,853,-73.1616,54.8359,142.591
1,854,-72.293,47.6845,141.481
1,855,-69.0345,41.7878,148.423
1,856,-67.3982,38.3791,156.782
1,857,-66.8728,42.4471,153.364
1,858,-69.3611,46.3457,150.506
1,859,-66.8026,45.5269,155.631
1,860,-66.6629,49.5899,158.023
1,861,-64.83,46.6479,160.532
1,862,-64.2376,47.934,165.229
1,863,-59.8444,48.1302,165.313
1,864,-56.1498,50.2084,175.081
1,865,-51.338,51.7561,167.181
1,866,-48.1248,51.7089,177.014
1,867,-49.2396,50.9343,183.229
1,868,-43.7411,51.0837,183.109
1,869,-37.9486,50.8247,190.53
1,870,-24.4777,48.3604,195.396
1,871,-22.3095,51.7946,205.879
1,872,-14.0316,48.7908,217.758
1,873,-13.6099,52.9676,235.435
1,874,-7.5469,48.3322,238.259
1,875,-4.48869,45.7195,249.77
1,876,-4.78281,43.0916,240.823
1,877,-3.11996,38.7093,244.45
1,878,-1.70815,31.7903,244.44
1,879,-1.06737,35.8222,248.57
1,880,-0.0352507,29.8112,248.804
1,881,0.758416,33.1574,253.847
1,882,1.99338,22.6969,251.133
1,883,4.95018,15.0736,254.146
1,884,3.41789,9.8568,250.568
1,885,6.76581,-1.4114,256.153
1,886,8.10656,7.99725,258.722
1,887,12.3229,-5.6808,265.083
1,888,13.6183,4.15665,266.981
1,889,17.896,7.19989,272.821
1,890,14.2844,19.1823,271.274
1,891,16.1297,26.8043,276.89
1,892,8.71028,38.6159,277.427
1,893,16.1764,37.9752,280.747
1,894,7.3159,50.2425,283.845
1,895,0.51513,56.8783,287.012
1,896,-0.234733,62.3851,287.167
1,897,-7.97387,64.8965,290.365
1,898,-4.21573,66.3887,287.021
1,899,-11.1369,68.3507,290.084
1,900,-6.05016,68.7636,284
1,901,-10.2962,69.6984,279.722
1,902,-8.32149,67.3779,271.487
1,903,-6.94612,66.4605,265.188
1,904,3.50331,68.6091,267.031
1,905,9.82954,71.4798,256.188
1,906,20.209,72.6549,265.894
1,907,34.0942,79.2476,260.134
1,908,45.2119,74.8855,269.747
1,909,54.5867,79.8721,263.897
1,910,57.5919,73.4477,272.315
1,911,68.5442,71.0057,275.914
1,912,60.4815,68.0745,277.993
1,913,68.3061,64.6653,281.986
1,914,61.2552,61.5569,283.466
1,915,71.8152,56.4251,289.131
1,916,63.8378,51.5928,290.045
1,917,64.0662,40.1541,294.841
1,918,51.7959,37.5493,291.469
1,919,54.6446,27.4705,295.298
1,920,45.7068,19.9851,293.624
1,921,48.8417,13.449,297.744
1,922,53.3381,14.2376,299.608
1,923,52.1705,10.6909,299.886
1,924,57.9344,12.6691,302.018
1,925,60.1257,19.0594,300.041
1,926,65.5731,15.6274,303.168
1,927,67.6134,22.1726,301.183
1,928,72.6236,18.8903,304.292
1,929,75.2292,24.2811,303.207
1,930,81.7037,20.0099,307.124
1,931,90.782,18.0682,310.677
1,932,84.6975,12.5771,311.365
1,933,93.0938,10.0979,314.094
1,934,86.7766,5.73888,313.063
1,935,93.4914,0.504943,314.287
1,936,82.3965,-4.09275,310.813
1,937,79.1268,-19.0895,306.859
1,938,79.5858,-33.5247,303.093
1,939,69.523,-30.0368,301.149
1,940,69.0991,-43.7179,295.881
1,941,57.5933,-30.6089,297.068
1,942,40.2315,-35.3872,289.7
1,943,25.8981,-37.1814,284.4
1,944,22.8832,-46.411,280.897
1,945,16.9542,-35.6369,282.005
1,946,14.0088,-43.9875,280.499
1,947,7.64705,-38.4544,280.99
1,948,0.585053,-39.1461,280.949
1,949,-0.765532,-43.8867,283.015
1,950,-6.45604,-41.9468,282.399
1,951,-12.5161,-47.6331,287.116
1,952,-15.0147,-44.4336,281.393
1,953,-25.1342,-48.6591,289.741
1,954,-23.0055,-47.3287,280.789
1,955,-32.0312,-49.9176,285.62
1,956,-25.6634,-49.3497,275.588
1,957,-34.2244,-51.7391,279.607
1,958,-31.9087,-53.6461,271.537
1,959,-27.8624,-55.4852,266.446
1,960,-30.9061,-57.6867,271.988
1,961,-22.7648,-58.0023,266.388
1,962,-12.1015,-59.9613,263.545
1,963,-14.3734,-55.6772,252.032
1,964,-2.63984,-61.5528,255.176
1,965,1.01562,-62.9533,261.468
1,966,5.62438,-64.857,254.722
1,967,6.62308,-63.3464,265.712
1,968,14.8462,-63.2666,270.509
1,969,9.65652,-58.7524,276.889
1,970,21.0515,-61.4013,274.485
1,971,26.8014,-57.6586,277.51
1,972,31.0719,-63.0919,275.702
1,973,39.4771,-55.7919,281.534
1,974,43.4415,-63.4394,277.325
1,975,50.7002,-66.8615,273.431
1,976,48.1579,-73.8479,264.184
1,977,56.1232,-82.3271,255.497
1,978,42.1033,-81.8411,254.371
1,979,54.6808,-87.5242,250.441
1,980,46.9074,-89.973,248.566
1,981,51.1067,-93.5238,244.52
1,982,45.4469,-94.1724,242.335
1,983,54.0112,-95.0098,237.025
1,984,41.278,-95.0549,233.993
1,985,37.7207,-92.3852,230.127
1,986,37.452,-92.5609,235.578
1,987,40.836,-88.7124,236.134
1,988,35.8024,-86.3277,238.35
1,989,27.6204,-81.4996,241.226
1,990,24.4039,-84.4239,242.711
1,991,22.3921,-80.2138,242.923
1,992,21.4118,-80.7239,245.117
1,993,18.5351,-76.2631,243.542
1,994,17.4119,-72.6505,237.867
1,995,19.2087,-70.7038,233.71
1,996,16.4722,-70.1334,227.896
1,997,17.8408,-71.8286,222.554
1,998,12.1816,-71.8004,220.191
1,999,10.7155,-72.8348,214.356
1,1000,17.2971,-75.2022,216.195
1,1001,18.8698,-78.8419,210.917
1,1002,25.5916,-79.7126,214.845
1,1003,23.9772,-82.6971,209.092
1,1004,28.7914,-84.3505,211.652
1,1005,28.4098,-86.0174,206.736
1,1006,33.5642,-87.3617,201.603
1,1007,24.1126,-82.4343,196.292
1,1008,27.0821,-85.119,183.701
1,1009,14.019,-78.4072,180.859
1,1010,9.53268,-80.6462,165.754
1,1011,9.55691,-84.0414,155.584
1,1012,-4.11378,-81.5407,149.354
1,1013,-8.44294,-83.7904,138.412
1,1014,-19.3913,-81.4819,142.402
4,0,-380.196,-78.1013,240.852
4,1,-384.888,-72.7136,241.471
4,2,-380.196,-78.1013,240.852
4,3,-384.888,-72.7136,241.471
5,0,-396.123,91.035,240.396
5,1,-392.015,89.9211,240.374
5,2,-394.174,84.6113,240.312
5,3,-396.544,85.2548,241.755
5,4,-399.192,82.7632,241.902
5,5,-396.544,85.2548,241.755
5,6,-399.192,82.7632,241.902
6,0,162.254,18.6019,95.7892
6,1,162.608,12.9821,95.6725
6,2,163.43,3.083,95.5863
6,3,170.088,1.00909,102.253
6,4,171.362,1.20573,103.619
6,5,169.854,-4.12902,101.759
6,6,172.068,-7.93895,103.995
6,7,169.951,-12.1867,101.587
6,8,170.149,-15.0206,101.776
6,9,169.585,-15.5884,101.156
6,10,168.164,-17.5627,99.5546
6,11,169.594,-22.4543,101.094
6,12,171.706,-24.9916,103.44
6,13,177.647,-28.6045,109.954
6,14,179.322,-24.3346,111.651
6,15,179.711,-22.7536,112.062
6,16,181.798,-23.7486,114.165
6,17,184.912,-22.8822,117.302
6,18,185.08,-25.2245,117.482
6,19,186.191,-31.7333,118.703
6,20,190.081,-36.8705,122.627
6,21,192.694,-35.0968,125.186
6,22,196.134,-38.7392,129.729
6,23,195.919,-33.4418,129.025
6,24,197.292,-35.0029,130.887
6,25,200.593,-39.8152,135.476
6,26,203.671,-39.8658,140.144
6,27,201.354,-34.8484,135.846
6,28,202.92,-35.091,138.445
6,29,205.311,-33.7147,142.379
6,30,206.111,-30.7208,143.585
6,31,207.317,-27.9125,145.757
6,32,206.159,-24.4507,143.286
6,33,207.244,-22.0296,145.497
6,34,205.529,-15.8646,141.798
6,35,207.411,-14.2806,145.099
6,36,207.176,-9.50125,144.05
6,37,208.295,-11.0741,146.386
6,38,210.719,-16.8356,151.588
6,39,214.409,-22.7189,158.57
6,40,216.086,-24.4858,161.342
6,41,216.569,-27.5193,162.374
6,42,211.621,-23.6006,153.964
6,43,212.351,-28.6367,156.172
6,44,210.813,-29.7599,153.098
6,45,213.325,-36.2691,158.968
6,46,216.21,-32.8634,163.109
6,47,216.569,-27.5193,162.374
6,48,221.066,-28.1451,167.346
6,49,224.16,-24.7233,168.481
6,50,224.238,-17.6186,165.982
6,51,218.939,-15.278,162.978
6,52,217.598,-9.18174,161.093
6,53,213.02,5.04101,154.299
6,54,208.575,11.2781,146.957
6,55,204.886,11.1749,141.315
6,56,204.153,9.29971,140.227
6,57,202.015,10.0119,137.249
6,58,199.324,11.2095,133.558
6,59,200.898,15.2417,135.954
6,60,195.371,31.6776,130.201
6,61,190.086,25.0995,123.43
6,62,189.839,21.6715,122.838
6,63,188.336,25.6182,121.708
6,64,184.371,34.8606,118.786
6,65,180.259,21.0008,113.417
6,66,185.535,15.9715,118.483
6,67,186.654,14.4494,119.637
6,68,186.241,13.1796,119.122
6,69,184.12,13.2703,116.921
6,70,178.465,8.21875,111.209
6,71,178.658,0.127158,111.282
6,72,177.961,-6.15957,110.406
6,73,179.623,-9.06979,111.979
6,74,178.739,-9.66227,111.037
6,75,176.217,-9.23475,108.474
6,76,174.423,-9.40739,106.643
6,77,175.044,-6.6948,107.425
6,78,176.243,-0.385064,108.828
6,79,174.948,4.69354,107.645
6,80,174.976,9.11598,107.825
6,81,176.231,15.6434,109.195
6,82,175.045,21.3385,108.178
6,83,173.466,27.9871,107.376
6,84,168.065,22.2281,101.623
6,85,167.247,32.1369,102.032
6,86,162.575,28.4888,97.1581
8,0,-376.811,-97.6798,224.881
8,1,-377.073,-94.0085,228.564
8,2,-376.811,-97.6798,224.881
8,3,-372.098,-98.7335,224.503
9,0,-372.098,-98.7335,224.503
9,1,-376.811,-97.6798,224.881
9,2,-377.073,-94.0085,228.564
9,3,-376.811,-97.6798,224.881
10,0,-422.687,-75.1676,228.639
10,1,-419.787,-75.7891,228.736
10,2,-421.325,-77.0658,227.803
10,3,-416.123,-77.674,227.505
10,4,-421.325,-77.0658,227.803
10,5,-416.123,-77.674,227.505
10,6,-421.911,-77.6965,225.484
10,7,-423.827,-76.0049,226.468
11,0,-358.445,108.401,206.719
11,1,-361.291,108.701,203.26
11,2,-360.332,105.388,204.083
11,3,-361.291,108.701,203.26
11,4,-360.332,105.388,204.083
11,5,-361.372,110.314,200.408
11,6,-359.969,114.38,201.831
11,7,-358.706,113.526,205.247
13,0,-366.829,-92.314,226.701
13,1,-367.365,-90.112,228.581
13,2,-366.829,-92.314,226.701
13,3,-367.365,-90.112,228.581
14,0,-225.927,-52.7663,253.201
14,1,-226.8,-51.2293,253.411
14,2,-225.927,-52.7663,253.201
14,3,-226.8,-51.2293,253.411
17,0,187.874,104.519,132.639
17,1,189.794,107.691,134.018
17,2,187.874,104.519,132.639
17,3,189.794,107.691,134.018
20,0,-431.725,94.8368,178.145
20,1,-428.791,97.4459,178.66
20,2,-426.754,94.7057,179.86
20,3,-427.921,89.7236,183.265
20,4,-432.028,89.985,180.44
20,5,-433.387,89.3708,175.854
20,6,-432.028,89.985,180.44
20,7,-433.387,89.3708,175.854
25,0,327.268,-252.612,-260.416
25,1,333.581,-253.674,-269.284
25,2,338.378,-250.799,-270.957
25,3,337.481,-253.971,-275.284
25,4,338.809,-250.755,-277.034
25,5,340.091,-247.491,-274.137
25,6,337.633,-246.524,-277.194
25,7,328.74,-241.191,-275.231
25,8,332.384,-246.589,-280.862
25,9,324.401,-245.327,-280.632
25,10,322.569,-245.838,-287.318
25,11,312.045,-243.764,-281.889
25,12,306.268,-243.538,-290.734
25,13,303.263,-242.726,-284.718
25,14,295.225,-240.621,-286.685
25,15,287.026,-236.911,-281.224
25,16,283.701,-236.734,-288.205
25,17,277.25,-234.132,-291.749
25,18,286.315,-236.563,-298.265
25,19,277.562,-233.374,-297.148
25,20,278.822,-231.226,-303.432
25,21,272.466,-231.602,-294.309
25,22,270.296,-228.376,-301.87
25,23,265.832,-228.676,-295.868
25,24,258.493,-222.1,-302.552
25,25,243.87,-209.691,-307.976
25,26,258.094,-215.869,-310.345
25,27,248.21,-207.641,-312.945
25,28,259.183,-208.389,-316.827
25,29,261.377,-201.948,-320.888
25,30,271.774,-207.666,-319.73
25,31,262.275,-193.767,-322.995
25,32,274.355,-194.916,-321.908
25,33,277.246,-189.025,-320.798
25,34,284.635,-193.306,-319.826
25,35,286.6,-189.71,-317.472
25,36,295.057,-196.574,-316.913
25,37,303.601,-199.745,-313.24
25,38,301.027,-204.496,-316.816
25,39,306.732,-213.078,-315.122
25,40,313.513,-214.544,-312.638
25,41,311.879,-223.475,-311.918
25,42,318.858,-220.113,-310.748
25,43,321.626,-226.838,-308.727
25,44,327.984,-226.658,-306.566
25,45,325.691,-233.081,-306.287
25,46,333.151,-233.099,-303.899
25,47,334.159,-240.266,-301.267
25,48,339.298,-238.441,-300.303
25,49,341.343,-243.761,-295.332
25,50,344.918,-239.593,-297.016
25,51,349.699,-244.59,-291.521
25,52,354.381,-243.792,-289.499
25,53,354.878,-250.111,-284.742
25,54,360.221,-256.39,-280.483
25,55,352.313,-257.199,-278.574
25,56,348.209,-261.147,-278.231
25,57,350.111,-265.426,-281.297
25,58,347.821,-265.202,-277.395
25,59,350.168,-269.57,-276.579
25,60,354.446,-274.547,-275.305
25,61,359.888,-275.725,-274.288
25,62,362.839,-275.16,-279.108
25,63,369.126,-273.475,-279.936
25,64,367.359,-274.512,-283.422
25,65,372.747,-275.172,-281.25
25,66,365.823,-273.821,-286.863
25,67,363.128,-272.985,-289.239
25,68,356.774,-272.935,-288.509
25,69,352.296,-277.489,-283.732
25,70,354.185,-281.369,-278.743
25,71,360.563,-277.611,-284.964
25,72,358.671,-281.712,-277.352
25,73,366.934,-278.971,-280.177
25,74,360.267,-283.383,-270.569
25,75,371.054,-280.803,-270.888
25,76,365.191,-282.779,-260.884
25,77,371.574,-280.623,-256.665
25,78,365.755,-281.211,-252.674
25,79,374.426,-277.749,-251.347
25,80,383.949,-274.112,-255.63
25,81,380.198,-271.319,-244.934
25,82,381.746,-265.448,-240.137
25,83,375.826,-266.954,-236.497
25,84,380.796,-259.045,-236.43
25,85,386.451,-258.661,-242.308
25,86,384.322,-248.94,-238.802
25,87,390.342,-246.504,-248.37
25,88,385.86,-239.365,-242.417
25,89,389.226,-238.903,-247.677
25,90,385.527,-232.456,-246.721
25,91,384.479,-226.698,-252.805
25,92,389.718,-233.906,-252.917
25,93,389.36,-228.293,-258.63
25,94,391.818,-233.891,-259.271
25,95,393.225,-244.208,-257.985
25,96,392.834,-236.783,-265.66
25,97,392.444,-244.339,-272.778
25,98,389.297,-246.801,-276.813
25,99,389.394,-243.474,-278.661
25,100,385.041,-242.49,-279.808
25,101,382.122,-241.918,-275.548
25,102,380.211,-240.489,-279.733
25,103,378.233,-237.968,-276.305
25,104,377.508,-237.702,-281.437
25,105,374.733,-235.045,-281.427
25,106,372.319,-230.412,-276.208
25,107,370.839,-225.685,-268.819
25,108,366.622,-228.65,-274.56
25,109,361.383,-229.871,-273.388
25,110,362.776,-233.315,-278.377
25,111,362.609,-236.736,-276.74
25,112,363.027,-236.984,-281.398
25,113,363.653,-241.467,-280.745
25,114,361.288,-239.729,-284.165
25,115,356.107,-239.315,-289.285
25,116,357.753,-235.491,-287.038
25,117,354.094,-231.723,-286.478
25,118,358.218,-228.789,-280.841
25,119,353.187,-228.816,-280.123
25,120,355.928,-227.356,-276.601
25,121,353.418,-228.755,-273.084
25,122,353.843,-226.543,-269.986
25,123,353.157,-227.961,-266.705
25,124,350.063,-228.518,-263.394
25,125,348.453,-231.082,-260.852
25,126,348.075,-232.443,-259.635
25,127,345.055,-233.245,-260.069
25,128,342.037,-238.815,-260.81
25,129,345.001,-244.097,-262.298
25,130,348.422,-244.504,-260.562
25,131,351.811,-241.199,-260.427
25,132,353.074,-239.106,-255.614
25,133,353.099,-236.169,-252.183
25,134,352.335,-234.871,-250.109
25,135,354.556,-232.314,-252.14
25,136,356.359,-229.115,-252.971
25,137,356.709,-230.699,-255.008
25,138,356.964,-232.846,-259.418
25,139,357.863,-230.277,-263.742
25,140,361.616,-226.042,-262.217
25,141,364.362,-224.748,-260.356
25,142,366.841,-224.359,-260.686
25,143,368.538,-224.195,-263.666
25,144,370.839,-225.685,-268.819
25,145,366.622,-228.65,-274.56
25,146,361.383,-229.871,-273.388
25,147,362.776,-233.315,-278.377
25,148,362.609,-236.736,-276.74
25,149,363.027,-236.984,-281.398
25,150,363.653,-241.467,-280.745
25,151,361.288,-239.729,-284.165
25,152,356.107,-239.315,-289.285
25,153,357.753,-235.491,-287.038
25,154,354.094,-231.723,-286.478
25,155,358.218,-228.789,-280.841
25,156,353.187,-228.816,-280.123
25,157,355.928,-227.356,-276.601
25,158,353.418,-228.755,-273.084
25,159,353.843,-226.543,-269.986
25,160,353.157,-227.961,-266.705
25,161,354.482,-231.28,-268.118
25,162,351.306,-239.413,-266.344
25,163,347.794,-244.014,-265.122
25,164,346.688,-242.292,-269.535
25,165,344.988,-247.313,-265.188
25,166,343.287,-249.906,-265.982
25,167,340.536,-247.468,-264.852
25,168,337.926,-242.905,-261.876
25,169,332.936,-246.995,-261.717
25,170,327.268,-252.612,-260.416
25,171,333.581,-253.674,-269.284
25,172,338.378,-250.799,-270.957
25,173,337.481,-253.971,-275.284
25,174,338.809,-250.755,-277.034
25,175,340.091,-247.491,-274.137
25,176,337.633,-246.524,-277.194
25,177,328.74,-241.191,-275.231
25,178,332.384,-246.589,-280.862
25,179,324.401,-245.327,-280.632
25,180,322.569,-245.838,-287.318
25,181,312.045,-243.764,-281.889
25,182,306.268,-243.538,-290.734
25,183,303.263,-242.726,-284.718
25,184,295.225,-240.621,-286.685
25,185,287.026,-236.911,-281.224
25,186,283.701,-236.734,-288.205
25,187,277.25,-234.132,-291.749
25,188,286.315,-236.563,-298.265
25,189,277.562,-233.374,-297.148
25,190,278.822,-231.226,-303.432
25,191,272.466,-231.602,-294.309
25,192,270.296,-228.376,-301.87
25,193,265.832,-228.676,-295.868
25,194,258.493,-222.1,-302.552
25,195,243.87,-209.691,-307.976
25,196,258.094,-215.869,-310.345
25,197,248.21,-207.641,-312.945
25,198,259.183,-208.389,-316.827
25,199,261.377,-201.948,-320.888
25,200,271.774,-207.666,-319.73
25,201,262.275,-193.767,-322.995
25,202,274.355,-194.916,-321.908
25,203,277.246,-189.025,-320.798
25,204,284.635,-193.306,-319.826
25,205,286.6,-189.71,-317.472
25,206,295.057,-196.574,-316.913
25,207,303.601,-199.745,-313.24
25,208,301.027,-204.496,-316.816
25,209,306.732,-213.078,-315.122
25,210,313.513,-214.544,-312.638
25,211,311.879,-223.475,-311.918
25,212,318.858,-220.113,-310.748
25,213,321.626,-226.838,-308.727
25,214,327.984,-226.658,-306.566
25,215,325.691,-233.081,-306.287
25,216,333.151,-233.099,-303.899
25,217,334.159,-240.266,-301.267
25,218,339.298,-238.441,-300.303
25,219,341.343,-243.761,-295.332
25,220,344.918,-239.593,-297.016
25,221,349.699,-244.59,-291.521
25,222,354.381,-243.792,-289.499
25,223,354.878,-250.111,-284.742
25,224,360.221,-256.39,-280.483
25,225,352.313,-257.199,-278.574
25,226,348.209,-261.147,-278.231
25,227,350.111,-265.426,-281.297
25,228,347.821,-265.202,-277.395
25,229,350.168,-269.57,-276.579
25,230,354.446,-274.547,-275.305
25,231,359.888,-275.725,-274.288
25,232,362.839,-275.16,-279.108
25,233,369.126,-273.475,-279.936
25,234,367.359,-274.512,-283.422
25,235,372.747,-275.172,-281.25
25,236,365.823,-273.821,-286.863
25,237,363.128,-272.985,-289.239
25,238,356.774,-272.935,-288.509
25,239,352.296,-277.489,-283.732
25,240,354.185,-281.369,-278.743
25,241,360.563,-277.611,-284.964
25,242,358.671,-281.712,-277.352
25,243,366.934,-278.971,-280.177
25,244,360.267,-283.383,-270.569
25,245,371.054,-280.803,-270.888
25,246,365.191,-282.779,-260.884
25,247,371.574,-280.623,-256.665
25,248,365.755,-281.211,-252.674
25,249,374.426,-277.749,-251.347
25,250,383.949,-274.112,-255.63
25,251,380.198,-271.319,-244.934
25,252,381.746,-265.448,-240.137
25,253,375.826,-266.954,-236.497
25,254,380.796,-259.045,-236.43
25,255,386.451,-258.661,-242.308
25,256,384.322,-248.94,-238.802
25,257,390.342,-246.504,-248.37
25,258,385.86,-239.365,-242.417
25,259,389.226,-238.903,-247.677
25,260,385.527,-232.456,-246.721
25,261,384.479,-226.698,-252.805
25,262,389.718,-233.906,-252.917
25,263,389.36,-228.293,-258.63
25,264,391.818,-233.891,-259.271
25,265,393.225,-244.208,-257.985
25,266,392.834,-236.783,-265.66
25,267,392.444,-244.339,-272.778
25,268,389.297,-246.801,-276.813
25,269,389.394,-243.474,-278.661
25,270,385.041,-242.49,-279.808
25,271,382.122,-241.918,-275.548
25,272,384.33,-241.364,-275.559
25,273,382.122,-241.918,-275.548
25,274,380.211,-240.489,-279.733
25,275,378.233,-237.968,-276.305
25,276,383.261,-236.608,-274.325
25,277,384.33,-241.364,-275.559
25,278,382.122,-241.918,-275.548
25,279,379.936,-240.056,-269.631
25,280,381.241,-239.877,-266.333
25,281,381.013,-237.535,-267.636
25,282,377.448,-236.851,-271.23
25,283,379.257,-232.741,-269.78
25,284,380.632,-233.479,-273.232
25,285,378.233,-237.968,-276.305
25,286,377.508,-237.702,-281.437
25,287,374.733,-235.045,-281.427
25,288,372.319,-230.412,-276.208
25,289,370.839,-225.685,-268.819
25,290,375.184,-228.912,-270.062
25,291,375.392,-232.007,-268.654
25,292,372.532,-235.261,-270.765
25,293,366.665,-236.228,-272.725
25,294,361.111,-232.562,-272.487
25,295,360.648,-228.195,-269.913
25,296,360.442,-226.42,-265.695
25,297,356.565,-228.571,-266.248
25,298,353.157,-227.961,-266.705
25,299,354.482,-231.28,-268.118
25,300,351.306,-239.413,-266.344
25,301,347.794,-244.014,-265.122
25,302,346.688,-242.292,-269.535
25,303,344.988,-247.313,-265.188
25,304,343.287,-249.906,-265.982
25,305,340.536,-247.468,-264.852
25,306,337.926,-242.905,-261.876
25,307,332.936,-246.995,-261.717
29,0,-316.8,425.185,118.99
29,1,-312.905,425.32,118.001
29,2,-316.8,425.185,118.99
29,3,-312.905,425.32,118.001
30,0,546.402,67.1967,150.077
30,1,540.757,66.4026,152.822
30,2,533.781,63.5203,153.957
30,3,529.392,58.8739,152.381
30,4,529.405,56.002,148.027
30,5,521.122,53.5912,146.856
30,6,517.994,50.9873,142.608
30,7,531.105,53.6664,141.543
30,8,531.899,53.1695,139.948
30,9,527.074,51.0564,137.502
30,10,511.946,45.6744,135.094
30,11,512.501,40.0862,127.363
30,12,513.143,37.3803,124.635
30,13,510.358,37.2511,125.59
30,14,505.292,33.6161,125.048
30,15,508.267,30.5017,120.618
30,16,505.47,29.5039,121.978
30,17,502.093,27.3568,123.057
30,18,498.344,23.5061,122.96
30,19,498.099,18.6872,117.237
30,20,505.046,21.8358,111.517
30,21,510.866,23.4922,108.571
30,22,515.965,22.7345,106.097
30,23,519.285,22.2385,104.971
30,24,515.925,20.8897,105.791
30,25,512.666,19.5313,106.615
30,26,510.421,21.4212,108.004
30,27,504.751,20.765,110.362
30,28,500.813,18.3319,112.186
30,29,498.607,15.412,111.752
30,30,496.465,14.6005,114.116
30,31,493.471,11.4023,114.858
30,32,492.684,9.32438,115.613
30,33,495.237,7.78227,115.014
30,34,495.8,7.46101,115.676
30,35,492.368,7.12174,116.621
30,36,489.997,1.63355,117.776
30,37,493.597,0.227323,117.17
30,38,495.573,-0.705421,115.521
30,39,495.567,-1.88421,112.194
30,40,497.731,-4.44393,109.886
30,41,502,-7.09807,109.159
30,42,510.322,-12.6833,107.982
30,43,518.189,-16.5208,106.856
30,44,519.24,-18.7411,106.157
30,45,512.795,-17.222,107.531
30,46,509.687,-20.8527,112.055
30,47,517.92,-25.3165,109.629
30,48,520.722,-25.2465,107.559
30,49,522.218,-27.5444,111.204
30,50,525.141,-28.0629,110.503
30,51,527.843,-29.7501,112.092
30,52,532.315,-30.2211,109.811
30,53,533.756,-30.3932,109.112
30,54,534.391,-31.8449,112.799
30,55,541.795,-28.8206,110.385
30,56,539.33,-22.6433,107.654
30,57,538.307,-18.7231,108.809
30,58,538.087,-18.0891,112.904
30,59,538.274,-20.8355,117.579
30,60,541.081,-21.9845,122.414
30,61,536.361,-25.0417,123.019
30,62,533.133,-27.0582,123.744
30,63,529.839,-28.4815,124.416
30,64,524.81,-25.5015,123.787
30,65,521.916,-25.4267,124.501
30,66,522.099,-28.9233,126.9
30,67,528.124,-33.4931,130.372
30,68,530.19,-36.0571,134.495
30,69,532.697,-37.1073,136.324
30,70,535.294,-37.8299,137.428
30,71,537.754,-39.0248,139.888
30,72,534.514,-40.2862,144.815
30,73,533.588,-40.9036,149.213
30,74,533.138,-41.0431,153.344
30,75,534.474,-41.5691,155.715
30,76,537.159,-42.3503,155.999
30,77,542.817,-42.5225,153.507
30,78,549.673,-42.3981,154.002
30,79,555.678,-41.8692,152.772
30,80,561.016,-42.191,152.066
30,81,564.015,-44.0168,151.561
30,82,566.486,-46.6035,149.832
30,83,574.102,-46.3061,147.945
30,84,566.72,-47.8158,148.561
30,85,564.396,-45.8217,149.995
30,86,562.789,-42.7383,149.714
30,87,561.135,-41.2999,144.554
30,88,563.658,-41.6682,141.833
30,89,561.805,-41.0718,138.254
30,90,560.036,-41.8324,131.329
30,91,556.066,-43.1766,127.327
30,92,551.998,-42.888,122.832
30,93,548.371,-41.1842,121.22
30,94,544.052,-39.7329,121.446
30,95,539.683,-38.6415,121.998
30,96,533.127,-36.4727,120.594
30,97,519.416,-37.9103,126.931
30,98,519.582,-42.4328,130.857
30,99,525.165,-45.0612,131.405
30,100,528.998,-45.1636,130.117
30,101,531.096,-45.5452,130.981
30,102,532.653,-46.3862,133.579
30,103,534.016,-47.4734,137.513
30,104,535.863,-48.3539,141.013
30,105,536.424,-50.1977,145.345
30,106,540.436,-49.5797,146.17
30,107,540.529,-51.9112,148.184
30,108,543.757,-53.9083,150.045
30,109,547.41,-55.4912,149.956
30,110,550.216,-55.9867,149.453
30,111,548.353,-59.2014,149.368
30,112,556.659,-61.2903,146.337
30,113,559.67,-64.2382,142.771
30,114,555.698,-63.3576,138.762
30,115,555.76,-57.2337,132.235
30,116,559.392,-57.5891,133.536
30,117,560.234,-53.5648,130.148
30,118,563.191,-54.2657,131.858
30,119,565.973,-52.3288,131.733
30,120,574.509,-51.0568,136.036
30,121,580.397,-51.7276,141.589
30,122,579.689,-49.5006,144.791
30,123,579.581,-47.1675,147.651
30,124,574.102,-46.3061,147.945
30,125,581.551,-42.7576,150.604
30,126,584.547,-37.3934,156.26
30,127,584.442,-33.7401,155.53
30,128,583.556,-31.2188,156.737
30,129,584.231,-29.0315,158.328
30,130,585.786,-26.633,160.722
30,131,584.426,-23.4913,162.095
30,132,583.497,-22.5573,162.968
30,133,586.444,-22.4948,164.045
30,134,588.545,-17.1524,164.682
30,135,588.443,-15.2791,164.522
30,136,589.425,-13.2534,165.552
30,137,590.338,-5.79159,167.714
30,138,591.036,2.31643,168.448
30,139,592.109,9.16028,167.883
30,140,592.81,16.8398,165.504
30,141,593.047,18.8472,163.498
30,142,592.684,21.4894,164.384
30,143,591.982,26.7101,164.104
30,144,591.848,28.2257,162.286
30,145,591.048,30.0637,162.508
30,146,588.336,35.4488,161.364
30,147,587.048,37.3156,158.325
30,148,585.634,39.7026,157.777
30,149,580.045,42.7914,155.813
30,150,576.264,41.2169,157.315
30,151,575.292,43.8592,155.556
30,152,573.357,48.9144,152.166
30,153,572.136,51.4122,150.618
30,154,575.027,53.3377,148.604
30,155,571.805,58.175,142.956
30,156,567.881,60.6435,142.2
30,157,566.506,58.8382,138.508
30,158,558.672,55.9937,131.977
30,159,559.455,50.9064,133.798
30,160,557.216,49.7844,136.352
30,161,560.848,49.2277,138.654
30,162,564.928,47.0338,142.349
30,163,564.296,45.8171,145.923
30,164,561.174,45.781,147.627
30,165,558.51,46.8062,150.535
30,166,555.64,46.8664,152.765
30,167,554.076,46.7891,154.639
30,168,553.218,46.1145,151.423
30,169,550.581,44.7154,143.903
30,170,546.115,43.9631,139.34
30,171,540.514,42.8099,136.27
30,172,534.135,42.2456,135.666
30,173,530.257,40.0755,132.498
30,174,523.702,35.9986,128.942
30,175,514.762,34.348,131.97
30,176,511.453,34.5215,134.531
30,177,511.056,32.4471,132.052
30,178,509.282,29.4991,129.402
30,179,509.577,28.387,127.864
30,180,516.374,30.9544,127.046
30,181,526.695,29.2769,122.39
30,182,530.427,27.5823,124.266
30,183,533.192,27.1013,126.637
30,184,534.481,26.8691,125.157
30,185,534.211,26.4874,120.48
30,186,536.14,23.7889,114.96
30,187,537.368,21.0345,113.177
30,188,538.498,21.4708,111.083
30,189,539.651,22.4724,107.998
30,190,539.308,25.2994,105.909
30,191,535.899,23.9458,104.54
30,192,531.918,24.0352,104.909
30,193,529.144,24.0817,105.542
30,194,531.274,26.0356,104.913
30,195,533.397,27.9284,104.295
30,196,535.839,26.6909,103.693
30,197,536.957,30.6629,100.291
30,198,536.688,34.1856,102.162
30,199,539.057,29.0723,103.487
30,200,542.137,28.7152,108.76
30,201,545.07,31.5415,111.191
30,202,547.055,33.9417,112.872
30,203,549.261,36.6603,113.8
30,204,551.334,39.944,116.233
30,205,553.866,43.2377,116.719
30,206,557.175,43.4549,117.094
30,207,557.913,41.1654,111.737
30,208,554.416,40.0936,107.104
30,209,558.185,37.2921,106.541
30,210,556.712,36.0566,103.481
30,211,553.794,35.6468,102.507
30,212,550.631,39.4513,103.283
30,213,547.135,37.2118,102.625
30,214,545.368,42.0992,106.312
30,215,543.396,43.6301,108.122
30,216,537.092,45.8296,111.223
30,217,539.86,47.4329,113.406
30,218,538.403,50.3266,116.954
30,219,539.49,56.204,124.022
30,220,543.434,54.4451,122.908
30,221,544.97,56.6985,125.478
30,222,548.429,57.2496,127.237
30,223,550.654,53.3346,124.737
30,224,550.904,51.0412,122.978
30,225,552.692,52.6686,125.571
30,226,558.672,55.9937,131.977
30,227,557.237,61.0376,135.101
30,228,557.014,63.6215,137.907
30,229,556.011,65.3169,141.055
30,230,554.574,66.485,144.522
30,231,552.06,67.6813,147.516
31,0,-291.195,69.4803,168.788
31,1,-292.431,66.8862,168.287
31,2,-291.195,69.4803,168.788
31,3,-292.431,66.8862,168.287
43,0,-1.37406,18.3535,-19.4895
43,1,0.506978,17.3745,-22.2133
43,2,3.15532,16.236,-23.3205
43,3,0.506978,17.3745,-22.2133
43,4,3.15532,16.236,-23.3205
43,5,2.43321,13.3066,-21.2581
43,6,-0.482845,14.6656,-19.9085
47,0,138.271,-450.093,-283.209
47,1,140.754,-447.074,-279.8
47,2,138.271,-450.093,-283.209
47,3,140.754,-447.074,-279.8
48,0,575.651,3.95289,-344.364
48,1,575.976,7.85252,-344.257
48,2,575.651,3.95289,-344.364
48,3,572.286,5.81698,-349.301
48,4,575.651,3.95289,-344.364
48,5,575.976,7.85252,-344.257
48,6,575.651,3.95289,-344.364
48,7,572.286,5.81698,-349.301
49,0,585.429,32.1,-337.557
49,1,582.626,36.7042,-337.528
49,2,579.945,39.3923,-340.272
49,3,579.881,41.4669,-337.509
49,4,579.945,39.3923,-340.272
49,5,579.881,41.4669,-337.509
49,6,578.949,42.2358,-331.236
49,7,578.658,40.999,-326.72
49,8,580.558,38.3418,-323.501
49,9,582.634,33.9653,-320.689
49,10,585.239,29.3808,-318.196
49,11,585.935,26.2724,-317.204
49,12,584.357,24.6401,-318.154
49,13,580.238,25.2831,-323.516
49,14,581.579,21.5178,-325.898
49,15,587.238,18.6895,-324.667
49,16,588.995,20.6388,-320.838
49,17,591.702,21.0194,-321.957
49,18,594.316,23.5562,-323.289
49,19,593.629,24.6443,-327.254
49,20,590.869,25.5364,-331.029
49,21,588.155,26.7119,-335.7
50,0,-417.417,70.6394,-217.909
50,1,-418.784,73.4475,-217.158
50,2,-422.531,78.6348,-217.73
50,3,-426.293,83.8475,-218.124
50,4,-427.08,84.3499,-220.435
50,5,-426.241,84.274,-224.116
50,6,-420.954,83.6173,-224.056
50,7,-419.433,84.8412,-222.458
50,8,-420.954,83.6173,-224.056
50,9,-419.433,84.8412,-222.458
50,10,-420.009,83.6268,-221.416
50,11,-419.897,82.6204,-222.794
50,12,-416.603,79.65,-225.098
50,13,-414.484,75.0135,-227.812
50,14,-412.726,74.5523,-226.321
50,15,-414.484,75.0135,-227.812
50,16,-412.726,74.5523,-226.321
50,17,-411.887,74.2793,-223.036
50,18,-412.464,72.5678,-225.302
50,19,-414.033,69.3213,-231.007
50,20,-414.341,64.2425,-234.813
50,21,-413.375,56.0369,-236.123
50,22,-410.572,57.9621,-234.64
50,23,-413.375,56.0369,-236.123
50,24,-410.572,57.9621,-234.64
50,25,-410.307,51.9703,-234.299
50,26,-409.393,48.3178,-233.752
50,27,-412.193,49.705,-234.182
50,28,-413.986,47.6011,-230.963
50,29,-411.706,39.1144,-231.381
50,30,-409.048,33.0712,-232.376
50,31,-406.715,35.6753,-236.598
50,32,-405.324,34.4797,-236.091
50,33,-405.267,31.3345,-235.86
50,34,-403.142,32.9912,-235.826
50,35,-400.591,34.6467,-235.031
50,36,-397.3,28.0344,-235.453
50,37,-395.592,23.8838,-237.256
50,38,-395.244,17.8677,-238.844
50,39,-395.402,12.8674,-238.443
50,40,-395.227,9.19933,-238.225
50,41,-395.74,6.72878,-239.374
50,42,-395.911,3.96572,-241.046
50,43,-394.807,-4.06787,-240.289
50,44,-394.143,-6.0497,-237.381
50,45,-392.955,-8.35803,-235.179
50,46,-392.351,-10.1446,-234.342
50,47,-393.278,-11.675,-235.506
50,48,-391.975,-17.9789,-232.017
50,49,-394.055,-18.1285,-234.929
50,50,-395.122,-20.4276,-237.343
50,51,-396.645,-26.7424,-235.323
50,52,-395.776,-32.2096,-230.462
50,53,-395.182,-37.8637,-226.656
50,54,-395.328,-41.1709,-224.786
50,55,-397.704,-37.091,-230.844
50,56,-400.723,-36.8683,-235.62
50,57,-400.622,-40.4834,-235.091
50,58,-402.561,-44.3902,-231.358
50,59,-402.141,-45.1002,-229.053
50,60,-404.485,-47.0592,-229.238
50,61,-406.712,-45.8242,-227.398
50,62,-405.68,-45.0389,-223.801
50,63,-405.304,-41.495,-223.796
50,64,-404.301,-38.4582,-220.448
50,65,-403.709,-36.3179,-221.353
50,66,-403.796,-35.0604,-225.413
50,67,-403.167,-32.1075,-227.532
50,68,-401.894,-28.9572,-226.636
50,69,-401.528,-25.5323,-227.749
50,70,-400.871,-20.6969,-228.432
50,71,-400.357,-17.1828,-228.105
50,72,-400.036,-13.6917,-229.332
50,73,-399.632,-9.76354,-230.194
50,74,-400.41,-0.608828,-230.951
50,75,-402.163,10.9471,-230.339
50,76,-403.136,14.8849,-229.724
50,77,-403.657,18.294,-231.038
50,78,-405.912,27.1202,-233.211
50,79,-408.154,29.3622,-230.647
50,80,-409.524,31.8135,-229.962
50,81,-410.662,36.0955,-230.461
50,82,-411.537,41.7532,-229.17
50,83,-410.922,43.4699,-226.974
50,84,-412.171,46.553,-227.448
50,85,-414.392,53.6436,-226.541
50,86,-410.816,54.3532,-220.393
50,87,-409.406,53.3859,-218.647
50,88,-409.53,55.5476,-218.157
50,89,-409.682,57.6987,-217.684
50,90,-412.619,57.8595,-221.467
50,91,-416.175,62.5333,-223.594
50,92,-420.039,69.7213,-222.958
51,0,198.972,235.044,-406.029
51,1,193.033,233.233,-405.729
51,2,189.764,229.685,-403.433
51,3,193.033,233.233,-405.729
51,4,198.972,235.044,-406.029
51,5,193.033,233.233,-405.729
51,6,189.764,229.685,-403.433
51,7,193.033,233.233,-405.729
52,0,188.302,225.57,-406.598
52,1,190.385,227.881,-408.72
52,2,188.302,225.57,-406.598
52,3,190.385,227.881,-408.72
53,0,-38.5693,37.5304,-382.868
53,1,-39.9467,37.7561,-384.063
53,2,-38.5693,37.5304,-382.868
53,3,-39.9467,37.7561,-384.063
55,0,593.534,-88.5087,-191.243
55,1,590.337,-90.085,-191.277
55,2,593.534,-88.5087,-191.243
55,3,590.337,-90.085,-191.277
56,0,96.3313,51.1575,-52.538
56,1,96.3078,50.2495,-57.1586
56,2,100.229,52.39,-61.127
56,3,98.0911,49.793,-60.5952
56,4,100.229,52.39,-61.127
56,5,98.0911,49.793,-60.5952
56,6,100.886,55.1946,-60.292
56,7,102.621,56.1229,-56.697
56,8,106.268,55.4954,-55.9373
56,9,109.143,55.649,-53.9184
56,10,111.647,55.1784,-50.2944
56,11,113.547,54.6178,-48.1452
56,12,110.563,53.6824,-49.4952
56,13,106.082,50.6859,-50.5308
56,14,103.736,47.0687,-49.9937
56,15,101.487,45.2118,-49.2725
56,16,99.7407,45.9253,-49.1332
56,17,98.8187,50.0894,-50.6092
61,0,498.042,47.337,-249.363
61,1,497.399,46.3922,-252.69
61,2,494.295,48.4388,-254.637
61,3,497.399,46.3922,-252.69
61,4,494.295,48.4388,-254.637
61,5,498.428,48.0468,-251.703
62,0,577.684,50.5613,-330.708
62,1,576.344,53.5708,-328.567
62,2,577.684,50.5613,-330.708
62,3,576.344,53.5708,-328.567
