specimen,region,n_verts,deform_mag_mean,deform_mag_p95,deform_mag_max,edge_len_mean
Strumigenys_aff.trudifera_CASENT0744341_processed.obj,body,2611,0.0020931849721819162,0.005071032792329788,0.01827658712863922,0.013440140523016453
Strumigenys_aff.trudifera_CASENT0744341_processed.obj,head,2174,0.0021272804588079453,0.0055539833381772034,0.017254985868930817,0.011382884345948696
Strumigenys_aff.trudifera_CASENT0744341_processed.obj,antenna,362,0.00657810689881444,0.013472238462418315,0.11048721522092819,0.015489977784454823
Strumigenys_aff.trudifera_CASENT0744341_processed.obj,mandible,379,0.004839393310248852,0.012648911215364924,0.0850118100643158,0.016298538073897362
Strumigenys_aff.trudifera_CASENT0744341_processed.obj,leg,3887,0.0031789003405719995,0.010046683251857756,0.21023422479629517,0.011921083554625511
Strumigenys_aff.trudifera_CASENT0744341_processed.obj,leg_distal,822,0.002517405431717634,0.005324774025939402,0.03359488025307655,0.008650749921798706
Strumigenys_alberti_CASENT0878103_processed.obj,body,2611,0.004286143928766251,0.010444033425301313,0.028290104120969772,0.01945389248430729
Strumigenys_alberti_CASENT0878103_processed.obj,head,2174,0.0023270288947969675,0.006698942556977272,0.02113986946642399,0.01580619066953659
Strumigenys_alberti_CASENT0878103_processed.obj,antenna,362,0.011249217204749584,0.03332903254777193,0.12953734397888184,0.033594902604818344
Strumigenys_alberti_CASENT0878103_processed.obj,mandible,379,0.010378433391451836,0.02452659979462623,0.05249519273638725,0.038443151861429214
Strumigenys_alberti_CASENT0878103_processed.obj,leg,3887,0.006366516929119825,0.016228725202381597,0.19898955523967743,0.02335255593061447
Strumigenys_alberti_CASENT0878103_processed.obj,leg_distal,822,0.012626499868929386,0.04729301556944845,0.18078117072582245,0.034892283380031586
Strumigenys_alberti_CASENT0878104_processed.obj,body,2611,0.0044081369414925575,0.014610834419727325,0.03301762044429779,0.024603337049484253
Strumigenys_alberti_CASENT0878104_processed.obj,head,2174,0.0029452212620526552,0.008510986343026158,0.024840515106916428,0.017492536455392838
Strumigenys_alberti_CASENT0878104_processed.obj,antenna,362,0.004678040277212858,0.009858001954853535,0.016408277675509453,0.018421879038214684
Strumigenys_alberti_CASENT0878104_processed.obj,mandible,379,0.004590117372572422,0.01059916866943239,0.05541912466287613,0.02357098087668419
Strumigenys_alberti_CASENT0878104_processed.obj,leg,3887,0.003272853558883071,0.007539645535871385,0.023097729310393333,0.018747597932815552
Strumigenys_alberti_CASENT0878104_processed.obj,leg_distal,822,0.004838424269109964,0.015146468905732,0.08942856639623642,0.01665240153670311
Strumigenys_appretiata_CASENT0744350_processed.obj,body,2611,0.004341316409409046,0.01207017619162798,0.07667278498411179,0.024772372096776962
Strumigenys_appretiata_CASENT0744350_processed.obj,head,2174,0.005027995444834232,0.01443235813640058,0.093776635825634,0.022031527012586594
Strumigenys_appretiata_CASENT0744350_processed.obj,antenna,362,0.005560382269322872,0.012140584690496321,0.02775830775499344,0.016690237447619438
Strumigenys_appretiata_CASENT0744350_processed.obj,mandible,379,0.006118398625403643,0.01520034046843646,0.070684514939785,0.030092444270849228
Strumigenys_appretiata_CASENT0744350_processed.obj,leg,3887,0.0033060256391763687,0.00772168529219925,0.14114710688591003,0.016932887956500053
Strumigenys_appretiata_CASENT0744350_processed.obj,leg_distal,822,0.0028030797839164734,0.005894075543619691,0.06461896002292633,0.01314301323145628
Strumigenys_auctidens_CASENT0878105_processed.obj,body,2611,0.005407652817666531,0.015011596027761698,0.1870955526828766,0.019776273518800735
Strumigenys_auctidens_CASENT0878105_processed.obj,head,2174,0.0031214600894600153,0.007811008649878203,0.038476161658763885,0.020209871232509613
Strumigenys_auctidens_CASENT0878105_processed.obj,antenna,362,0.004718739073723555,0.009809940913692116,0.01894107088446617,0.014890416525304317
Strumigenys_auctidens_CASENT0878105_processed.obj,mandible,379,0.006039623636752367,0.01572358217090368,0.06186342611908913,0.030260762199759483
Strumigenys_auctidens_CASENT0878105_processed.obj,leg,3887,0.006088995840400457,0.01579749248921871,0.21552905440330505,0.021388761699199677
Strumigenys_auctidens_CASENT0878105_processed.obj,leg_distal,822,0.010828451253473759,0.04563717748969793,0.17375759780406952,0.029502663761377335
Strumigenys_auctidens_CASENT0878106_processed.obj,body,2611,0.0033419860992580652,0.009275082498788834,0.031257301568984985,0.019517522305250168
Strumigenys_auctidens_CASENT0878106_processed.obj,head,2174,0.0026645150501281023,0.007686988450586794,0.03484322503209114,0.013479065150022507
Strumigenys_auctidens_CASENT0878106_processed.obj,antenna,362,0.009751338511705399,0.03432624414563177,0.08172982931137085,0.0326373390853405
Strumigenys_auctidens_CASENT0878106_processed.obj,mandible,379,0.008935504592955112,0.021809050254523753,0.07075250893831253,0.02910503000020981
Strumigenys_auctidens_CASENT0878106_processed.obj,leg,3887,0.0034328193869441748,0.008304766193032264,0.11137833446264267,0.015673687681555748
Strumigenys_auctidens_CASENT0878106_processed.obj,leg_distal,822,0.004253873135894537,0.011445358907803878,0.0798184871673584,0.014650802128016949
Strumigenys_benten_OKENT0105410_processed.obj,body,2611,0.006791528780013323,0.017863843590021133,0.15771636366844177,0.024603629484772682
Strumigenys_benten_OKENT0105410_processed.obj,head,2174,0.003874849760904908,0.012038848549127578,0.06668402254581451,0.015831001102924347
Strumigenys_benten_OKENT0105410_processed.obj,antenna,362,0.008677286095917225,0.01858454830944538,0.07982467114925385,0.027441980317234993
Strumigenys_benten_OKENT0105410_processed.obj,mandible,379,0.016490956768393517,0.05000294484198092,0.13090750575065613,0.05322159826755524
Strumigenys_benten_OKENT0105410_processed.obj,leg,3887,0.0043648770079016685,0.011396951973438263,0.13883835077285767,0.018913639709353447
Strumigenys_benten_OKENT0105410_processed.obj,leg_distal,822,0.003725898452103138,0.008900583628565068,0.0479586198925972,0.016130918636918068
Strumigenys_benten_OKENT0105411_processed.obj,body,2611,0.007500958628952503,0.02283339388668537,0.1447628289461136,0.026743261143565178
Strumigenys_benten_OKENT0105411_processed.obj,head,2174,0.0037107309326529503,0.01144946375861763,0.11298326402902603,0.016606498509645462
Strumigenys_benten_OKENT0105411_processed.obj,antenna,362,0.009103313088417053,0.023201476968824856,0.09524012356996536,0.03168764337897301
Strumigenys_benten_OKENT0105411_processed.obj,mandible,379,0.014186174608767033,0.03759573735296725,0.18174993991851807,0.05314599722623825
Strumigenys_benten_OKENT0105411_processed.obj,leg,3887,0.005268780514597893,0.014537837728857979,0.18479152023792267,0.02247697301208973
Strumigenys_benten_OKENT0105411_processed.obj,leg_distal,822,0.00739271380007267,0.022484751325100555,0.1373583972454071,0.026308337226510048
Strumigenys_canina_OKENT0105288_processed.obj,body,2611,0.004889210686087608,0.011408072430640459,0.16262032091617584,0.022682975977659225
Strumigenys_canina_OKENT0105288_processed.obj,head,2174,0.0024090511724352837,0.007365437876433132,0.046962980180978775,0.014397633261978626
Strumigenys_canina_OKENT0105288_processed.obj,antenna,362,0.006984476000070572,0.015474176732823251,0.06127014011144638,0.023346856236457825
Strumigenys_canina_OKENT0105288_processed.obj,mandible,379,0.00967390276491642,0.020198227092623693,0.04754886403679848,0.03397568687796593
Strumigenys_canina_OKENT0105288_processed.obj,leg,3887,0.0039782146923244,0.009699206519871943,0.1648343801498413,0.018305126577615738
Strumigenys_canina_OKENT0105288_processed.obj,leg_distal,822,0.009228951297700405,0.029172422736883117,0.15697719156742096,0.02701309137046337
Strumigenys_canina_OKENT0105289_processed.obj,body,2611,0.0040867202915251255,0.009903958532959223,0.04053284227848053,0.018466077744960785
Strumigenys_canina_OKENT0105289_processed.obj,head,2174,0.002131645567715168,0.00651629939675331,0.03920840471982956,0.013029392808675766
Strumigenys_canina_OKENT0105289_processed.obj,antenna,362,0.009631049819290638,0.024171886220574357,0.14931568503379822,0.026868203654885292
Strumigenys_canina_OKENT0105289_processed.obj,mandible,379,0.011512300930917263,0.03059490881860254,0.08619479835033417,0.04393044859170914
Strumigenys_canina_OKENT0105289_processed.obj,leg,3887,0.005270018707960844,0.012640647683292625,0.3602798581123352,0.018550576642155647
Strumigenys_canina_OKENT0105289_processed.obj,leg_distal,822,0.00835135392844677,0.0236066467128694,0.20827482640743256,0.0230867937207222
Strumigenys_crassicornis_CASENT0744273_processed.obj,body,2611,0.005032403394579887,0.012102490290999413,0.0812552198767662,0.019278667867183685
Strumigenys_crassicornis_CASENT0744273_processed.obj,head,2174,0.0031606697011739016,0.009316610684618351,0.025239378213882446,0.01539823692291975
Strumigenys_crassicornis_CASENT0744273_processed.obj,antenna,362,0.012663764879107475,0.03990300204604864,0.1582392305135727,0.03572879731655121
Strumigenys_crassicornis_CASENT0744273_processed.obj,mandible,379,0.008233044296503067,0.021841996349394315,0.11010652780532837,0.02810840494930744
Strumigenys_crassicornis_CASENT0744273_processed.obj,leg,3887,0.006927873939275742,0.01858636550605297,0.19229115545749664,0.023089464753866196
Strumigenys_crassicornis_CASENT0744273_processed.obj,leg_distal,822,0.012433585710823536,0.04009528011083598,0.17556793987751007,0.03343743458390236
Strumigenys_denticulata_CASENT0744012_processed.obj,body,2611,0.002473488450050354,0.006062891101464629,0.020709626376628876,0.016925273463129997
Strumigenys_denticulata_CASENT0744012_processed.obj,head,2174,0.003179662860929966,0.009209483675658698,0.03421264886856079,0.014593658037483692
Strumigenys_denticulata_CASENT0744012_processed.obj,antenna,362,0.004564579576253891,0.009730885503813624,0.05196338891983032,0.012603726238012314
Strumigenys_denticulata_CASENT0744012_processed.obj,mandible,379,0.004443811252713203,0.011207755748182533,0.07582449167966843,0.01913618855178356
Strumigenys_denticulata_CASENT0744012_processed.obj,leg,3887,0.0023939746897667646,0.0058468685951083895,0.13121776282787323,0.013464313000440598
Strumigenys_denticulata_CASENT0744012_processed.obj,leg_distal,822,0.0027561953756958246,0.007316117710433891,0.029528509825468063,0.009417508728802204
Strumigenys_denticulata_CASENT0878101_processed.obj,body,2611,0.005484382156282663,0.017057552933692932,0.05170540511608124,0.019091054797172546
Strumigenys_denticulata_CASENT0878101_processed.obj,head,2174,0.003340308088809252,0.009944431995972986,0.04534555971622467,0.015150771476328373
Strumigenys_denticulata_CASENT0878101_processed.obj,antenna,362,0.0072969067841768265,0.01703397566452622,0.08746929466724396,0.01985420286655426
Strumigenys_denticulata_CASENT0878101_processed.obj,mandible,379,0.004874803591519594,0.014576428569853268,0.06831688433885574,0.020554423332214355
Strumigenys_denticulata_CASENT0878101_processed.obj,leg,3887,0.003840453689917922,0.010652139876037836,0.04981529712677002,0.01555241271853447
Strumigenys_denticulata_CASENT0878101_processed.obj,leg_distal,822,0.002978793578222394,0.006478737550787627,0.022211570292711258,0.010952348820865154
Strumigenys_hispida_OKENT0105261_processed.obj,body,2611,0.0038523694965988398,0.011503934394568205,0.10603034496307373,0.016876185312867165
Strumigenys_hispida_OKENT0105261_processed.obj,head,2174,0.0022825212217867374,0.00665316602680832,0.0380113311111927,0.012900340370833874
Strumigenys_hispida_OKENT0105261_processed.obj,antenna,362,0.004447996150702238,0.009462781250476832,0.06043173745274544,0.012688808143138885
Strumigenys_hispida_OKENT0105261_processed.obj,mandible,379,0.004925447516143322,0.011543606314808127,0.05596402660012245,0.018785472959280014
Strumigenys_hispida_OKENT0105261_processed.obj,leg,3887,0.0035769210662692785,0.009174019563943148,0.12240859866142273,0.013872034847736359
Strumigenys_hispida_OKENT0105261_processed.obj,leg_distal,822,0.004527960903942585,0.012423108564689738,0.06606769561767578,0.013477680273354053
Strumigenys_hispida_OKENT0105262_processed.obj,body,2611,0.005010886117815971,0.013494245707988739,0.14978349208831787,0.021988073363900185
Strumigenys_hispida_OKENT0105262_processed.obj,head,2174,0.0025986875407397747,0.007046332885511216,0.13044627010822296,0.013759378343820572
Strumigenys_hispida_OKENT0105262_processed.obj,antenna,362,0.011672567576169968,0.02987076984718441,0.10988656431436539,0.029181214049458504
Strumigenys_hispida_OKENT0105262_processed.obj,mandible,379,0.010529785417020321,0.025437114387750596,0.12171851098537445,0.03245868161320686
Strumigenys_hispida_OKENT0105262_processed.obj,leg,3887,0.006225871853530407,0.01836333498358726,0.1428993046283722,0.021543074399232864
Strumigenys_hispida_OKENT0105262_processed.obj,leg_distal,822,0.005439514759927988,0.013384213810786569,0.13567201793193817,0.018252205103635788
Strumigenys_incerta_OKENT0105329_processed.obj,body,2611,0.006315527018159628,0.01537266606464982,0.23524659872055054,0.02848026156425476
Strumigenys_incerta_OKENT0105329_processed.obj,head,2174,0.002959021832793951,0.008704515267163515,0.06363877654075623,0.015539731830358505
Strumigenys_incerta_OKENT0105329_processed.obj,antenna,362,0.011400139890611172,0.035979476943612095,0.0865449532866478,0.03309493139386177
Strumigenys_incerta_OKENT0105329_processed.obj,mandible,379,0.014638560824096203,0.03794817999005316,0.16036175191402435,0.047347042709589005
Strumigenys_incerta_OKENT0105329_processed.obj,leg,3887,0.006491075735539198,0.01814747843891381,0.29281625151634216,0.023528167977929115
Strumigenys_incerta_OKENT0105329_processed.obj,leg_distal,822,0.00710667297244072,0.017501731030642963,0.15573295950889587,0.02501489408314228
Strumigenys_kumadori_OKENT0105283_processed.obj,body,2611,0.00337367900647223,0.009342512115836143,0.08315173536539078,0.020009780302643776
Strumigenys_kumadori_OKENT0105283_processed.obj,head,2174,0.0027116776909679174,0.007530468027107407,0.028822988271713257,0.015339534729719162
Strumigenys_kumadori_OKENT0105283_processed.obj,antenna,362,0.003497425466775894,0.008171564457006748,0.022765349596738815,0.012244953773915768
Strumigenys_kumadori_OKENT0105283_processed.obj,mandible,379,0.004610929638147354,0.011334579065442083,0.0583207868039608,0.025831591337919235
Strumigenys_kumadori_OKENT0105283_processed.obj,leg,3887,0.002073937561362982,0.004736670572310686,0.01758497953414917,0.01351192593574524
Strumigenys_kumadori_OKENT0105283_processed.obj,leg_distal,822,0.003374704159796238,0.008854480739682908,0.07105950266122818,0.012506761588156223
Strumigenys_kumadori_OKENT0105284_processed.obj,body,2611,0.0036736163310706615,0.010807799641042948,0.09961585700511932,0.017998425289988518
Strumigenys_kumadori_OKENT0105284_processed.obj,head,2174,0.0024221327621489763,0.00709824180230498,0.0637224018573761,0.013241064734756947
Strumigenys_kumadori_OKENT0105284_processed.obj,antenna,362,0.004673541057854891,0.010816389368847011,0.039934247732162476,0.013406769372522831
Strumigenys_kumadori_OKENT0105284_processed.obj,mandible,379,0.0042544761672616005,0.01055718660354612,0.05818529799580574,0.018535882234573364
Strumigenys_kumadori_OKENT0105284_processed.obj,leg,3887,0.004096815828233957,0.011077296268194887,0.1732078641653061,0.014038418419659138
Strumigenys_kumadori_OKENT0105284_processed.obj,leg_distal,822,0.002986336825415492,0.006873698602430522,0.0929875373840332,0.01067749597132206
Strumigenys_lewisi_OKENT0105441_processed.obj,body,2611,0.0048269727267324924,0.014722228050231934,0.09152498096227646,0.02439337782561779
Strumigenys_lewisi_OKENT0105441_processed.obj,head,2174,0.0032845749519765377,0.008901501912623642,0.04278070107102394,0.020111676305532455
Strumigenys_lewisi_OKENT0105441_processed.obj,antenna,362,0.004361029714345932,0.010037338500842452,0.017246020957827568,0.018062705174088478
Strumigenys_lewisi_OKENT0105441_processed.obj,mandible,379,0.00578205194324255,0.013858955074101686,0.06390055269002914,0.03271012753248215
Strumigenys_lewisi_OKENT0105441_processed.obj,leg,3887,0.004744074307382107,0.011729437764734025,0.1795889139175415,0.0191861130297184
Strumigenys_lewisi_OKENT0105441_processed.obj,leg_distal,822,0.0047994512133300304,0.012139639910310501,0.08631428331136703,0.01647479645907879
Strumigenys_lewisi_OKENT0105442_processed.obj,body,2611,0.004035675898194313,0.011196359992027283,0.11925166100263596,0.020321745425462723
Strumigenys_lewisi_OKENT0105442_processed.obj,head,2174,0.0028276790399104357,0.008631550101563334,0.07074199616909027,0.015446330420672894
Strumigenys_lewisi_OKENT0105442_processed.obj,antenna,362,0.004292468540370464,0.009860215475782747,0.05109694227576256,0.012616685591638088
Strumigenys_lewisi_OKENT0105442_processed.obj,mandible,379,0.005239739082753658,0.01222583446651697,0.05001911520957947,0.021081114187836647
Strumigenys_lewisi_OKENT0105442_processed.obj,leg,3887,0.0028432272374629974,0.006368148373439908,0.1311877816915512,0.014591794461011887
Strumigenys_lewisi_OKENT0105442_processed.obj,leg_distal,822,0.0034261150285601616,0.009561304468661535,0.0664953663945198,0.011806581169366837
Strumigenys_minutula_OKENT0105207_processed.obj,body,2611,0.003390517085790634,0.00818851962685585,0.16615712642669678,0.01821882091462612
Strumigenys_minutula_OKENT0105207_processed.obj,head,2174,0.002013087272644043,0.00552039963658899,0.02157023549079895,0.014247982762753963
Strumigenys_minutula_OKENT0105207_processed.obj,antenna,362,0.00351165933534503,0.008319871732965107,0.022383498027920723,0.011589002795517445
Strumigenys_minutula_OKENT0105207_processed.obj,mandible,379,0.004207511432468891,0.012613065075129258,0.05589434877038002,0.022054577246308327
Strumigenys_minutula_OKENT0105207_processed.obj,leg,3887,0.002410095650702715,0.005457405047491186,0.03045610897243023,0.013063357211649418
Strumigenys_minutula_OKENT0105207_processed.obj,leg_distal,822,0.0030759309884160757,0.00757397999987006,0.06972455233335495,0.012964543886482716
Strumigenys_precava_CASENT0744056_processed.obj,body,2611,0.0034525468945503235,0.009129325859248638,0.035660143941640854,0.01688029058277607
Strumigenys_precava_CASENT0744056_processed.obj,head,2174,0.002847288968041539,0.00789432716555893,0.04146207496523857,0.01485949195921421
Strumigenys_precava_CASENT0744056_processed.obj,antenna,362,0.009822200983762741,0.022476211190223687,0.2528582215309143,0.02141210436820984
Strumigenys_precava_CASENT0744056_processed.obj,mandible,379,0.005365255754441023,0.015005298610776652,0.06481348723173141,0.020723626017570496
Strumigenys_precava_CASENT0744056_processed.obj,leg,3887,0.004472965840250254,0.013828942552208899,0.3013807535171509,0.014141718856990337
Strumigenys_precava_CASENT0744056_processed.obj,leg_distal,822,0.0064641693606972694,0.019041411392390722,0.1718296855688095,0.017955048009753227
Strumigenys_sp._CASENT0744896_processed.obj,body,2611,0.0030992457177489996,0.009126532822847366,0.10638324171304703,0.016626935452222824
Strumigenys_sp._CASENT0744896_processed.obj,head,2174,0.0020467466674745083,0.005791685543954369,0.027295559644699097,0.012816371396183968
Strumigenys_sp._CASENT0744896_processed.obj,antenna,362,0.0026955963112413883,0.005739606823772191,0.013436845503747463,0.011754839681088924
Strumigenys_sp._CASENT0744896_processed.obj,mandible,379,0.003760542254894972,0.009439414832741015,0.12278342992067337,0.01792706549167633
Strumigenys_sp._CASENT0744896_processed.obj,leg,3887,0.00205537723377347,0.004348359117284416,0.113490529358387,0.012415624223649502
Strumigenys_sp._CASENT0744896_processed.obj,leg_distal,822,0.0021913284435868263,0.006245440221391614,0.028157509863376617,0.010415221564471722
Strumigenys_sp._appretiata_group_CASENT0744156_processed.obj,body,2611,0.0041816155426204205,0.009791712742298841,0.07096830755472183,0.022232085466384888
Strumigenys_sp._appretiata_group_CASENT0744156_processed.obj,head,2174,0.0026483943220227957,0.007610481861047443,0.07654362171888351,0.014377695508301258
Strumigenys_sp._appretiata_group_CASENT0744156_processed.obj,antenna,362,0.011791340075433254,0.02974775610491633,0.11785662919282913,0.03571293503046036
Strumigenys_sp._appretiata_group_CASENT0744156_processed.obj,mandible,379,0.010809973813593388,0.02528400309383864,0.09683127701282501,0.03712513670325279
Strumigenys_sp._appretiata_group_CASENT0744156_processed.obj,leg,3887,0.003239053301513195,0.007842185627669094,0.0794062539935112,0.015900125727057457
Strumigenys_sp._appretiata_group_CASENT0744156_processed.obj,leg_distal,822,0.0037264579441398382,0.00811706096865236,0.03146610036492348,0.01315136905759573
Strumigenys_sp._gundlachi_group_CASENT0744212_processed.obj,body,2611,0.004077058285474777,0.01060377899557352,0.056437332183122635,0.02071453630924225
Strumigenys_sp._gundlachi_group_CASENT0744212_processed.obj,head,2174,0.002668768633157015,0.007621721923351281,0.018704595044255257,0.013753020204603672
Strumigenys_sp._gundlachi_group_CASENT0744212_processed.obj,antenna,362,0.012092005461454391,0.037803602591156935,0.09663887321949005,0.0348479263484478
Strumigenys_sp._gundlachi_group_CASENT0744212_processed.obj,mandible,379,0.00846893060952425,0.02074627000838517,0.07597782462835312,0.027969393879175186
Strumigenys_sp._gundlachi_group_CASENT0744212_processed.obj,leg,3887,0.003922120667994022,0.009918574243783949,0.09682651609182358,0.01682543382048607
Strumigenys_sp._gundlachi_group_CASENT0744212_processed.obj,leg_distal,822,0.0057892948389053345,0.01761215347796678,0.1075669452548027,0.018631380051374435
Strumigenys_sp._mandibularis_group_CASENT0744058_processed.obj,body,2611,0.003333515487611294,0.007962315808981657,0.04818582534790039,0.019739428535103798
Strumigenys_sp._mandibularis_group_CASENT0744058_processed.obj,head,2174,0.0021688290871679783,0.006123326928354788,0.06376401335000992,0.012580854818224907
Strumigenys_sp._mandibularis_group_CASENT0744058_processed.obj,antenna,362,0.010551415383815765,0.026630306430160972,0.14672189950942993,0.026370825245976448
Strumigenys_sp._mandibularis_group_CASENT0744058_processed.obj,mandible,379,0.014076770283281803,0.03185207247734063,0.17494170367717743,0.04420788213610649
Strumigenys_sp._mandibularis_group_CASENT0744058_processed.obj,leg,3887,0.003852538065984845,0.00946339415386319,0.11571573466062546,0.01726309210062027
Strumigenys_sp._mandibularis_group_CASENT0744058_processed.obj,leg_distal,822,0.004794462583959103,0.011326690204441547,0.09685251116752625,0.018333403393626213
Strumigenys_sp._silvestri_group_CASENT0744283_processed.obj,body,2611,0.006237305235117674,0.017385855317115784,0.08016445487737656,0.02469377964735031
Strumigenys_sp._silvestri_group_CASENT0744283_processed.obj,head,2174,0.00328251114115119,0.011284849466755977,0.057782791554927826,0.0168671365827322
Strumigenys_sp._silvestri_group_CASENT0744283_processed.obj,antenna,362,0.016387348994612694,0.050389018096029754,0.17497292160987854,0.046148598194122314
Strumigenys_sp._silvestri_group_CASENT0744283_processed.obj,mandible,379,0.01686808466911316,0.04084377624094486,0.14542098343372345,0.045588817447423935
Strumigenys_sp._silvestri_group_CASENT0744283_processed.obj,leg,3887,0.0035563551355153322,0.008079872466623781,0.1832437664270401,0.020024539902806282
Strumigenys_sp._silvestri_group_CASENT0744283_processed.obj,leg_distal,822,0.005101002752780914,0.012994462996721266,0.09234947711229324,0.01753084920346737
Strumigenys_stenorhina_OKENT0105267_processed.obj,body,2611,0.0030225797090679407,0.008056283928453922,0.10792586952447891,0.015108355320990086
Strumigenys_stenorhina_OKENT0105267_processed.obj,head,2174,0.002185321180149913,0.005412113456986845,0.01854543760418892,0.01332433894276619
Strumigenys_stenorhina_OKENT0105267_processed.obj,antenna,362,0.0032241279259324074,0.006457207212224602,0.009950006380677223,0.012354252859950066
Strumigenys_stenorhina_OKENT0105267_processed.obj,mandible,379,0.0040677385404706,0.011166446097195146,0.055624738335609436,0.01797385700047016
Strumigenys_stenorhina_OKENT0105267_processed.obj,leg,3887,0.0038683502934873104,0.009190198965370652,0.12496784329414368,0.014646132476627827
Strumigenys_stenorhina_OKENT0105267_processed.obj,leg_distal,822,0.00473059294745326,0.013245427142828699,0.11788498610258102,0.01618441566824913
Strumigenys_stenorhina_OKENT0105268_processed.obj,body,2611,0.0033712799195200205,0.009591023437678814,0.06177448853850365,0.01625226065516472
Strumigenys_stenorhina_OKENT0105268_processed.obj,head,2174,0.002534164348617196,0.006543779256753622,0.03079809807240963,0.014398257248103619
Strumigenys_stenorhina_OKENT0105268_processed.obj,antenna,362,0.003648771671578288,0.0075674919644370675,0.013797342777252197,0.013872156850993633
Strumigenys_stenorhina_OKENT0105268_processed.obj,mandible,379,0.004421633668243885,0.012753200624138115,0.05509898439049721,0.02534348890185356
Strumigenys_stenorhina_OKENT0105268_processed.obj,leg,3887,0.001870690961368382,0.004220970440655947,0.01866585575044155,0.01300582755357027
Strumigenys_stenorhina_OKENT0105268_processed.obj,leg_distal,822,0.002324647270143032,0.005314786941744384,0.012963151559233665,0.010072476230561733
Strumigenys_strigatella_OKENT0105333_processed.obj,body,2611,0.0039734430611133575,0.009711225982755423,0.07081999629735947,0.0225504320114851
Strumigenys_strigatella_OKENT0105333_processed.obj,head,2174,0.002572582568973303,0.008138280687853688,0.09910992532968521,0.01217768993228674
Strumigenys_strigatella_OKENT0105333_processed.obj,antenna,362,0.008780498057603836,0.021613606438040733,0.10252276808023453,0.027133295312523842
Strumigenys_strigatella_OKENT0105333_processed.obj,mandible,379,0.014568228274583817,0.03992024883627889,0.08696948736906052,0.041471708565950394
Strumigenys_strigatella_OKENT0105333_processed.obj,leg,3887,0.002880536485463381,0.006445222115144133,0.2108606994152069,0.016726471483707428
Strumigenys_strigatella_OKENT0105333_processed.obj,leg_distal,822,0.003908318467438221,0.009826542995870111,0.09248603880405426,0.016268780454993248
Strumigenys_subedentata_CASENT0744346_processed.obj,body,2611,0.0026031346060335636,0.006079809973016381,0.0721154436469078,0.019841792061924934
Strumigenys_subedentata_CASENT0744346_processed.obj,head,2174,0.0036715802270919085,0.00959355379454791,0.050753988325595856,0.01846812479197979
Strumigenys_subedentata_CASENT0744346_processed.obj,antenna,362,0.005242976360023022,0.012181064998731016,0.05174435302615166,0.014870308339595795
Strumigenys_subedentata_CASENT0744346_processed.obj,mandible,379,0.004672294016927481,0.012363659683614964,0.0707276239991188,0.02894553914666176
Strumigenys_subedentata_CASENT0744346_processed.obj,leg,3887,0.0023138246033340693,0.005443846341222523,0.08144056797027588,0.01478573214262724
Strumigenys_subedentata_CASENT0744346_processed.obj,leg_distal,822,0.003714589402079582,0.009480255702510475,0.09710133075714111,0.011554126627743244
Strumigenys_zeteki_CASENT0744209_processed.obj,body,2611,0.0046457829885184765,0.012582990806549788,0.047355420887470245,0.01985016092658043
Strumigenys_zeteki_CASENT0744209_processed.obj,head,2174,0.002639757702127099,0.006687945174053308,0.09388475865125656,0.014335997402668
Strumigenys_zeteki_CASENT0744209_processed.obj,antenna,362,0.012249203398823738,0.03823869209736584,0.12015429139137268,0.033597785979509354
Strumigenys_zeteki_CASENT0744209_processed.obj,mandible,379,0.010256223380565643,0.02347079589962957,0.09744498878717422,0.030013734474778175
Strumigenys_zeteki_CASENT0744209_processed.obj,leg,3887,0.0033392703626304865,0.008092707395553587,0.07537829130887985,0.015616501681506634
Strumigenys_zeteki_CASENT0744209_processed.obj,leg_distal,822,0.003784132655709982,0.008225467475131153,0.046259358525276184,0.010492830537259579
Syllophopsis_aureorugosa_CASENT0840860-D4_processed.obj,body,2611,0.006699210498481989,0.018453404307365417,0.2553427517414093,0.025288259610533714
Syllophopsis_aureorugosa_CASENT0840860-D4_processed.obj,head,2174,0.0030040829442441463,0.008679867815226311,0.02346394769847393,0.012881225906312466
Syllophopsis_aureorugosa_CASENT0840860-D4_processed.obj,antenna,362,0.014258591458201408,0.051162123680114704,0.12927782535552979,0.03659789264202118
Syllophopsis_aureorugosa_CASENT0840860-D4_processed.obj,mandible,379,0.013101140968501568,0.03473450839519499,0.08201223611831665,0.03887539729475975
Syllophopsis_aureorugosa_CASENT0840860-D4_processed.obj,leg,3887,0.006850807461887598,0.01805491801351308,0.19384273886680603,0.023928841575980186
Syllophopsis_aureorugosa_CASENT0840860-D4_processed.obj,leg_distal,822,0.010516487993299961,0.030723481904715223,0.28878241777420044,0.02834511175751686
Syllophopsis_sechellensis_OKENT0105212_processed.obj,body,2611,0.0039075384847819805,0.011085959151387215,0.04206101968884468,0.018420832231640816
Syllophopsis_sechellensis_OKENT0105212_processed.obj,head,2174,0.0025829775258898735,0.006448350963182747,0.01978769339621067,0.013947519473731518
Syllophopsis_sechellensis_OKENT0105212_processed.obj,antenna,362,0.0050065116956830025,0.012966457521542907,0.03034973330795765,0.015722552314400673
Syllophopsis_sechellensis_OKENT0105212_processed.obj,mandible,379,0.0030755107291042805,0.0065956082660704705,0.05318594351410866,0.016816217452287674
Syllophopsis_sechellensis_OKENT0105212_processed.obj,leg,3887,0.003337753703817725,0.0085943360812962,0.13794542849063873,0.014064143411815166
Syllophopsis_sechellensis_OKENT0105212_processed.obj,leg_distal,822,0.0037483959458768368,0.009197269892320033,0.06845838576555252,0.011287129484117031
Talaridris_mandibularis_CASENT0744061_processed.obj,body,2611,0.0051476014778018,0.012103227898478508,0.08630738407373428,0.026905443519353867
Talaridris_mandibularis_CASENT0744061_processed.obj,head,2174,0.003686897922307253,0.009291857108473776,0.15516427159309387,0.016353456303477287
Talaridris_mandibularis_CASENT0744061_processed.obj,antenna,362,0.024706698954105377,0.08710255660116668,0.15221640467643738,0.06999582052230835
Talaridris_mandibularis_CASENT0744061_processed.obj,mandible,379,0.00786062702536583,0.016704871691763386,0.10834620147943497,0.036857619881629944
Talaridris_mandibularis_CASENT0744061_processed.obj,leg,3887,0.005670449230819941,0.014699735026806581,0.20801381766796112,0.024641726166009903
Talaridris_mandibularis_CASENT0744061_processed.obj,leg_distal,822,0.007567154709249735,0.02122562592849135,0.09526849538087845,0.022914951667189598
Tapinoma_cf.melanocephalum_CASENT0877584_processed.obj,body,2611,0.004543590825051069,0.011763954069465399,0.04427460581064224,0.0219255480915308
Tapinoma_cf.melanocephalum_CASENT0877584_processed.obj,head,2174,0.0030105547048151493,0.009287925995886322,0.02522975206375122,0.014643603004515171
Tapinoma_cf.melanocephalum_CASENT0877584_processed.obj,antenna,362,0.012649409472942352,0.03619176000356669,0.13727967441082,0.03204486891627312
Tapinoma_cf.melanocephalum_CASENT0877584_processed.obj,mandible,379,0.010405167005956173,0.023270917311310764,0.1001463532447815,0.03037160448729992
Tapinoma_cf.melanocephalum_CASENT0877584_processed.obj,leg,3887,0.005427347030490637,0.014304067194461822,0.20925505459308624,0.01854901947081089
Tapinoma_cf.melanocephalum_CASENT0877584_processed.obj,leg_distal,822,0.00602140324190259,0.017408801708370385,0.11550768464803696,0.01875046268105507
Tapinoma_cf.melanocephalum_CASENT0877585_processed.obj,body,2611,0.005580176133662462,0.013784739188849926,0.1673748642206192,0.023741483688354492
Tapinoma_cf.melanocephalum_CASENT0877585_processed.obj,head,2174,0.002438557567074895,0.006313413707539435,0.016487285494804382,0.014216063544154167
Tapinoma_cf.melanocephalum_CASENT0877585_processed.obj,antenna,362,0.008475519716739655,0.020753712765872474,0.08559659123420715,0.025197727605700493
Tapinoma_cf.melanocephalum_CASENT0877585_processed.obj,mandible,379,0.010143136605620384,0.02318329755216836,0.05615197494626045,0.03628656268119812
Tapinoma_cf.melanocephalum_CASENT0877585_processed.obj,leg,3887,0.006606680806726217,0.017548809386789797,0.1816120594739914,0.022894075140357018
Tapinoma_cf.melanocephalum_CASENT0877585_processed.obj,leg_distal,822,0.009219815954566002,0.029544894583523256,0.13644766807556152,0.02597295492887497
Tapinoma_nigerrimum_CASENT0745201_processed.obj,body,2611,0.0050842659547924995,0.012737818993628025,0.1155371218919754,0.020348455756902695
Tapinoma_nigerrimum_CASENT0745201_processed.obj,head,2174,0.002075605094432831,0.007483094604685902,0.025071293115615845,0.010262413881719112
Tapinoma_nigerrimum_CASENT0745201_processed.obj,antenna,362,0.009077440947294235,0.021430278755724428,0.13319708406925201,0.023066800087690353
Tapinoma_nigerrimum_CASENT0745201_processed.obj,mandible,379,0.012596316635608673,0.03295138962566846,0.0987759456038475,0.03417111188173294
Tapinoma_nigerrimum_CASENT0745201_processed.obj,leg,3887,0.004631758201867342,0.011286754254251704,0.17642854154109955,0.017004312947392464
Tapinoma_nigerrimum_CASENT0745201_processed.obj,leg_distal,822,0.00409130472689867,0.010548754455521697,0.030695397406816483,0.017152801156044006
Tapinoma_simrothi_CASENT0745226_processed.obj,body,2611,0.003923588432371616,0.01019909605383873,0.03845720738172531,0.018847977742552757
Tapinoma_simrothi_CASENT0745226_processed.obj,head,2174,0.002338384510949254,0.00636289082467556,0.0751354768872261,0.014171957038342953
Tapinoma_simrothi_CASENT0745226_processed.obj,antenna,362,0.004216086585074663,0.008785516023635863,0.025951901450753212,0.017478518187999725
Tapinoma_simrothi_CASENT0745226_processed.obj,mandible,379,0.003368569537997246,0.008737737219780679,0.045245200395584106,0.01561732217669487
Tapinoma_simrothi_CASENT0745226_processed.obj,leg,3887,0.003702587215229869,0.009011644404381512,0.053811509162187576,0.014804873615503311
Tapinoma_simrothi_CASENT0745226_processed.obj,leg_distal,822,0.0039436970837414265,0.009705183701589697,0.064987413585186,0.01176610216498375
Tapinoma_simrothi_CASENT0745227_processed.obj,body,2611,0.005210239905864,0.013335696421563625,0.1161898598074913,0.0227989349514246
Tapinoma_simrothi_CASENT0745227_processed.obj,head,2174,0.005326332990080118,0.015250494517385959,0.09562524408102036,0.017517395317554474
Tapinoma_simrothi_CASENT0745227_processed.obj,antenna,362,0.012819334864616394,0.046279787644743914,0.1284884661436081,0.030986538156867027
Tapinoma_simrothi_CASENT0745227_processed.obj,mandible,379,0.009434327483177185,0.022316187806427478,0.05893939733505249,0.030797312036156654
Tapinoma_simrothi_CASENT0745227_processed.obj,leg,3887,0.004506165161728859,0.010945396963506932,0.19685006141662598,0.017280718311667442
Tapinoma_simrothi_CASENT0745227_processed.obj,leg_distal,822,0.005210071336477995,0.013983086450025429,0.10001514852046967,0.018113765865564346
Tatuidris_tatusia_CASENT0745545_processed.obj,body,2611,0.005990984849631786,0.015145184006541967,0.16048341989517212,0.025402255356311798
Tatuidris_tatusia_CASENT0745545_processed.obj,head,2174,0.003920181188732386,0.009647009149193763,0.02586500160396099,0.017412681132555008
Tatuidris_tatusia_CASENT0745545_processed.obj,antenna,362,0.026599857956171036,0.10352150425314902,0.2094159722328186,0.06970082223415375
Tatuidris_tatusia_CASENT0745545_processed.obj,mandible,379,0.007582596968859434,0.016819768026471123,0.07262574136257172,0.029806900769472122
Tatuidris_tatusia_CASENT0745545_processed.obj,leg,3887,0.007596470415592194,0.021633757464587677,0.272844135761261,0.02656407654285431
Tatuidris_tatusia_CASENT0745545_processed.obj,leg_distal,822,0.010498522780835629,0.029313641414046285,0.26100867986679077,0.03443107008934021
Tatuidris_tatusia_CASENT0745546_processed.obj,body,2611,0.005522582214325666,0.014497210271656513,0.055914875119924545,0.02337363176047802
Tatuidris_tatusia_CASENT0745546_processed.obj,head,2174,0.0039000941906124353,0.010716371051967141,0.026266565546393394,0.019194060936570168
Tatuidris_tatusia_CASENT0745546_processed.obj,antenna,362,0.014298651367425919,0.04687734562903642,0.16989772021770477,0.03950105980038643
Tatuidris_tatusia_CASENT0745546_processed.obj,mandible,379,0.007963893003761768,0.020131283067166796,0.0738263949751854,0.03053436055779457
Tatuidris_tatusia_CASENT0745546_processed.obj,leg,3887,0.0075186132453382015,0.023569521866738788,0.23987381160259247,0.024596525356173515
Tatuidris_tatusia_CASENT0745546_processed.obj,leg_distal,822,0.012719343416392803,0.045453511923551536,0.35231515765190125,0.03726699948310852
Technomyrmex_andrei_CASENT0745548_processed.obj,body,2611,0.005575088784098625,0.015188546851277351,0.12653470039367676,0.020977886393666267
Technomyrmex_andrei_CASENT0745548_processed.obj,head,2174,0.0018260360229760408,0.005055869673378765,0.06650763750076294,0.011418544687330723
Technomyrmex_andrei_CASENT0745548_processed.obj,antenna,362,0.0132514126598835,0.04451916068792343,0.15536126494407654,0.03414160758256912
Technomyrmex_andrei_CASENT0745548_processed.obj,mandible,379,0.009004631079733372,0.01948391664773225,0.12713037431240082,0.027418116107583046
Technomyrmex_andrei_CASENT0745548_processed.obj,leg,3887,0.0052724299021065235,0.013655682280659664,0.1884782612323761,0.019369954243302345
Technomyrmex_andrei_CASENT0745548_processed.obj,leg_distal,822,0.008740730583667755,0.024573142174631343,0.12457729130983353,0.02461918443441391
Technomyrmex_sp._CASENT0744677_processed.obj,body,2611,0.005857349839061499,0.016190553084015846,0.09026818722486496,0.02348577417433262
Technomyrmex_sp._CASENT0744677_processed.obj,head,2174,0.0025909708347171545,0.008933461410924791,0.07618161290884018,0.01150334533303976
Technomyrmex_sp._CASENT0744677_processed.obj,antenna,362,0.013328026980161667,0.04834778495132923,0.1419496089220047,0.03202591463923454
Technomyrmex_sp._CASENT0744677_processed.obj,mandible,379,0.012577079236507416,0.033624252676963805,0.1678038388490677,0.03243090957403183
Technomyrmex_sp._CASENT0744677_processed.obj,leg,3887,0.003559475764632225,0.008861297462135553,0.10359511524438858,0.018208114430308342
Technomyrmex_sp._CASENT0744677_processed.obj,leg_distal,822,0.00514938635751605,0.017210510279983274,0.11732058227062225,0.018948618322610855
Temnothorax_OK01_OKENT0105230_processed.obj,body,2611,0.0027681272476911545,0.00693929847329855,0.06723574548959732,0.016834689304232597
Temnothorax_OK01_OKENT0105230_processed.obj,head,2174,0.002068884205073118,0.005389694077894088,0.07940373569726944,0.013986796140670776
Temnothorax_OK01_OKENT0105230_processed.obj,antenna,362,0.004336328245699406,0.009250114858150481,0.01597450114786625,0.014661320485174656
Temnothorax_OK01_OKENT0105230_processed.obj,mandible,379,0.0028576194308698177,0.008223021496087307,0.04954652860760689,0.016118276864290237
Temnothorax_OK01_OKENT0105230_processed.obj,leg,3887,0.0038681630976498127,0.009765061270445585,0.1810407191514969,0.013896686024963856
Temnothorax_OK01_OKENT0105230_processed.obj,leg_distal,822,0.003568341489881277,0.009747626632452008,0.040785010904073715,0.013776430860161781
Temnothorax_affinis_CASENT0745855_processed.obj,body,2611,0.004136888775974512,0.011748336255550385,0.20578636229038239,0.019326115027070045
Temnothorax_affinis_CASENT0745855_processed.obj,head,2174,0.00348613690584898,0.009017995279282329,0.028428032994270325,0.014072596095502377
Temnothorax_affinis_CASENT0745855_processed.obj,antenna,362,0.003322833916172385,0.007670941692776977,0.015885651111602783,0.010438437573611736
Temnothorax_affinis_CASENT0745855_processed.obj,mandible,379,0.003517516888678074,0.008456471469253301,0.05298953130841255,0.016937511041760445
Temnothorax_affinis_CASENT0745855_processed.obj,leg,3887,0.0033615834545344114,0.0086386458016932,0.19853022694587708,0.01375697273761034
Temnothorax_affinis_CASENT0745855_processed.obj,leg_distal,822,0.005109291523694992,0.014444656809791914,0.07842368632555008,0.015508709475398064
Temnothorax_arimensis_OKENT0105446_processed.obj,body,2611,0.005496860481798649,0.015276574995368719,0.0852665826678276,0.023267311975359917
Temnothorax_arimensis_OKENT0105446_processed.obj,head,2174,0.0031103885266929865,0.008133693272247907,0.024932214990258217,0.014900509268045425
Temnothorax_arimensis_OKENT0105446_processed.obj,antenna,362,0.015730801969766617,0.06074296794831753,0.13413269817829132,0.04159161448478699
Temnothorax_arimensis_OKENT0105446_processed.obj,mandible,379,0.009424868039786816,0.022631982155144205,0.0959567129611969,0.03787492588162422
Temnothorax_arimensis_OKENT0105446_processed.obj,leg,3887,0.004350955132395029,0.010754992999136445,0.06549251824617386,0.01748720183968544
Temnothorax_arimensis_OKENT0105446_processed.obj,leg_distal,822,0.008610371500253677,0.027276207879185617,0.13539236783981323,0.02825693041086197
Temnothorax_arimensis_OKENT0105447_processed.obj,body,2611,0.00662846677005291,0.01743690948933363,0.11268477886915207,0.024912873283028603
Temnothorax_arimensis_OKENT0105447_processed.obj,head,2174,0.0026646514888852835,0.007881010975688694,0.04804728180170059,0.01370211225003004
Temnothorax_arimensis_OKENT0105447_processed.obj,antenna,362,0.014616555534303188,0.05669123977422714,0.12649200856685638,0.03939398005604744
Temnothorax_arimensis_OKENT0105447_processed.obj,mandible,379,0.01378748007118702,0.043554789572954125,0.2086530327796936,0.036456868052482605
Temnothorax_arimensis_OKENT0105447_processed.obj,leg,3887,0.0037921860348433256,0.009248177893459794,0.12138287723064423,0.016342274844646454
Temnothorax_arimensis_OKENT0105447_processed.obj,leg_distal,822,0.007820023223757744,0.024381737504154437,0.17283746600151062,0.02604285068809986
Temnothorax_congruus_CASENT0743574_processed.obj,body,2611,0.006123105995357037,0.016590346582233906,0.1602943390607834,0.02528943307697773
Temnothorax_congruus_CASENT0743574_processed.obj,head,2174,0.00221352931112051,0.006275458913296457,0.02938828617334366,0.012537109665572643
Temnothorax_congruus_CASENT0743574_processed.obj,antenna,362,0.013409445993602276,0.04697479587048288,0.1690003126859665,0.034801796078681946
Temnothorax_congruus_CASENT0743574_processed.obj,mandible,379,0.00797307025641203,0.01880453098565338,0.08750361204147339,0.027952933683991432
Temnothorax_congruus_CASENT0743574_processed.obj,leg,3887,0.006566736847162247,0.019424808211624598,0.13467465341091156,0.022930804640054703
Temnothorax_congruus_CASENT0743574_processed.obj,leg_distal,822,0.008778946474194527,0.02524273572489616,0.17454427480697632,0.02805851772427559
Temnothorax_congruus_OKENT0105443_processed.obj,body,2611,0.003126807976514101,0.007355410140007734,0.0868724063038826,0.021327810361981392
Temnothorax_congruus_OKENT0105443_processed.obj,head,2174,0.001927125733345747,0.005065259616822002,0.02770848385989666,0.014180892147123814
Temnothorax_congruus_OKENT0105443_processed.obj,antenna,362,0.0038092853501439095,0.008637388376519083,0.01517343521118164,0.014088500291109085
Temnothorax_congruus_OKENT0105443_processed.obj,mandible,379,0.0031019074376672506,0.008317304961383339,0.059045031666755676,0.017287898808717728
Temnothorax_congruus_OKENT0105443_processed.obj,leg,3887,0.002009084215387702,0.0045001894701272235,0.015060804784297943,0.012838656082749367
Temnothorax_congruus_OKENT0105443_processed.obj,leg_distal,822,0.0029604167211800814,0.008549685729667536,0.02706311084330082,0.012424027547240257
Temnothorax_congruus_OKENT0105444_processed.obj,body,2611,0.005339570343494415,0.013474665116518736,0.15439267456531525,0.02213059552013874
Temnothorax_congruus_OKENT0105444_processed.obj,head,2174,0.002327160444110632,0.007230681809596715,0.039957523345947266,0.013808256946504116
Temnothorax_congruus_OKENT0105444_processed.obj,antenna,362,0.013199608772993088,0.04048495627939701,0.11736182868480682,0.036435291171073914
Temnothorax_congruus_OKENT0105444_processed.obj,mandible,379,0.007947280071675777,0.01798967607319353,0.08705592155456543,0.026651738211512566
Temnothorax_congruus_OKENT0105444_processed.obj,leg,3887,0.0053884414955973625,0.013166752830147729,0.13822060823440552,0.020301098003983498
Temnothorax_congruus_OKENT0105444_processed.obj,leg_distal,822,0.007891666144132614,0.023428590409457665,0.135536327958107,0.024757709354162216
Temnothorax_crassispinus_CASENT0745822_processed.obj,body,2611,0.00405383575707674,0.011880600359290838,0.10955273360013962,0.01888674683868885
Temnothorax_crassispinus_CASENT0745822_processed.obj,head,2174,0.0024205143563449383,0.005825427314266548,0.08020409196615219,0.014498559758067131
Temnothorax_crassispinus_CASENT0745822_processed.obj,antenna,362,0.003471794305369258,0.008607908803969621,0.021889157593250275,0.0121714286506176
Temnothorax_crassispinus_CASENT0745822_processed.obj,mandible,379,0.004513759631663561,0.013476042170077553,0.10535634309053421,0.01779859885573387
Temnothorax_crassispinus_CASENT0745822_processed.obj,leg,3887,0.002765684388577938,0.006617340445518493,0.12276149541139603,0.012975702062249184
Temnothorax_crassispinus_CASENT0745822_processed.obj,leg_distal,822,0.00425504008308053,0.011109384521842,0.09760700911283493,0.013686486519873142
Temnothorax_indra_OKENT0105227_processed.obj,body,2611,0.0063378456979990005,0.019293474033474922,0.11570042371749878,0.026398586109280586
Temnothorax_indra_OKENT0105227_processed.obj,head,2174,0.0024588194210082293,0.007697364874184116,0.016333863139152527,0.014632088132202625
Temnothorax_indra_OKENT0105227_processed.obj,antenna,362,0.0124543197453022,0.039346268959343414,0.16775530576705933,0.031904906034469604
Temnothorax_indra_OKENT0105227_processed.obj,mandible,379,0.01619669608771801,0.053512613102793635,0.13763420283794403,0.048222050070762634
Temnothorax_indra_OKENT0105227_processed.obj,leg,3887,0.006740693934261799,0.01971533168107271,0.4853399395942688,0.02348678931593895
Temnothorax_indra_OKENT0105227_processed.obj,leg_distal,822,0.008451191708445549,0.024376549012958992,0.1478433907032013,0.027686549350619316
Temnothorax_indra_OKENT0105228_processed.obj,body,2611,0.0037999276537448168,0.011049844324588776,0.13665705919265747,0.021117646247148514
Temnothorax_indra_OKENT0105228_processed.obj,head,2174,0.0018506067572161555,0.004610821628011751,0.053867023438215256,0.0154441948980093
Temnothorax_indra_OKENT0105228_processed.obj,antenna,362,0.00368556659668684,0.007671298878267408,0.014453141018748283,0.016939999535679817
Temnothorax_indra_OKENT0105228_processed.obj,mandible,379,0.0042397030629217625,0.008686708286404601,0.04974459484219551,0.022129952907562256
Temnothorax_indra_OKENT0105228_processed.obj,leg,3887,0.0034397754352539778,0.008160238806158304,0.19932617247104645,0.015759335830807686
Temnothorax_indra_OKENT0105228_processed.obj,leg_distal,822,0.005903938785195351,0.01606820765882729,0.12463226169347763,0.018406808376312256
Temnothorax_kubira_OKENT0105406_processed.obj,body,2611,0.006302402354776859,0.016515567898750305,0.1571718007326126,0.02543279156088829
Temnothorax_kubira_OKENT0105406_processed.obj,head,2174,0.002398210112005472,0.007309120846912253,0.02334822155535221,0.01330830343067646
Temnothorax_kubira_OKENT0105406_processed.obj,antenna,362,0.014518938027322292,0.03606805596500635,0.183244526386261,0.04054679349064827
Temnothorax_kubira_OKENT0105406_processed.obj,mandible,379,0.012499300763010979,0.029307496733963486,0.14816538989543915,0.04156595841050148
Temnothorax_kubira_OKENT0105406_processed.obj,leg,3887,0.004148252308368683,0.009434332232922314,0.12894590198993683,0.0188758485019207
Temnothorax_kubira_OKENT0105406_processed.obj,leg_distal,822,0.00979174766689539,0.029043619614094452,0.1552583873271942,0.030436094850301743
Temnothorax_kubira_OKENT0105407_processed.obj,body,2611,0.006492572370916605,0.019738958217203617,0.15900355577468872,0.024529656395316124
Temnothorax_kubira_OKENT0105407_processed.obj,head,2174,0.0031796155963093042,0.008353147096931933,0.07211428135633469,0.016667935997247696
Temnothorax_kubira_OKENT0105407_processed.obj,antenna,362,0.00527903763577342,0.011964724026620386,0.06112043932080269,0.02053162083029747
Temnothorax_kubira_OKENT0105407_processed.obj,mandible,379,0.0044673895463347435,0.01206844737753272,0.07654035091400146,0.02173347771167755
Temnothorax_kubira_OKENT0105407_processed.obj,leg,3887,0.0038283199537545443,0.010283289663493626,0.13631671667099,0.016514239832758904
Temnothorax_kubira_OKENT0105407_processed.obj,leg_distal,822,0.005529204849153757,0.013872317876666781,0.07911428809165955,0.019388386979699135
Temnothorax_nylanderi_CASENT0878031_processed.obj,body,2611,0.00618514372035861,0.015610367991030216,0.15601348876953125,0.024148475378751755
Temnothorax_nylanderi_CASENT0878031_processed.obj,head,2174,0.0034906393848359585,0.009039327874779696,0.022153038531541824,0.018457947298884392
Temnothorax_nylanderi_CASENT0878031_processed.obj,antenna,362,0.006061220541596413,0.015983389411121603,0.13380050659179688,0.01976306363940239
Temnothorax_nylanderi_CASENT0878031_processed.obj,mandible,379,0.0034552307333797216,0.008731057122349737,0.032891564071178436,0.015520637854933739
Temnothorax_nylanderi_CASENT0878031_processed.obj,leg,3887,0.005423630587756634,0.01460084356367587,0.2034284621477127,0.02019009366631508
Temnothorax_nylanderi_CASENT0878031_processed.obj,leg_distal,822,0.00642008800059557,0.01631732787936925,0.09641744941473007,0.021565312519669533
Temnothorax_nylanderi_CASENT0878032_processed.obj,body,2611,0.0074105956591665745,0.020655516535043716,0.16239918768405914,0.031109681352972984
Temnothorax_nylanderi_CASENT0878032_processed.obj,head,2174,0.002596957376226783,0.008656557323411099,0.021103059872984886,0.012766508385539055
Temnothorax_nylanderi_CASENT0878032_processed.obj,antenna,362,0.012127252295613289,0.03958151116967199,0.10492885112762451,0.04111401364207268
Temnothorax_nylanderi_CASENT0878032_processed.obj,mandible,379,0.011538522318005562,0.02891064137220382,0.07828813046216965,0.04178466647863388
Temnothorax_nylanderi_CASENT0878032_processed.obj,leg,3887,0.0071348524652421474,0.01922285240143537,0.19174379110336304,0.0264700036495924
Temnothorax_nylanderi_CASENT0878032_processed.obj,leg_distal,822,0.012426426634192467,0.05079791005700796,0.16613397002220154,0.038116417825222015
Temnothorax_ravouxi_CASENT0745829_processed.obj,body,2611,0.004490145016461611,0.010903922375291586,0.060774318873882294,0.019260767847299576
Temnothorax_ravouxi_CASENT0745829_processed.obj,head,2174,0.0028085524681955576,0.007624250580556689,0.04404006525874138,0.014697711914777756
Temnothorax_ravouxi_CASENT0745829_processed.obj,antenna,362,0.009344968944787979,0.025843550264835355,0.09778101742267609,0.02653193287551403
Temnothorax_ravouxi_CASENT0745829_processed.obj,mandible,379,0.011023839935660362,0.03659999556839464,0.14596906304359436,0.040183309465646744
Temnothorax_ravouxi_CASENT0745829_processed.obj,leg,3887,0.005030292086303234,0.014038385730236769,0.1516418606042862,0.019000757485628128
Temnothorax_ravouxi_CASENT0745829_processed.obj,leg_distal,822,0.008920679800212383,0.030877051316201626,0.13664841651916504,0.025950785726308823
Temnothorax_sp._OKENT0105336_processed.obj,body,2611,0.005889317020773888,0.015747561119496822,0.11191938817501068,0.02503516525030136
Temnothorax_sp._OKENT0105336_processed.obj,head,2174,0.0020928510930389166,0.005413620988838373,0.03502827137708664,0.011256735771894455
Temnothorax_sp._OKENT0105336_processed.obj,antenna,362,0.01844901219010353,0.0605962511152029,0.18526071310043335,0.04567334055900574
Temnothorax_sp._OKENT0105336_processed.obj,mandible,379,0.007182765286415815,0.01716912835836409,0.053858011960983276,0.026780830696225166
Temnothorax_sp._OKENT0105336_processed.obj,leg,3887,0.00494253309443593,0.01347163813188672,0.15465539693832397,0.019381290301680565
Temnothorax_sp._OKENT0105336_processed.obj,leg_distal,822,0.004546378739178181,0.010391020914539676,0.06505923718214035,0.013333345763385296
Terataner_alluaudi_CASENT0840849-D4_processed.obj,body,2611,0.0058942814357578754,0.014636625070124865,0.07712993770837784,0.025346890091896057
Terataner_alluaudi_CASENT0840849-D4_processed.obj,head,2174,0.00337561615742743,0.009049613401293753,0.0396549329161644,0.015806838870048523
Terataner_alluaudi_CASENT0840849-D4_processed.obj,antenna,362,0.007851282134652138,0.02054673274978995,0.09101513773202896,0.026762887835502625
Terataner_alluaudi_CASENT0840849-D4_processed.obj,mandible,379,0.010164394974708557,0.02587276212871071,0.06989765912294388,0.04120732843875885
Terataner_alluaudi_CASENT0840849-D4_processed.obj,leg,3887,0.005129657685756683,0.012038704752922055,0.2730714976787567,0.020182834938168526
Terataner_alluaudi_CASENT0840849-D4_processed.obj,leg_distal,822,0.0057710083201527596,0.01565019767731428,0.11450344324111938,0.02088184654712677
Terataner_luteus_CASENT0744901_processed.obj,body,2611,0.0041663930751383305,0.010025020223110914,0.03878975287079811,0.01940317451953888
Terataner_luteus_CASENT0744901_processed.obj,head,2174,0.0039450181648135185,0.01026513734832406,0.10351462662220001,0.014182029291987419
Terataner_luteus_CASENT0744901_processed.obj,antenna,362,0.011200412176549435,0.03302064128220081,0.08293846249580383,0.0286765918135643
Terataner_luteus_CASENT0744901_processed.obj,mandible,379,0.007441159803420305,0.01691803000867366,0.07421582192182541,0.024582860991358757
Terataner_luteus_CASENT0744901_processed.obj,leg,3887,0.004862686153501272,0.012571467645466326,0.12299693375825882,0.016300583258271217
Terataner_luteus_CASENT0744901_processed.obj,leg_distal,822,0.005872951354831457,0.014933817228302358,0.08389899134635925,0.018369613215327263
Terataner_luteus_CASENT0744902_processed.obj,body,2611,0.004467886872589588,0.011288685258477926,0.025605982169508934,0.01854301616549492
Terataner_luteus_CASENT0744902_processed.obj,head,2174,0.003483898937702179,0.008918802253901948,0.0883893072605133,0.018876835703849792
Terataner_luteus_CASENT0744902_processed.obj,antenna,362,0.009313748218119144,0.021062347572296854,0.08524381369352341,0.022279858589172363
Terataner_luteus_CASENT0744902_processed.obj,mandible,379,0.004125277511775494,0.00994468983262777,0.0618910975754261,0.01752115599811077
Terataner_luteus_CASENT0744902_processed.obj,leg,3887,0.004270901437848806,0.010634409077465533,0.10844335705041885,0.01650075800716877
Terataner_luteus_CASENT0744902_processed.obj,leg_distal,822,0.008531744591891766,0.030922227632254315,0.12242269515991211,0.02417845092713833
Tetramorium_aculeatum_CASENT0744907_processed.obj,body,2611,0.003536732867360115,0.010719229001551867,0.04267778992652893,0.01336855161935091
Tetramorium_aculeatum_CASENT0744907_processed.obj,head,2174,0.004904316272586584,0.013774912757799025,0.0781906247138977,0.013248307630419731
Tetramorium_aculeatum_CASENT0744907_processed.obj,antenna,362,0.005444031208753586,0.013558034086599944,0.04997441545128822,0.013783036731183529
Tetramorium_aculeatum_CASENT0744907_processed.obj,mandible,379,0.0026455349288880825,0.005836842069402322,0.0168001689016819,0.009363663382828236
Tetramorium_aculeatum_CASENT0744907_processed.obj,leg,3887,0.003171083750203252,0.007765133213251829,0.2818925678730011,0.012112593278288841
Tetramorium_aculeatum_CASENT0744907_processed.obj,leg_distal,822,0.005174316465854645,0.014826948242261996,0.08680759370326996,0.014097112230956554
